system,temperature,element,identifier,formula,D_reported_cm2s,D_table_einstein_cm2s,D_table_mpconv_cm2s,msd_tmax_ps
Ag-F-Li,1000.0,Li,Li2AgF3-1000K,Li2AgF3,6.13736e-05,2.0559825995406436e-05,6.167947798621931e-05,34.9
Ag-F-Li,1000.0,Ag,Li2AgF3-1000K,Li2AgF3,5.58009e-05,1.8115401037060553e-05,5.434620311118166e-05,34.9
Ag-F-Li,1000.0,F,Li2AgF3-1000K,Li2AgF3,3.85755e-05,1.1493410392633891e-05,3.448023117790167e-05,34.9
Ag-F-Li,1500.0,Li,Li2AgF3-1500K,Li2AgF3,0.000186396,6.407647969085324e-05,0.00019222943907255973,34.5
Ag-F-Li,1500.0,Ag,Li2AgF3-1500K,Li2AgF3,0.000139475,4.559760887790063e-05,0.0001367928266337019,34.5
Ag-F-Li,1500.0,F,Li2AgF3-1500K,Li2AgF3,0.000168467,4.94032446116685e-05,0.00014820973383500552,34.5
Ag-F-Li,2000.0,Li,Li2AgF3-2000K,Li2AgF3,0.000481266,0.00014478091706938815,0.0004343427512081645,30.5
Ag-F-Li,2000.0,Ag,Li2AgF3-2000K,Li2AgF3,0.000313642,0.0001096358286077192,0.0003289074858231576,30.5
Ag-F-Li,2000.0,F,Li2AgF3-2000K,Li2AgF3,0.000377374,9.865468573360589e-05,0.00029596405720081766,30.5
Ag-F-Li,2500.0,Li,Li2AgF3-2500K,Li2AgF3,0.000714291,0.0001754799750743769,0.0005264399252231307,33.3
Ag-F-Li,2500.0,Ag,Li2AgF3-2500K,Li2AgF3,0.000470895,0.00014485701463786595,0.0004345710439135979,33.3
Ag-F-Li,2500.0,F,Li2AgF3-2500K,Li2AgF3,0.000577559,0.00018907282598314962,0.0005672184779494489,33.3
Ag-Li,1000.0,Li,mp-865875,Li3Ag,0.000310414,0.00010334436509257464,0.0003100330952777239,39.2
Ag-Li,1000.0,Ag,mp-865875,Li3Ag,0.000115639,3.413574747026425e-05,0.00010240724241079276,39.2
Ag-Li,2500.0,Li,mp-865875,Li3Ag,0.00187097,0.0005454638539124946,0.0016363915617374836,34.3
Ag-Li,2500.0,Ag,mp-865875,Li3Ag,0.00134524,0.0005600414597539814,0.001680124379261944,34.3
Ag-Li,1500.0,Li,mp-865875,Li3Ag,0.000760307,0.00024191869858201202,0.0007257560957460361,32.3
Ag-Li,1500.0,Ag,mp-865875,Li3Ag,0.000457635,0.00012644579022049837,0.0003793373706614951,32.3
Ag-Li,2000.0,Li,mp-865875,Li3Ag,0.00128904,0.0003617518174869798,0.0010852554524609394,31.5
Ag-Li,2000.0,Ag,mp-865875,Li3Ag,0.00061057,0.00017140485433441758,0.0005142145630032527,31.5
Ag-Li-O,2500.0,Li,mp-996962,LiAgO2,0.000833314,0.00022752993038003622,0.0006825897911401087,17.8
Ag-Li-O,2500.0,Ag,mp-996962,LiAgO2,0.000526259,0.00018626332902290407,0.0005587899870687122,17.8
Ag-Li-O,2500.0,O,mp-996962,LiAgO2,0.000617967,0.00021335892699700235,0.0006400767809910071,17.8
Ag-Li-O,1500.0,Li,mp-996962,LiAgO2,0.000257266,9.760427135958688e-05,0.00029281281407876066,26.3
Ag-Li-O,1500.0,Ag,mp-996962,LiAgO2,0.000132026,4.2640872896950785e-05,0.00012792261869085236,26.3
Ag-Li-O,1500.0,O,mp-996962,LiAgO2,0.000149864,4.1286778964513055e-05,0.00012386033689353919,26.3
Ag-Li-O,2000.0,Li,mp-996962,LiAgO2,0.000490891,0.00016026170730367112,0.0004807851219110133,19.4
Ag-Li-O,2000.0,Ag,mp-996962,LiAgO2,0.000291201,0.00010447927587705495,0.0003134378276311649,19.4
Ag-Li-O,2000.0,O,mp-996962,LiAgO2,0.000376005,0.00012803405216122926,0.00038410215648368776,19.4
Ag-Li-O,1000.0,Li,mp-996962,LiAgO2,5.13505e-05,1.3477479654287082e-05,4.043243896286125e-05,26.5
Ag-Li-O,1000.0,Ag,mp-996962,LiAgO2,2.58108e-05,9.6017500547329e-06,2.8805250164198706e-05,26.5
Ag-Li-O,1000.0,O,mp-996962,LiAgO2,2.9502e-05,1.0039621526948494e-05,3.011886458084548e-05,26.5
Ag-Li-Si,1000.0,Li,LiSiAg-1000K,LiSiAg,7.94355e-05,2.3854068760831704e-05,7.15622062824951e-05,35.2
Ag-Li-Si,1000.0,Ag,LiSiAg-1000K,LiSiAg,7.42832e-05,2.530890375697806e-05,7.592671127093418e-05,35.2
Ag-Li-Si,1000.0,Si,LiSiAg-1000K,LiSiAg,4.56319e-05,1.6032958476514094e-05,4.8098875429542286e-05,35.2
Ag-Li-Si,1500.0,Li,LiSiAg-1500K,LiSiAg,0.000293395,8.021908228524054e-05,0.0002406572468557216,32.9
Ag-Li-Si,1500.0,Ag,LiSiAg-1500K,LiSiAg,0.000148269,4.6165462471048805e-05,0.0001384963874131464,32.9
Ag-Li-Si,1500.0,Si,LiSiAg-1500K,LiSiAg,0.000236065,8.43293052840473e-05,0.0002529879158521419,32.9
Ag-Li-Si,2000.0,Li,LiSiAg-2000K,LiSiAg,0.000638938,0.00021442060131662434,0.0006432618039498729,35.0
Ag-Li-Si,2000.0,Ag,LiSiAg-2000K,LiSiAg,0.000519476,0.00019245478474981157,0.0005773643542494347,35.0
Ag-Li-Si,2000.0,Si,LiSiAg-2000K,LiSiAg,0.000548644,0.00021724962125760616,0.0006517488637728184,35.0
Ag-Li-Si,2500.0,Li,LiSiAg-2500K,LiSiAg,0.00103866,0.00045539559193736017,0.0013661867758120805,39.9
Ag-Li-Si,2500.0,Ag,LiSiAg-2500K,LiSiAg,0.000644627,0.0001659550517370094,0.0004978651552110283,39.9
Ag-Li-Si,2500.0,Si,LiSiAg-2500K,LiSiAg,0.000706192,0.00019760603186108562,0.0005928180955832569,39.9
Ag-Li-Sn,1000.0,Li,Li12Ag3Sn-1000K,Li12Ag3Sn,0.000259443,9.133300011326378e-05,0.0002739990003397914,35.7
Ag-Li-Sn,1000.0,Ag,Li12Ag3Sn-1000K,Li12Ag3Sn,0.000116737,3.9984756783838574e-05,0.00011995427035151572,35.7
Ag-Li-Sn,1000.0,Sn,Li12Ag3Sn-1000K,Li12Ag3Sn,5.18136e-05,1.7929215937951836e-05,5.3787647813855515e-05,35.7
Ag-Li-Sn,1500.0,Li,Li12Ag3Sn-1500K,Li12Ag3Sn,0.000656922,0.00021043943839845999,0.00063131831519538,33.3
Ag-Li-Sn,1500.0,Ag,Li12Ag3Sn-1500K,Li12Ag3Sn,0.000361631,0.00010586379814495367,0.000317591394434861,33.3
Ag-Li-Sn,1500.0,Sn,Li12Ag3Sn-1500K,Li12Ag3Sn,0.000170099,4.793407500187506e-05,0.00014380222500562516,33.3
Ag-Li-Sn,2000.0,Li,Li12Ag3Sn-2000K,Li12Ag3Sn,0.00110529,0.0003155288107568479,0.0009465864322705438,31.2
Ag-Li-Sn,2000.0,Ag,Li12Ag3Sn-2000K,Li12Ag3Sn,0.000686965,0.00020978561997707306,0.0006293568599312191,31.2
Ag-Li-Sn,2000.0,Sn,Li12Ag3Sn-2000K,Li12Ag3Sn,0.000485318,0.00016124980232499813,0.0004837494069749944,31.2
Ag-Li-Sn,2500.0,Li,Li12Ag3Sn-2500K,Li12Ag3Sn,0.0017062,0.0005839730366299877,0.001751919109889963,32.0
Ag-Li-Sn,2500.0,Ag,Li12Ag3Sn-2500K,Li12Ag3Sn,0.0010044,0.00036988851061864575,0.0011096655318559372,32.0
Ag-Li-Sn,2500.0,Sn,Li12Ag3Sn-2500K,Li12Ag3Sn,0.000930509,0.00040162240459688754,0.0012048672137906628,32.0
Al-F-K-Li,2500.0,Li,mp-556996,K2LiAlF6,0.00059928,0.00011545194151715004,0.00034635582455145014,26.9
Al-F-K-Li,2500.0,Al,mp-556996,K2LiAlF6,0.000169758,9.151508976173776e-05,0.0002745452692852133,26.9
Al-F-K-Li,2500.0,F,mp-556996,K2LiAlF6,0.000330747,0.00010932817494424147,0.0003279845248327244,26.9
Al-F-K-Li,2500.0,K,mp-556996,K2LiAlF6,0.000300232,0.00010805347062567656,0.0003241604118770297,26.9
Al-F-K-Li,2000.0,Li,mp-556996,K2LiAlF6,0.000241679,6.337743295275752e-05,0.00019013229885827258,32.1
Al-F-K-Li,2000.0,Al,mp-556996,K2LiAlF6,6.7696e-05,2.598908778506453e-05,7.796726335519359e-05,32.1
Al-F-K-Li,2000.0,F,mp-556996,K2LiAlF6,0.000146214,4.9432921928265944e-05,0.00014829876578479785,32.1
Al-F-K-Li,2000.0,K,mp-556996,K2LiAlF6,0.000166922,4.0167145734996265e-05,0.00012050143720498878,32.1
Al-F-K-Li,1500.0,Li,mp-556996,K2LiAlF6,8.53611e-05,2.4750249938426684e-05,7.425074981528006e-05,33.4
Al-F-K-Li,1500.0,Al,mp-556996,K2LiAlF6,6.40395e-06,3.717394192404316e-06,1.1152182577212949e-05,33.4
Al-F-K-Li,1500.0,F,mp-556996,K2LiAlF6,1.99041e-05,6.237422077730163e-06,1.871226623319049e-05,33.4
Al-F-K-Li,1500.0,K,mp-556996,K2LiAlF6,1.5685e-05,5.5578411925520926e-06,1.667352357765628e-05,33.4
Al-F-K-Li,1000.0,Li,mp-556996,K2LiAlF6,2.66967e-05,1.2504098180567433e-05,3.7512294541702297e-05,33.9
Al-F-K-Li,1000.0,Al,mp-556996,K2LiAlF6,,2.42108702438082e-07,7.263261073142459e-07,33.9
Al-F-K-Li,1000.0,F,mp-556996,K2LiAlF6,7.22357e-06,1.7187693598886143e-06,5.156308079665843e-06,33.9
Al-F-K-Li,1000.0,K,mp-556996,K2LiAlF6,1.57359e-05,4.4409767841535255e-06,1.3322930352460578e-05,33.9
Al-K-Li-P,1000.0,Li,mp-6450,K2LiAlP2,4.04569e-05,9.274004001485242e-06,2.7822012004455727e-05,17.1
Al-K-Li-P,1000.0,Al,mp-6450,K2LiAlP2,6.97118e-06,2.8894816521629314e-06,8.668444956488795e-06,17.1
Al-K-Li-P,1000.0,K,mp-6450,K2LiAlP2,0.000124813,4.1315628334963703e-05,0.00012394688500489112,17.1
Al-K-Li-P,1000.0,P,mp-6450,K2LiAlP2,2.37583e-05,7.146696409218305e-06,2.1440089227654916e-05,17.1
Al-K-Li-P,2500.0,Li,mp-6450,K2LiAlP2,0.0011938,0.00034975574457792475,0.0010492672337337743,26.3
Al-K-Li-P,2500.0,Al,mp-6450,K2LiAlP2,0.000626359,0.00021295496324433586,0.0006388648897330076,26.3
Al-K-Li-P,2500.0,K,mp-6450,K2LiAlP2,0.000915397,0.0002928295015863986,0.0008784885047591957,26.3
Al-K-Li-P,2500.0,P,mp-6450,K2LiAlP2,0.000572959,0.00018584157933488403,0.0005575247380046521,26.3
Al-K-Li-P,2000.0,Li,mp-6450,K2LiAlP2,0.000630773,0.0003006924172465583,0.0009020772517396749,27.7
Al-K-Li-P,2000.0,Al,mp-6450,K2LiAlP2,0.000236926,6.34419866728755e-05,0.0001903259600186265,27.7
Al-K-Li-P,2000.0,K,mp-6450,K2LiAlP2,0.000579851,0.00018837798381331536,0.000565133951439946,27.7
Al-K-Li-P,2000.0,P,mp-6450,K2LiAlP2,0.000248749,8.906807145839754e-05,0.0002672042143751926,27.7
Al-K-Li-P,1500.0,Li,mp-6450,K2LiAlP2,0.000179077,6.725103696981627e-05,0.00020175311090944883,23.3
Al-K-Li-P,1500.0,Al,mp-6450,K2LiAlP2,4.28572e-05,1.2203011013681462e-05,3.660903304104439e-05,23.3
Al-K-Li-P,1500.0,K,mp-6450,K2LiAlP2,0.000248006,8.88798065498969e-05,0.0002666394196496907,23.3
Al-K-Li-P,1500.0,P,mp-6450,K2LiAlP2,6.60073e-05,1.4865181969925587e-05,4.459554590977676e-05,23.3
Al-Li-Na-P,2000.0,Li,mp-9719,Na2LiAlP2,0.000679453,0.00036195270411234,0.00108585811233702,39.9
Al-Li-Na-P,2000.0,Al,mp-9719,Na2LiAlP2,0.000238081,8.001239558557155e-05,0.00024003718675671466,39.9
Al-Li-Na-P,2000.0,Na,mp-9719,Na2LiAlP2,0.00066417,0.0001870171831686893,0.000561051549506068,39.9
Al-Li-Na-P,2000.0,P,mp-9719,Na2LiAlP2,0.000223752,5.9061942308026194e-05,0.0001771858269240786,39.9
Al-Li-Na-P,2500.0,Li,mp-9719,Na2LiAlP2,0.00117334,0.00039424930545554096,0.0011827479163666228,34.5
Al-Li-Na-P,2500.0,Al,mp-9719,Na2LiAlP2,0.00059444,0.00017992136317629735,0.0005397640895288921,34.5
Al-Li-Na-P,2500.0,Na,mp-9719,Na2LiAlP2,0.00109502,0.00043820999723960226,0.0013146299917188068,34.5
Al-Li-Na-P,2500.0,P,mp-9719,Na2LiAlP2,0.000535214,0.00016121844903443867,0.0004836553471033161,34.5
Al-Li-Na-P,1000.0,Li,mp-9719,Na2LiAlP2,7.38757e-05,3.419030797699036e-05,0.00010257092393097108,39.9
Al-Li-Na-P,1000.0,Al,mp-9719,Na2LiAlP2,2.30749e-08,5.93009805653455e-07,1.779029416960365e-06,39.9
Al-Li-Na-P,1000.0,Na,mp-9719,Na2LiAlP2,5.79711e-05,1.8384451552978357e-05,5.515335465893507e-05,39.9
Al-Li-Na-P,1000.0,P,mp-9719,Na2LiAlP2,1.6833e-06,5.863839801906285e-07,1.7591519405718855e-06,39.9
Al-Li-Na-P,1500.0,Li,mp-9719,Na2LiAlP2,0.000276115,8.157734318450652e-05,0.00024473202955351957,39.5
Al-Li-Na-P,1500.0,Al,mp-9719,Na2LiAlP2,3.60728e-05,1.1298871318030953e-05,3.389661395409286e-05,39.5
Al-Li-Na-P,1500.0,Na,mp-9719,Na2LiAlP2,0.000287739,0.00010194897512312487,0.00030584692536937463,39.5
Al-Li-Na-P,1500.0,P,mp-9719,Na2LiAlP2,3.24679e-05,1.0179468303395725e-05,3.053840491018717e-05,39.5
Al-Li-O,2500.0,Li,mp-8001,LiAlO2,0.000435201,0.00016300948414903045,0.0004890284524470914,39.9
Al-Li-O,2500.0,Al,mp-8001,LiAlO2,3.83531e-05,1.439868730142885e-05,4.319606190428655e-05,39.9
Al-Li-O,2500.0,O,mp-8001,LiAlO2,6.45961e-05,1.718388552752652e-05,5.155165658257957e-05,39.9
Al-Li-O,2000.0,Li,mp-8001,LiAlO2,0.000236006,7.050673313917489e-05,0.00021152019941752466,39.9
Al-Li-O,2000.0,Al,mp-8001,LiAlO2,1.7603e-05,6.665845925421162e-06,1.9997537776263488e-05,39.9
Al-Li-O,2000.0,O,mp-8001,LiAlO2,1.92982e-05,6.203848497803785e-06,1.861154549341135e-05,39.9
Al-Li-O,1500.0,Li,mp-8001,LiAlO2,8.2824e-05,1.5848645021325605e-05,4.754593506397682e-05,39.9
Al-Li-O,1500.0,Al,mp-8001,LiAlO2,,3.938456327366795e-07,1.1815368982100386e-06,39.9
Al-Li-O,1500.0,O,mp-8001,LiAlO2,9.74401e-07,3.142690521247477e-07,9.428071563742431e-07,39.9
Al-Li-O,1000.0,Li,mp-8001,LiAlO2,1.65483e-05,6.923573780216093e-06,2.0770721340648277e-05,39.9
Al-Li-O,1000.0,Al,mp-8001,LiAlO2,,6.709343673501276e-08,2.0128031020503827e-07,39.9
Al-Li-O,1000.0,O,mp-8001,LiAlO2,,7.856666594327444e-08,2.3569999782982332e-07,39.9
Al-Li-Si,1000.0,Li,Li4AlSi-1000K,Li4AlSi,0.000121074,3.9377733913640567e-05,0.0001181332017409217,33.8
Al-Li-Si,1000.0,Al,Li4AlSi-1000K,Li4AlSi,5.75798e-05,1.8743749814709085e-05,5.623124944412726e-05,33.8
Al-Li-Si,1000.0,Si,Li4AlSi-1000K,Li4AlSi,2.04323e-05,8.558242399725338e-06,2.5674727199176014e-05,33.8
Al-Li-Si,1500.0,Li,Li4AlSi-1500K,Li4AlSi,0.00048274,0.00018119884276781434,0.000543596528303443,39.9
Al-Li-Si,1500.0,Al,Li4AlSi-1500K,Li4AlSi,0.000275506,8.511296604541748e-05,0.00025533889813625246,39.9
Al-Li-Si,1500.0,Si,Li4AlSi-1500K,Li4AlSi,0.000201624,6.030214921989387e-05,0.00018090644765968161,39.9
Al-Li-Si,2000.0,Li,Li4AlSi-2000K,Li4AlSi,0.000882108,0.0003048372194304858,0.0009145116582914574,33.3
Al-Li-Si,2000.0,Al,Li4AlSi-2000K,Li4AlSi,0.00053063,0.000162148232518313,0.000486444697554939,33.3
Al-Li-Si,2000.0,Si,Li4AlSi-2000K,Li4AlSi,0.000450296,0.0001404898727468187,0.0004214696182404561,33.3
Al-Li-Si,2500.0,Li,Li4AlSi-2500K,Li4AlSi,0.00140372,0.00041285417512110646,0.0012385625253633194,32.9
Al-Li-Si,2500.0,Al,Li4AlSi-2500K,Li4AlSi,0.000875617,0.0003033545720449659,0.0009100637161348976,32.9
Al-Li-Si,2500.0,Si,Li4AlSi-2500K,Li4AlSi,0.000771741,0.00038308294562078727,0.0011492488368623618,32.9
Al-Li-Sn,1000.0,Li,Li4AlSn-1000K,Li4AlSn,0.000149504,4.9425247436485115e-05,0.00014827574230945534,32.9
Al-Li-Sn,1000.0,Al,Li4AlSn-1000K,Li4AlSn,5.31323e-05,1.818116870951694e-05,5.4543506128550816e-05,32.9
Al-Li-Sn,1000.0,Sn,Li4AlSn-1000K,Li4AlSn,2.04549e-05,6.050014526820642e-06,1.8150043580461926e-05,32.9
Al-Li-Sn,1500.0,Li,Li4AlSn-1500K,Li4AlSn,0.000463044,0.0001539164698978394,0.00046174940969351817,31.7
Al-Li-Sn,1500.0,Al,Li4AlSn-1500K,Li4AlSn,0.00030506,0.00014346843248318588,0.00043040529744955763,31.7
Al-Li-Sn,1500.0,Sn,Li4AlSn-1500K,Li4AlSn,0.00014759,6.0490560651191676e-05,0.00018147168195357502,31.7
Al-Li-Sn,2000.0,Li,Li4AlSn-2000K,Li4AlSn,0.000962709,0.00036285411385903696,0.001088562341577111,39.9
Al-Li-Sn,2000.0,Al,Li4AlSn-2000K,Li4AlSn,0.000596199,0.00017619848345168032,0.000528595450355041,39.9
Al-Li-Sn,2000.0,Sn,Li4AlSn-2000K,Li4AlSn,0.000331049,0.0001065037313726512,0.00031951119411795356,39.9
Al-Li-Sn,2500.0,Li,Li4AlSn-2500K,Li4AlSn,0.00147955,0.0004776871245594543,0.0014330613736783628,39.9
Al-Li-Sn,2500.0,Al,Li4AlSn-2500K,Li4AlSn,0.000871772,0.00022616846784087686,0.0006785054035226306,39.9
Al-Li-Sn,2500.0,Sn,Li4AlSn-2500K,Li4AlSn,0.000848253,0.00026603305142739754,0.0007980991542821926,39.9
As-F-Li,2500.0,Li,mp-9144,LiAsF6,0.000680853,0.0002041720915044592,0.0006125162745133775,14.4
As-F-Li,2500.0,As,mp-9144,LiAsF6,3.28065e-05,5.2777148489708615e-06,1.5833144546912585e-05,14.4
As-F-Li,2500.0,F,mp-9144,LiAsF6,0.00017036,1.3468370665354415e-05,4.040511199606325e-05,14.4
As-F-Li,1500.0,Li,mp-9144,LiAsF6,0.000146565,3.925166155637389e-05,0.00011775498466912167,25.9
As-F-Li,1500.0,As,mp-9144,LiAsF6,1.02774e-05,3.409631081643511e-06,1.0228893244930534e-05,25.9
As-F-Li,1500.0,F,mp-9144,LiAsF6,2.48148e-05,5.20373977546322e-06,1.5611219326389658e-05,25.9
As-F-Li,2000.0,Li,mp-9144,LiAsF6,0.000392799,0.00016528714590850646,0.0004958614377255195,31.5
As-F-Li,2000.0,As,mp-9144,LiAsF6,1.1814e-05,3.549478604904695e-06,1.0648435814714085e-05,31.5
As-F-Li,2000.0,F,mp-9144,LiAsF6,2.8995e-05,6.026616677627877e-06,1.807985003288363e-05,31.5
As-F-Li,1000.0,Li,mp-9144,LiAsF6,4.28991e-05,9.27478913237925e-06,2.782436739713775e-05,21.4
As-F-Li,1000.0,As,mp-9144,LiAsF6,,6.782116735614194e-07,2.034635020684258e-06,21.4
As-F-Li,1000.0,F,mp-9144,LiAsF6,1.11664e-05,3.3473138323643414e-06,1.0041941497093025e-05,21.4
As-Fe-Li,1500.0,Li,mp-21471,LiFeAs,0.000173867,6.468607834840713e-05,0.0001940582350452214,24.6
As-Fe-Li,1500.0,As,mp-21471,LiFeAs,3.23856e-05,1.0776407830810962e-05,3.232922349243289e-05,24.6
As-Fe-Li,1500.0,Fe,mp-21471,LiFeAs,4.35431e-05,1.4277828090880932e-05,4.28334842726428e-05,24.6
As-Fe-Li,2000.0,Li,mp-21471,LiFeAs,0.000394619,0.0001449172658327588,0.0004347517974982764,23.8
As-Fe-Li,2000.0,As,mp-21471,LiFeAs,0.000110267,3.826673923689769e-05,0.00011480021771069307,23.8
As-Fe-Li,2000.0,Fe,mp-21471,LiFeAs,0.000126961,3.782568582630203e-05,0.00011347705747890609,23.8
As-Fe-Li,2500.0,Li,mp-21471,LiFeAs,0.000697569,0.0001637469514867803,0.0004912408544603409,16.2
As-Fe-Li,2500.0,As,mp-21471,LiFeAs,0.000267653,9.168865584893752e-05,0.00027506596754681254,16.2
As-Fe-Li,2500.0,Fe,mp-21471,LiFeAs,0.000337737,0.00011648870603653832,0.00034946611810961496,16.2
As-Fe-Li,1000.0,Li,mp-21471,LiFeAs,4.79119e-05,1.502088240925007e-05,4.506264722775021e-05,17.5
As-Fe-Li,1000.0,As,mp-21471,LiFeAs,,3.1110895449698134e-07,9.333268634909441e-07,17.5
As-Fe-Li,1000.0,Fe,mp-21471,LiFeAs,,8.142680001007633e-07,2.44280400030229e-06,17.5
As-Li-Na-O,1500.0,Li,mp-9066,NaLi2AsO4,0.000160379,6.010530724991287e-05,0.00018031592174973859,25.2
As-Li-Na-O,1500.0,As,mp-9066,NaLi2AsO4,4.08868e-05,1.4118139037992336e-05,4.2354417113977006e-05,25.2
As-Li-Na-O,1500.0,Na,mp-9066,NaLi2AsO4,0.000130953,4.068019373765541e-05,0.00012204058121296624,25.2
As-Li-Na-O,1500.0,O,mp-9066,NaLi2AsO4,4.832e-05,1.5590965487393984e-05,4.677289646218196e-05,25.2
As-Li-Na-O,2000.0,Li,mp-9066,NaLi2AsO4,0.000376433,0.00012833570227946067,0.00038500710683838193,24.8
As-Li-Na-O,2000.0,As,mp-9066,NaLi2AsO4,5.17061e-05,2.031334491807244e-05,6.0940034754217315e-05,24.8
As-Li-Na-O,2000.0,Na,mp-9066,NaLi2AsO4,0.000288874,9.601200465566239e-05,0.00028803601396698716,24.8
As-Li-Na-O,2000.0,O,mp-9066,NaLi2AsO4,7.3133e-05,2.0882765306245843e-05,6.264829591873753e-05,24.8
As-Li-Na-O,1000.0,Li,mp-9066,NaLi2AsO4,4.02102e-05,8.712279531861055e-06,2.6136838595583164e-05,26.8
As-Li-Na-O,1000.0,As,mp-9066,NaLi2AsO4,,2.4614745322444593e-07,7.384423596733376e-07,26.8
As-Li-Na-O,1000.0,Na,mp-9066,NaLi2AsO4,1.77017e-05,5.584236954604708e-06,1.6752710863814124e-05,26.8
As-Li-Na-O,1000.0,O,mp-9066,NaLi2AsO4,2.21311e-06,5.815294216317767e-07,1.7445882648953301e-06,26.8
As-Li-Na-O,2500.0,Li,mp-9066,NaLi2AsO4,0.000717531,0.00027057811429863663,0.00081173434289591,22.0
As-Li-Na-O,2500.0,As,mp-9066,NaLi2AsO4,5.2627e-05,1.7255770302622222e-05,5.176731090786667e-05,22.0
As-Li-Na-O,2500.0,Na,mp-9066,NaLi2AsO4,0.000519808,0.00017858914560825402,0.000535767436824762,22.0
As-Li-Na-O,2500.0,O,mp-9066,NaLi2AsO4,0.00013065,2.216285200790306e-05,6.648855602370918e-05,22.0
As-Li-O,1500.0,Li,mp-9657,LiAsO3,0.000211098,8.327451748422088e-05,0.00024982355245266265,32.1
As-Li-O,1500.0,As,mp-9657,LiAsO3,1.2117e-05,3.5442477029247947e-06,1.0632743108774384e-05,32.1
As-Li-O,1500.0,O,mp-9657,LiAsO3,2.35848e-05,6.7801101898131865e-06,2.0340330569439557e-05,32.1
As-Li-O,2000.0,Li,mp-9657,LiAsO3,0.000374188,0.00012549343747676346,0.00037648031243029035,31.7
As-Li-O,2000.0,As,mp-9657,LiAsO3,7.56282e-05,2.0906811371068744e-05,6.272043411320623e-05,31.7
As-Li-O,2000.0,O,mp-9657,LiAsO3,0.000116384,3.3055707024979546e-05,9.916712107493864e-05,31.7
As-Li-O,1000.0,Li,mp-9657,LiAsO3,4.22246e-05,7.247549890924178e-06,2.1742649672772535e-05,23.7
As-Li-O,1000.0,As,mp-9657,LiAsO3,,8.270921706402677e-07,2.481276511920803e-06,23.7
As-Li-O,1000.0,O,mp-9657,LiAsO3,3.36062e-06,1.0847418193134407e-06,3.2542254579403222e-06,23.7
As-Li-O,2500.0,Li,mp-9657,LiAsO3,0.000771686,0.0002810430627411133,0.0008431291882233398,31.8
As-Li-O,2500.0,As,mp-9657,LiAsO3,0.000162792,6.0586201461605576e-05,0.0001817586043848167,31.8
As-Li-O,2500.0,O,mp-9657,LiAsO3,0.000259668,8.861864129810784e-05,0.0002658559238943235,31.8
As-Li-Si,1000.0,Li,Li9(SiAs2)2-1000K,Li9(SiAs2)2,0.00010766,3.868290995926394e-05,0.0001160487298777918,37.6
As-Li-Si,1000.0,As,Li9(SiAs2)2-1000K,Li9(SiAs2)2,266.236,7.185795801727771e-07,2.155738740518331e-06,37.6
As-Li-Si,1000.0,Si,Li9(SiAs2)2-1000K,Li9(SiAs2)2,4.12996e-06,1.65967504214075e-06,4.97902512642225e-06,37.6
As-Li-Si,1500.0,Li,Li9(SiAs2)2-1500K,Li9(SiAs2)2,0.000390627,0.00015167813589066944,0.0004550344076720083,39.9
As-Li-Si,1500.0,As,Li9(SiAs2)2-1500K,Li9(SiAs2)2,11600.0,3.656940508226417e-05,0.00010970821524679252,39.9
As-Li-Si,1500.0,Si,Li9(SiAs2)2-1500K,Li9(SiAs2)2,0.000158963,4.869329264252274e-05,0.00014607987792756823,39.9
As-Li-Si,2000.0,Li,Li9(SiAs2)2-2000K,Li9(SiAs2)2,0.000814318,0.0003023342758151617,0.0009070028274454851,39.3
As-Li-Si,2000.0,As,Li9(SiAs2)2-2000K,Li9(SiAs2)2,24660.0,7.2209237409864e-05,0.00021662771222959198,39.3
As-Li-Si,2000.0,Si,Li9(SiAs2)2-2000K,Li9(SiAs2)2,0.000375789,0.00018343788032884926,0.0005503136409865478,39.3
As-Li-Si,2500.0,Li,Li9(SiAs2)2-2500K,Li9(SiAs2)2,0.00129965,0.0004434870847809853,0.0013304612543429558,34.4
As-Li-Si,2500.0,As,Li9(SiAs2)2-2500K,Li9(SiAs2)2,0.000486572,0.000192628959711083,0.0005778868791332491,34.4
As-Li-Si,2500.0,Si,Li9(SiAs2)2-2500K,Li9(SiAs2)2,0.000777404,0.00033284997208422184,0.0009985499162526654,34.4
As-Li-Sn,1000.0,Li,Li14(Sn4As3)3-1000K,Li14(Sn4As3)3,0.000158299,3.866039547312941e-05,0.00011598118641938823,33.4
As-Li-Sn,1000.0,As,Li14(Sn4As3)3-1000K,Li14(Sn4As3)3,5.02534e-05,1.6164438202551603e-05,4.849331460765481e-05,33.4
As-Li-Sn,1000.0,Sn,Li14(Sn4As3)3-1000K,Li14(Sn4As3)3,10380.0,3.621789148317818e-05,0.00010865367444953454,33.4
As-Li-Sn,1500.0,Li,Li14(Sn4As3)3-1500K,Li14(Sn4As3)3,0.000526199,0.00016633064549285647,0.0004989919364785693,7.5
As-Li-Sn,1500.0,As,Li14(Sn4As3)3-1500K,Li14(Sn4As3)3,0.000273956,9.696480275465106e-05,0.00029089440826395317,7.5
As-Li-Sn,1500.0,Sn,Li14(Sn4As3)3-1500K,Li14(Sn4As3)3,24941.1,8.1341656593689e-05,0.000244024969781067,7.5
As-Li-Sn,2000.0,Li,Li14(Sn4As3)3-2000K,Li14(Sn4As3)3,0.000869475,0.00031459682748188845,0.0009437904824456655,26.5
As-Li-Sn,2000.0,As,Li14(Sn4As3)3-2000K,Li14(Sn4As3)3,0.000464382,0.00014590556026590243,0.00043771668079770727,26.5
As-Li-Sn,2000.0,Sn,Li14(Sn4As3)3-2000K,Li14(Sn4As3)3,51121.0,0.00017319090846668265,0.0005195727254000479,26.5
As-Li-Sn,2500.0,Li,Li14(Sn4As3)3-2500K,Li14(Sn4As3)3,0.00124373,0.00042028704610593665,0.00126086113831781,32.8
As-Li-Sn,2500.0,As,Li14(Sn4As3)3-2500K,Li14(Sn4As3)3,0.000792775,0.00030850150473972086,0.0009255045142191626,32.8
As-Li-Sn,2500.0,Sn,Li14(Sn4As3)3-2500K,Li14(Sn4As3)3,68881.8,0.0002572149473602701,0.0007716448420808103,32.8
Au-Li,1500.0,Li,mp-11247,Li3Au,0.000607811,0.00023112216218764951,0.0006933664865629485,33.0
Au-Li,1500.0,Au,mp-11247,Li3Au,0.000216134,6.693988498612634e-05,0.000200819654958379,33.0
Au-Li,1000.0,Li,mp-11247,Li3Au,0.00023015,6.0266471956410695e-05,0.00018079941586923208,31.9
Au-Li,1000.0,Au,mp-11247,Li3Au,7.20996e-05,2.487249106912759e-05,7.461747320738278e-05,31.9
Au-Li,2500.0,Li,mp-11247,Li3Au,0.00162106,0.0005969219426866702,0.0017907658280600107,32.4
Au-Li,2500.0,Au,mp-11247,Li3Au,0.000633045,0.00022886927608474004,0.0006866078282542202,32.4
Au-Li,2000.0,Li,mp-11247,Li3Au,0.0010525,0.000265093696110159,0.0007952810883304769,35.1
Au-Li,2000.0,Au,mp-11247,Li3Au,0.000380524,0.00013419242985749597,0.00040257728957248794,35.1
Au-Li-Si,1000.0,Li,Li5Si4Au-1000K,Li5Si4Au,9.02732e-05,2.4173164226014888e-05,7.251949267804467e-05,37.4
Au-Li-Si,1000.0,Au,Li5Si4Au-1000K,Li5Si4Au,2.62793e-05,8.056755165753617e-06,2.4170265497260848e-05,37.4
Au-Li-Si,1000.0,Si,Li5Si4Au-1000K,Li5Si4Au,3.25724e-05,1.1175763815142578e-05,3.3527291445427734e-05,37.4
Au-Li-Si,1500.0,Li,Li5Si4Au-1500K,Li5Si4Au,0.000402893,0.00012163628349834393,0.0003649088504950318,31.5
Au-Li-Si,1500.0,Au,Li5Si4Au-1500K,Li5Si4Au,0.000185781,7.52944659817392e-05,0.0002258833979452176,31.5
Au-Li-Si,1500.0,Si,Li5Si4Au-1500K,Li5Si4Au,0.000264746,7.286589348667176e-05,0.0002185976804600153,31.5
Au-Li-Si,2000.0,Li,Li5Si4Au-2000K,Li5Si4Au,0.000808254,0.00031660245302963017,0.0009498073590888906,31.2
Au-Li-Si,2000.0,Au,Li5Si4Au-2000K,Li5Si4Au,0.000374372,0.00011745458472650932,0.000352363754179528,31.2
Au-Li-Si,2000.0,Si,Li5Si4Au-2000K,Li5Si4Au,0.000545557,0.00021469157980344444,0.0006440747394103332,31.2
Au-Li-Si,2500.0,Li,Li5Si4Au-2500K,Li5Si4Au,0.00120786,0.0003982926817014241,0.0011948780451042722,29.9
Au-Li-Si,2500.0,Au,Li5Si4Au-2500K,Li5Si4Au,0.000676873,0.00023591652825361546,0.0007077495847608463,29.9
Au-Li-Si,2500.0,Si,Li5Si4Au-2500K,Li5Si4Au,0.000819678,0.0002694096747670538,0.0008082290243011614,29.9
Au-Li-Sn,1000.0,Li,mp-30405,Li2SnAu,7.05809e-05,2.300202444738956e-05,6.900607334216868e-05,31.7
Au-Li-Sn,1000.0,Au,mp-30405,Li2SnAu,3.62801e-05,1.1654165643894494e-05,3.496249693168349e-05,31.7
Au-Li-Sn,1000.0,Sn,mp-30405,Li2SnAu,2.10866e-05,6.934144169323832e-06,2.0802432507971496e-05,31.7
Au-Li-Sn,1500.0,Li,mp-30405,Li2SnAu,0.000283059,0.00010034019813349032,0.00030102059440047094,35.4
Au-Li-Sn,1500.0,Au,mp-30405,Li2SnAu,0.000196549,6.861117755436398e-05,0.00020583353266309193,35.4
Au-Li-Sn,1500.0,Sn,mp-30405,Li2SnAu,0.000134251,4.319627147177428e-05,0.0001295888144153228,35.4
Au-Li-Sn,2000.0,Li,mp-30405,Li2SnAu,0.000699962,0.000213587589764972,0.000640762769294916,26.8
Au-Li-Sn,2000.0,Au,mp-30405,Li2SnAu,0.000362564,0.00012008026071620275,0.00036024078214860826,26.8
Au-Li-Sn,2000.0,Sn,mp-30405,Li2SnAu,0.000349881,0.00010939819602599495,0.0003281945880779848,26.8
Au-Li-Sn,2500.0,Li,mp-30405,Li2SnAu,0.00107971,0.00040835539677150525,0.0012250661903145158,30.1
Au-Li-Sn,2500.0,Au,mp-30405,Li2SnAu,0.000385027,0.00011702941615139009,0.0003510882484541703,30.1
Au-Li-Sn,2500.0,Sn,mp-30405,Li2SnAu,0.000519949,0.00019780934413270634,0.000593428032398119,30.1
B-Bi-Li-O,1000.0,Li,LiBiB2O5-1000K,LiBiB2O5,1.6488e-05,4.528151836797595e-06,1.3584455510392784e-05,30.7
B-Bi-Li-O,1000.0,B,LiBiB2O5-1000K,LiBiB2O5,,1.2085265791450757e-07,3.625579737435227e-07,30.7
B-Bi-Li-O,1000.0,Bi,LiBiB2O5-1000K,LiBiB2O5,,5.8057704950139e-07,1.74173114850417e-06,30.7
B-Bi-Li-O,1000.0,O,LiBiB2O5-1000K,LiBiB2O5,1.12724e-06,3.0592125015250464e-07,9.17763750457514e-07,30.7
B-Bi-Li-O,1500.0,Li,LiBiB2O5-1500K,LiBiB2O5,7.59092e-05,2.3075152105953313e-05,6.922545631785994e-05,20.7
B-Bi-Li-O,1500.0,B,LiBiB2O5-1500K,LiBiB2O5,1.46834e-05,4.976034225019668e-06,1.4928102675059005e-05,20.7
B-Bi-Li-O,1500.0,Bi,LiBiB2O5-1500K,LiBiB2O5,1.56925e-05,5.340925874639389e-06,1.6022777623918166e-05,20.7
B-Bi-Li-O,1500.0,O,LiBiB2O5-1500K,LiBiB2O5,2.97834e-05,8.974601153947022e-06,2.692380346184106e-05,20.7
B-Bi-Li-O,2000.0,Li,LiBiB2O5-2000K,LiBiB2O5,0.000197617,5.5173203600385624e-05,0.00016551961080115687,25.9
B-Bi-Li-O,2000.0,B,LiBiB2O5-2000K,LiBiB2O5,4.19323e-05,1.0619790630778711e-05,3.1859371892336134e-05,25.9
B-Bi-Li-O,2000.0,Bi,LiBiB2O5-2000K,LiBiB2O5,3.34272e-05,1.0759514121793552e-05,3.227854236538066e-05,25.9
B-Bi-Li-O,2000.0,O,LiBiB2O5-2000K,LiBiB2O5,7.6511e-05,1.4723949919130929e-05,4.417184975739278e-05,25.9
B-Bi-Li-O,2500.0,Li,LiBiB2O5-2500K,LiBiB2O5,0.000425573,6.433901739955982e-05,0.00019301705219867946,31.2
B-Bi-Li-O,2500.0,B,LiBiB2O5-2500K,LiBiB2O5,0.000121829,2.9635951892455992e-05,8.890785567736799e-05,31.2
B-Bi-Li-O,2500.0,Bi,LiBiB2O5-2500K,LiBiB2O5,6.29019e-05,1.7589466213265114e-05,5.2768398639795334e-05,31.2
B-Bi-Li-O,2500.0,O,LiBiB2O5-2500K,LiBiB2O5,0.000172886,5.62848659798355e-05,0.00016885459793950652,31.2
B-Cu-Li-O,1000.0,Li,LiCuBO3-1000K,LiCuBO3,1.9509e-05,6.701744652432949e-06,2.0105233957298848e-05,35.9
B-Cu-Li-O,1000.0,B,LiCuBO3-1000K,LiCuBO3,2.30357e-06,6.2999802996384e-07,1.8899940898915201e-06,35.9
B-Cu-Li-O,1000.0,Cu,LiCuBO3-1000K,LiCuBO3,5.66557e-06,1.926445247224504e-06,5.779335741673513e-06,35.9
B-Cu-Li-O,1000.0,O,LiCuBO3-1000K,LiCuBO3,4.57516e-06,1.2325822527060334e-06,3.6977467581181003e-06,35.9
B-Cu-Li-O,1500.0,Li,LiCuBO3-1500K,LiCuBO3,0.000119525,4.537407020644715e-05,0.00013612221061934146,33.7
B-Cu-Li-O,1500.0,B,LiCuBO3-1500K,LiCuBO3,1.99418e-05,7.3181223121576895e-06,2.195436693647307e-05,33.7
B-Cu-Li-O,1500.0,Cu,LiCuBO3-1500K,LiCuBO3,3.45333e-05,9.422595874211343e-06,2.826778762263403e-05,33.7
B-Cu-Li-O,1500.0,O,LiCuBO3-1500K,LiCuBO3,3.34128e-05,1.0247952138056243e-05,3.074385641416873e-05,33.7
B-Cu-Li-O,2000.0,Li,LiCuBO3-2000K,LiCuBO3,0.000353256,0.00014857282020061974,0.0004457184606018592,31.4
B-Cu-Li-O,2000.0,B,LiCuBO3-2000K,LiCuBO3,9.24261e-05,2.497259048922542e-05,7.491777146767626e-05,31.4
B-Cu-Li-O,2000.0,Cu,LiCuBO3-2000K,LiCuBO3,0.000184574,8.715605023196287e-05,0.0002614681506958886,31.4
B-Cu-Li-O,2000.0,O,LiCuBO3-2000K,LiCuBO3,0.000123998,2.825588326608482e-05,8.476764979825447e-05,31.4
B-Cu-Li-O,2500.0,Li,LiCuBO3-2500K,LiCuBO3,0.000709264,0.0001747308095209235,0.0005241924285627705,31.1
B-Cu-Li-O,2500.0,B,LiCuBO3-2500K,LiCuBO3,0.000173251,5.296620867892218e-05,0.00015889862603676654,31.1
B-Cu-Li-O,2500.0,Cu,LiCuBO3-2500K,LiCuBO3,0.000302462,8.404551689519437e-05,0.0002521365506855831,31.1
B-Cu-Li-O,2500.0,O,LiCuBO3-2500K,LiCuBO3,0.000230316,8.78649488629565e-05,0.0002635948465888695,31.1
B-Li,1000.0,Li,Li3B-1000K,Li3B,0.00032992,0.00012631073066129907,0.0003789321919838972,37.8
B-Li,1000.0,B,Li3B-1000K,Li3B,3.62262e-05,1.3074726714597494e-05,3.922418014379248e-05,37.8
B-Li,1500.0,Li,Li3B-1500K,Li3B,0.000762156,0.000265715542955122,0.000797146628865366,34.4
B-Li,1500.0,B,Li3B-1500K,Li3B,0.000126542,5.6048191021492016e-05,0.00016814457306447604,34.4
B-Li,2000.0,Li,Li3B-2000K,Li3B,0.00140885,0.0004613690892695706,0.001384107267808712,36.3
B-Li,2000.0,B,Li3B-2000K,Li3B,0.000177626,6.188303955959906e-05,0.0001856491186787972,36.3
B-Li,2500.0,Li,Li3B-2500K,Li3B,0.00195611,0.0005882813660150884,0.0017648440980452653,34.4
B-Li,2500.0,B,Li3B-2500K,Li3B,0.000389305,8.359826721488028e-05,0.00025079480164464084,34.4
B-Li-O-V,1000.0,Li,Li3V3(BO5)2-1000K,Li3V3(BO5)2,1.58135e-05,6.258008835368896e-06,1.8774026506106687e-05,36.5
B-Li-O-V,1000.0,B,Li3V3(BO5)2-1000K,Li3V3(BO5)2,,2.831883523560349e-07,8.495650570681047e-07,36.5
B-Li-O-V,1000.0,O,Li3V3(BO5)2-1000K,Li3V3(BO5)2,1.2546e-06,4.628340862438637e-07,1.3885022587315913e-06,36.5
B-Li-O-V,1000.0,V,Li3V3(BO5)2-1000K,Li3V3(BO5)2,,3.6051181083170503e-07,1.081535432495115e-06,36.5
B-Li-O-V,1500.0,Li,Li3V3(BO5)2-1500K,Li3V3(BO5)2,0.000124198,2.3138780990179006e-05,6.941634297053702e-05,35.6
B-Li-O-V,1500.0,B,Li3V3(BO5)2-1500K,Li3V3(BO5)2,1.06903e-05,3.6588937146655863e-06,1.0976681143996759e-05,35.6
B-Li-O-V,1500.0,O,Li3V3(BO5)2-1500K,Li3V3(BO5)2,1.67419e-05,5.512480679645969e-06,1.6537442038937908e-05,35.6
B-Li-O-V,1500.0,V,Li3V3(BO5)2-1500K,Li3V3(BO5)2,1.51908e-05,5.064471475002958e-06,1.5193414425008875e-05,35.6
B-Li-O-V,2000.0,Li,Li3V3(BO5)2-2000K,Li3V3(BO5)2,0.000292906,0.00012015076119224608,0.00036045228357673825,29.5
B-Li-O-V,2000.0,B,Li3V3(BO5)2-2000K,Li3V3(BO5)2,5.25141e-05,2.111481222163235e-05,6.334443666489704e-05,29.5
B-Li-O-V,2000.0,O,Li3V3(BO5)2-2000K,Li3V3(BO5)2,7.38619e-05,2.8350037222669664e-05,8.505011166800898e-05,29.5
B-Li-O-V,2000.0,V,Li3V3(BO5)2-2000K,Li3V3(BO5)2,4.82805e-05,1.632792135895371e-05,4.898376407686113e-05,29.5
B-Li-O-V,2500.0,Li,Li3V3(BO5)2-2500K,Li3V3(BO5)2,0.000577003,0.00014055096343455658,0.00042165289030366977,32.2
B-Li-O-V,2500.0,B,Li3V3(BO5)2-2500K,Li3V3(BO5)2,0.000150877,3.5771230002403726e-05,0.00010731369000721119,32.2
B-Li-O-V,2500.0,O,Li3V3(BO5)2-2500K,Li3V3(BO5)2,0.000162217,4.787450540168796e-05,0.00014362351620506386,32.2
B-Li-O-V,2500.0,V,Li3V3(BO5)2-2500K,Li3V3(BO5)2,0.000140364,5.2069837181507406e-05,0.00015620951154452222,32.2
B-Li-Si,1000.0,Li,Li6SiB3-1000K,Li6SiB3,0.000168186,4.937908878063518e-05,0.00014813726634190554,32.6
B-Li-Si,1000.0,B,Li6SiB3-1000K,Li6SiB3,9.98942e-06,1.6536715596627228e-06,4.961014678988169e-06,32.6
B-Li-Si,1000.0,Si,Li6SiB3-1000K,Li6SiB3,2.01424e-05,7.47849885092816e-06,2.2435496552784484e-05,32.6
B-Li-Si,1500.0,Li,Li6SiB3-1500K,Li6SiB3,0.000455207,0.00013326509157184378,0.0003997952747155313,33.4
B-Li-Si,1500.0,B,Li6SiB3-1500K,Li6SiB3,5.78854e-05,2.1076131626520867e-05,6.32283948795626e-05,33.4
B-Li-Si,1500.0,Si,Li6SiB3-1500K,Li6SiB3,0.000125388,3.475505135215016e-05,0.00010426515405645048,33.4
B-Li-Si,2000.0,Li,Li6SiB3-2000K,Li6SiB3,0.000924566,0.0002480313653286511,0.0007440940959859533,33.8
B-Li-Si,2000.0,B,Li6SiB3-2000K,Li6SiB3,0.000162076,2.118245749306893e-05,6.354737247920679e-05,33.8
B-Li-Si,2000.0,Si,Li6SiB3-2000K,Li6SiB3,0.000392346,8.189612698954624e-05,0.0002456883809686387,33.8
B-Li-Si,2500.0,Li,Li6SiB3-2500K,Li6SiB3,0.00138458,0.0004924506199471058,0.0014773518598413173,39.9
B-Li-Si,2500.0,B,Li6SiB3-2500K,Li6SiB3,0.000390501,0.00010903513175141935,0.00032710539525425804,39.9
B-Li-Si,2500.0,Si,Li6SiB3-2500K,Li6SiB3,0.000546624,0.0001409402419529853,0.0004228207258589559,39.9
B-Li-Sn,1000.0,Li,Li12SnB2-1000K,Li12SnB2,0.000299354,0.00010187661075109573,0.0003056298322532872,29.7
B-Li-Sn,1000.0,B,Li12SnB2-1000K,Li12SnB2,4.61814e-05,8.201626115731437e-06,2.460487834719431e-05,29.7
B-Li-Sn,1000.0,Sn,Li12SnB2-1000K,Li12SnB2,3.85905e-05,1.0205924835812069e-05,3.06177745074362e-05,29.7
B-Li-Sn,1500.0,Li,Li12SnB2-1500K,Li12SnB2,0.000857356,0.00030352995429608164,0.0009105898628882449,39.9
B-Li-Sn,1500.0,B,Li12SnB2-1500K,Li12SnB2,0.000176087,3.442294405429492e-05,0.00010326883216288477,39.9
B-Li-Sn,1500.0,Sn,Li12SnB2-1500K,Li12SnB2,0.000242558,8.764103135471105e-05,0.00026292309406413314,39.9
B-Li-Sn,2000.0,Li,Li12SnB2-2000K,Li12SnB2,0.00142741,0.00039150554953147,0.0011745166485944102,32.6
B-Li-Sn,2000.0,B,Li12SnB2-2000K,Li12SnB2,0.000294548,5.064717684377477e-05,0.0001519415305313243,32.6
B-Li-Sn,2000.0,Sn,Li12SnB2-2000K,Li12SnB2,0.000343418,5.542181434667443e-05,0.00016626544304002328,32.6
B-Li-Sn,2500.0,Li,Li12SnB2-2500K,Li12SnB2,0.00219086,0.0008061395370259124,0.0024184186110777373,34.1
B-Li-Sn,2500.0,B,Li12SnB2-2500K,Li12SnB2,0.000381293,6.682006844958336e-05,0.0002004602053487501,34.1
B-Li-Sn,2500.0,Sn,Li12SnB2-2500K,Li12SnB2,0.000823546,0.00036755938281115647,0.0011026781484334695,34.1
Ba-Ge-Li-Mg,2500.0,Li,mp-569396,BaLi2(MgGe)2,0.00117924,0.00033033969688736473,0.0009910190906620943,23.1
Ba-Ge-Li-Mg,2500.0,Ba,mp-569396,BaLi2(MgGe)2,0.000400213,0.00013827239584403566,0.00041481718753210697,23.1
Ba-Ge-Li-Mg,2500.0,Ge,mp-569396,BaLi2(MgGe)2,0.000711421,0.00023744594791954443,0.0007123378437586332,23.1
Ba-Ge-Li-Mg,2500.0,Mg,mp-569396,BaLi2(MgGe)2,0.00080849,0.00025063033710131236,0.000751891011303937,23.1
Ba-Ge-Li-Mg,1500.0,Li,mp-569396,BaLi2(MgGe)2,0.00041196,0.00012864056427443527,0.00038592169282330584,25.8
Ba-Ge-Li-Mg,1500.0,Ba,mp-569396,BaLi2(MgGe)2,0.000105276,3.0407207201400774e-05,9.122162160420231e-05,25.8
Ba-Ge-Li-Mg,1500.0,Ge,mp-569396,BaLi2(MgGe)2,0.000196532,6.45279163846906e-05,0.0001935837491540718,25.8
Ba-Ge-Li-Mg,1500.0,Mg,mp-569396,BaLi2(MgGe)2,0.000238475,5.5824526011622815e-05,0.00016747357803486844,25.8
Ba-Ge-Li-Mg,1000.0,Li,mp-569396,BaLi2(MgGe)2,0.000115592,3.773772791255356e-05,0.00011321318373766068,13.5
Ba-Ge-Li-Mg,1000.0,Ba,mp-569396,BaLi2(MgGe)2,1.88753e-05,8.485051407073645e-06,2.5455154221220934e-05,13.5
Ba-Ge-Li-Mg,1000.0,Ge,mp-569396,BaLi2(MgGe)2,2.75978e-05,9.142937966862935e-06,2.7428813900588807e-05,13.5
Ba-Ge-Li-Mg,1000.0,Mg,mp-569396,BaLi2(MgGe)2,6.49045e-05,2.4802357578462e-05,7.4407072735386e-05,13.5
Ba-Ge-Li-Mg,2000.0,Li,mp-569396,BaLi2(MgGe)2,0.0007377,0.00019943447577215625,0.0005983034273164688,14.6
Ba-Ge-Li-Mg,2000.0,Ba,mp-569396,BaLi2(MgGe)2,0.000302942,7.56506871035941e-05,0.0002269520613107823,14.6
Ba-Ge-Li-Mg,2000.0,Ge,mp-569396,BaLi2(MgGe)2,0.000434641,0.00014710721671405312,0.00044132165014215935,14.6
Ba-Ge-Li-Mg,2000.0,Mg,mp-569396,BaLi2(MgGe)2,0.000481421,0.00018093298765522106,0.0005427989629656632,14.6
Ba-Li,1000.0,Li,BaLi-1000K,BaLi,0.00033921,9.214749579408347e-05,0.00027644248738225045,30.7
Ba-Li,1000.0,Ba,BaLi-1000K,BaLi,0.00012854,4.376736057868274e-05,0.0001313020817360482,30.7
Ba-Li,1500.0,Li,BaLi-1500K,BaLi,0.00075119,0.00022681614381519664,0.0006804484314455899,19.7
Ba-Li,1500.0,Ba,BaLi-1500K,BaLi,0.000315498,0.00010527101546398654,0.00031581304639195963,19.7
Ba-Li,2000.0,Li,BaLi-2000K,BaLi,0.00139248,0.0004918359676674002,0.0014755079030022006,30.4
Ba-Li,2000.0,Ba,BaLi-2000K,BaLi,0.00057912,0.00021020616421770202,0.000630618492653106,30.4
Ba-Li,2500.0,Li,BaLi-2500K,BaLi,0.00197413,0.0007863396692209995,0.0023590190076629987,23.4
Ba-Li,2500.0,Ba,BaLi-2500K,BaLi,0.000800827,0.0002970433672246243,0.0008911301016738728,23.4
Ba-Li-Si,1000.0,Li,Ba3LiSi6-1000K,Ba3LiSi6,6.12484e-05,2.0262689454900804e-05,6.078806836470241e-05,24.6
Ba-Li-Si,1000.0,Ba,Ba3LiSi6-1000K,Ba3LiSi6,1.44588e-05,4.784738972967937e-06,1.4354216918903812e-05,24.6
Ba-Li-Si,1000.0,Si,Ba3LiSi6-1000K,Ba3LiSi6,2.90852e-05,9.633441859527964e-06,2.8900325578583893e-05,24.6
Ba-Li-Si,1500.0,Li,Ba3LiSi6-1500K,Ba3LiSi6,0.000217017,3.896284561788899e-05,0.00011688853685366696,32.2
Ba-Li-Si,1500.0,Ba,Ba3LiSi6-1500K,Ba3LiSi6,8.58031e-05,2.9978596479221206e-05,8.993578943766362e-05,32.2
Ba-Li-Si,1500.0,Si,Ba3LiSi6-1500K,Ba3LiSi6,0.000141189,4.7208891780398136e-05,0.0001416266753411944,32.2
Ba-Li-Si,2000.0,Li,Ba3LiSi6-2000K,Ba3LiSi6,0.000448435,0.00016583067605840487,0.0004974920281752146,29.3
Ba-Li-Si,2000.0,Ba,Ba3LiSi6-2000K,Ba3LiSi6,0.00018675,6.298451793968744e-05,0.0001889535538190623,29.3
Ba-Li-Si,2000.0,Si,Ba3LiSi6-2000K,Ba3LiSi6,0.00033481,0.00011314352368112113,0.0003394305710433634,29.3
Ba-Li-Si,2500.0,Li,Ba3LiSi6-2500K,Ba3LiSi6,0.000971199,0.0003485929678009784,0.0010457789034029352,23.8
Ba-Li-Si,2500.0,Ba,Ba3LiSi6-2500K,Ba3LiSi6,0.000246817,7.202534315254387e-05,0.00021607602945763162,23.8
Ba-Li-Si,2500.0,Si,Ba3LiSi6-2500K,Ba3LiSi6,0.000596208,0.0001744163081245828,0.0005232489243737484,23.8
Bi-Li-O,2500.0,Li,mp-38487,Li7BiO6,0.00077416,0.00023517811201350465,0.000705534336040514,28.0
Bi-Li-O,2500.0,Bi,mp-38487,Li7BiO6,0.000262604,0.00010183426490214835,0.0003055027947064451,28.0
Bi-Li-O,2500.0,O,mp-38487,Li7BiO6,0.000392289,0.00014803757993311767,0.000444112739799353,28.0
Bi-Li-O,1500.0,Li,mp-38487,Li7BiO6,0.000228731,6.25310447949289e-05,0.00018759313438478672,35.9
Bi-Li-O,1500.0,Bi,mp-38487,Li7BiO6,5.61391e-06,1.562216489638283e-06,4.686649468914849e-06,35.9
Bi-Li-O,1500.0,O,mp-38487,Li7BiO6,6.06432e-06,1.8991945079523853e-06,5.697583523857156e-06,35.9
Bi-Li-O,2000.0,Li,mp-38487,Li7BiO6,0.000467611,0.00013574844517940754,0.0004072453355382226,35.3
Bi-Li-O,2000.0,Bi,mp-38487,Li7BiO6,6.80608e-05,2.2100107085326946e-05,6.630032125598084e-05,35.3
Bi-Li-O,2000.0,O,mp-38487,Li7BiO6,0.000180659,7.475690027074126e-05,0.00022427070081222378,35.3
Bi-Li-O,1000.0,Li,mp-38487,Li7BiO6,4.95922e-05,1.694059040968998e-05,5.082177122906994e-05,34.6
Bi-Li-O,1000.0,Bi,mp-38487,Li7BiO6,,5.205338290526134e-07,1.5616014871578401e-06,34.6
Bi-Li-O,1000.0,O,mp-38487,Li7BiO6,5.51898e-06,1.4831182645856555e-06,4.449354793756966e-06,34.6
Bi-Li-O-P,1000.0,Li,Li3Bi2(PO4)3-1000K,Li3Bi2(PO4)3,1.38904e-05,4.643310523873133e-06,1.3929931571619398e-05,34.0
Bi-Li-O-P,1000.0,Bi,Li3Bi2(PO4)3-1000K,Li3Bi2(PO4)3,,1.5412309652204032e-07,4.62369289566121e-07,34.0
Bi-Li-O-P,1000.0,O,Li3Bi2(PO4)3-1000K,Li3Bi2(PO4)3,2.83194e-06,7.80475205490102e-07,2.341425616470306e-06,34.0
Bi-Li-O-P,1000.0,P,Li3Bi2(PO4)3-1000K,Li3Bi2(PO4)3,,2.995811389652581e-07,8.987434168957743e-07,34.0
Bi-Li-O-P,1500.0,Li,Li3Bi2(PO4)3-1500K,Li3Bi2(PO4)3,0.000108905,4.880110222918477e-05,0.00014640330668755431,33.5
Bi-Li-O-P,1500.0,Bi,Li3Bi2(PO4)3-1500K,Li3Bi2(PO4)3,7.84024e-06,2.7225573214258416e-06,8.167671964277525e-06,33.5
Bi-Li-O-P,1500.0,O,Li3Bi2(PO4)3-1500K,Li3Bi2(PO4)3,1.37726e-05,1.944946858887052e-06,5.834840576661156e-06,33.5
Bi-Li-O-P,1500.0,P,Li3Bi2(PO4)3-1500K,Li3Bi2(PO4)3,4.13656e-06,1.2892319580461836e-06,3.867695874138551e-06,33.5
Bi-Li-O-P,2000.0,Li,Li3Bi2(PO4)3-2000K,Li3Bi2(PO4)3,0.000277885,0.00010321248849180254,0.0003096374654754076,34.9
Bi-Li-O-P,2000.0,Bi,Li3Bi2(PO4)3-2000K,Li3Bi2(PO4)3,3.03873e-05,1.1026644677181968e-05,3.30799340315459e-05,34.9
Bi-Li-O-P,2000.0,O,Li3Bi2(PO4)3-2000K,Li3Bi2(PO4)3,3.45786e-05,7.835617183847166e-06,2.35068515515415e-05,34.9
Bi-Li-O-P,2000.0,P,Li3Bi2(PO4)3-2000K,Li3Bi2(PO4)3,1.90344e-05,8.200404518405017e-06,2.4601213555215053e-05,34.9
Bi-Li-O-P,2500.0,Li,Li3Bi2(PO4)3-2500K,Li3Bi2(PO4)3,0.0005794,0.00019449200882430112,0.0005834760264729034,34.9
Bi-Li-O-P,2500.0,Bi,Li3Bi2(PO4)3-2500K,Li3Bi2(PO4)3,0.000117709,4.304968922737693e-05,0.00012914906768213077,34.9
Bi-Li-O-P,2500.0,O,Li3Bi2(PO4)3-2500K,Li3Bi2(PO4)3,0.000112266,2.872665719663224e-05,8.617997158989673e-05,34.9
Bi-Li-O-P,2500.0,P,Li3Bi2(PO4)3-2500K,Li3Bi2(PO4)3,8.15791e-05,2.8934369216881062e-05,8.680310765064319e-05,34.9
Bi-Li-S,1000.0,Li,Li3BiS3-1000K,Li3BiS3,0.000162086,5.00633318749828e-05,0.0001501899956249484,32.9
Bi-Li-S,1000.0,Bi,Li3BiS3-1000K,Li3BiS3,1.26963e-05,4.074623898861587e-06,1.2223871696584762e-05,32.9
Bi-Li-S,1000.0,S,Li3BiS3-1000K,Li3BiS3,2.27808e-05,7.508326534997713e-06,2.2524979604993138e-05,32.9
Bi-Li-S,1500.0,Li,Li3BiS3-1500K,Li3BiS3,0.00044472,0.00015842224351669606,0.00047526673055008816,32.8
Bi-Li-S,1500.0,Bi,Li3BiS3-1500K,Li3BiS3,6.48851e-05,2.0045154434639578e-05,6.013546330391873e-05,32.8
Bi-Li-S,1500.0,S,Li3BiS3-1500K,Li3BiS3,9.80541e-05,3.154640301282797e-05,9.463920903848391e-05,32.8
Bi-Li-S,2000.0,Li,Li3BiS3-2000K,Li3BiS3,0.000870126,0.00025410753038654366,0.000762322591159631,25.7
Bi-Li-S,2000.0,Bi,Li3BiS3-2000K,Li3BiS3,0.000291502,0.00010349716980047148,0.0003104915094014144,25.7
Bi-Li-S,2000.0,S,Li3BiS3-2000K,Li3BiS3,0.000273023,7.598988168483424e-05,0.00022796964505450272,25.7
Bi-Li-S,2500.0,Li,Li3BiS3-2500K,Li3BiS3,0.00132493,0.00039704870307357613,0.0011911461092207285,32.7
Bi-Li-S,2500.0,Bi,Li3BiS3-2500K,Li3BiS3,0.000584619,0.00022899464935837675,0.0006869839480751302,32.7
Bi-Li-S,2500.0,S,Li3BiS3-2500K,Li3BiS3,0.000607471,0.0002338218231080015,0.0007014654693240045,32.7
Bi-Li-Si,1000.0,Li,Li40Si9Bi-1000K,Li40Si9Bi,0.000172453,5.751863853439512e-05,0.00017255591560318536,36.4
Bi-Li-Si,1000.0,Bi,Li40Si9Bi-1000K,Li40Si9Bi,1.26426e-05,4.436583041042574e-06,1.3309749123127724e-05,36.4
Bi-Li-Si,1000.0,Si,Li40Si9Bi-1000K,Li40Si9Bi,1.03647e-05,3.6761868813813645e-06,1.1028560644144094e-05,36.4
Bi-Li-Si,1500.0,Li,Li40Si9Bi-1500K,Li40Si9Bi,0.000529068,0.00014906784352448248,0.00044720353057344745,39.9
Bi-Li-Si,1500.0,Bi,Li40Si9Bi-1500K,Li40Si9Bi,0.000106041,3.0173780165454267e-05,9.05213404963628e-05,39.9
Bi-Li-Si,1500.0,Si,Li40Si9Bi-1500K,Li40Si9Bi,0.00014218,6.0863381880183125e-05,0.00018259014564054937,39.9
Bi-Li-Si,2000.0,Li,Li40Si9Bi-2000K,Li40Si9Bi,0.00100996,0.0004024550804010493,0.001207365241203148,34.4
Bi-Li-Si,2000.0,Bi,Li40Si9Bi-2000K,Li40Si9Bi,0.000221911,4.559500878061718e-05,0.00013678502634185152,34.4
Bi-Li-Si,2000.0,Si,Li40Si9Bi-2000K,Li40Si9Bi,0.000457512,0.0001529451494418649,0.00045883544832559463,34.4
Bi-Li-Si,2500.0,Li,Li40Si9Bi-2500K,Li40Si9Bi,0.00166329,0.0005581445717373568,0.0016744337152120705,39.9
Bi-Li-Si,2500.0,Bi,Li40Si9Bi-2500K,Li40Si9Bi,0.000490558,0.00016293358809036043,0.0004888007642710813,39.9
Bi-Li-Si,2500.0,Si,Li40Si9Bi-2500K,Li40Si9Bi,0.000762227,0.00029792330530911996,0.00089376991592736,39.9
Bi-Li-Sn,1000.0,Li,Li12Sn2Bi-1000K,Li12Sn2Bi,0.000149498,4.176389980880155e-05,0.00012529169942640463,28.6
Bi-Li-Sn,1000.0,Bi,Li12Sn2Bi-1000K,Li12Sn2Bi,,1.345265985872113e-06,4.035797957616339e-06,28.6
Bi-Li-Sn,1000.0,Sn,Li12Sn2Bi-1000K,Li12Sn2Bi,1.11602e-05,3.72688338493292e-06,1.118065015479876e-05,28.6
Bi-Li-Sn,1500.0,Li,Li12Sn2Bi-1500K,Li12Sn2Bi,0.000530468,0.00017253021917612623,0.0005175906575283787,38.6
Bi-Li-Sn,1500.0,Bi,Li12Sn2Bi-1500K,Li12Sn2Bi,8.39758e-05,3.1462817568488486e-05,9.438845270546546e-05,38.6
Bi-Li-Sn,1500.0,Sn,Li12Sn2Bi-1500K,Li12Sn2Bi,0.000121769,3.88129500347229e-05,0.00011643885010416871,38.6
Bi-Li-Sn,2000.0,Li,Li12Sn2Bi-2000K,Li12Sn2Bi,0.00107179,0.0003862330017683465,0.0011586990053050394,23.9
Bi-Li-Sn,2000.0,Bi,Li12Sn2Bi-2000K,Li12Sn2Bi,0.000200076,4.8744640402700744e-05,0.0001462339212081022,23.9
Bi-Li-Sn,2000.0,Sn,Li12Sn2Bi-2000K,Li12Sn2Bi,0.000355683,0.00014548055398145917,0.0004364416619443775,23.9
Bi-Li-Sn,2500.0,Li,Li12Sn2Bi-2500K,Li12Sn2Bi,0.00167828,0.0005676688229818063,0.001703006468945419,30.0
Bi-Li-Sn,2500.0,Bi,Li12Sn2Bi-2500K,Li12Sn2Bi,0.00077197,0.00022129634003197537,0.0006638890200959261,30.0
Bi-Li-Sn,2500.0,Sn,Li12Sn2Bi-2500K,Li12Sn2Bi,0.000601182,0.00022438688904404374,0.0006731606671321312,30.0
Br-Li,1000.0,Li,Li3Br-1000K,Li3Br,0.000475735,0.00017059680022192946,0.0005117904006657883,31.2
Br-Li,1000.0,Br,Li3Br-1000K,Li3Br,0.000126294,4.5419161996239204e-05,0.00013625748598871762,31.2
Br-Li,1500.0,Li,Li3Br-1500K,Li3Br,0.00107416,0.0003659532269200657,0.0010978596807601972,37.3
Br-Li,1500.0,Br,Li3Br-1500K,Li3Br,0.000474465,0.00016349821755107133,0.000490494652653214,37.3
Br-Li,2000.0,Li,Li3Br-2000K,Li3Br,0.00182531,0.0006355155779954509,0.0019065467339863529,29.3
Br-Li,2000.0,Br,Li3Br-2000K,Li3Br,0.000857997,0.0003254502505686405,0.0009763507517059214,29.3
Br-Li,2500.0,Li,Li3Br-2500K,Li3Br,0.00260449,0.0008907492475278025,0.0026722477425834075,31.6
Br-Li,2500.0,Br,Li3Br-2500K,Li3Br,0.00122745,0.00034601353679707537,0.0010380406103912261,31.6
Br-Li-Si,1000.0,Li,Li5(SiBr4)3-1000K,Li5(SiBr4)3,0.000340048,9.140485852250224e-05,0.00027421457556750674,35.2
Br-Li-Si,1000.0,Br,Li5(SiBr4)3-1000K,Li5(SiBr4)3,9.18641e-05,2.7432091610139536e-05,8.229627483041861e-05,35.2
Br-Li-Si,1000.0,Si,Li5(SiBr4)3-1000K,Li5(SiBr4)3,5.71453e-05,1.3338953703112289e-05,4.001686110933687e-05,35.2
Br-Li-Si,1500.0,Li,Li5(SiBr4)3-1500K,Li5(SiBr4)3,0.000913644,0.000555983738384452,0.0016679512151533558,39.3
Br-Li-Si,1500.0,Br,Li5(SiBr4)3-1500K,Li5(SiBr4)3,0.000319274,0.0001082465559927633,0.00032473966797828986,39.3
Br-Li-Si,1500.0,Si,Li5(SiBr4)3-1500K,Li5(SiBr4)3,0.000240541,9.014489107594179e-05,0.0002704346732278254,39.3
Br-Li-Si,2000.0,Li,Li5(SiBr4)3-2000K,Li5(SiBr4)3,0.00158045,0.00047924597401245565,0.001437737922037367,32.3
Br-Li-Si,2000.0,Br,Li5(SiBr4)3-2000K,Li5(SiBr4)3,0.000470695,0.00015219256385602898,0.000456577691568087,32.3
Br-Li-Si,2000.0,Si,Li5(SiBr4)3-2000K,Li5(SiBr4)3,0.000420512,0.0001378431905894793,0.00041352957176843787,32.3
Br-Li-Si,2500.0,Li,Li5(SiBr4)3-2500K,Li5(SiBr4)3,0.00205071,0.0004971109555850487,0.0014913328667551461,30.1
Br-Li-Si,2500.0,Br,Li5(SiBr4)3-2500K,Li5(SiBr4)3,0.000828297,0.000297861794774187,0.0008935853843225611,30.1
Br-Li-Si,2500.0,Si,Li5(SiBr4)3-2500K,Li5(SiBr4)3,0.000685983,0.00027375363742365147,0.0008212609122709545,30.1
Br-Li-Sn,1000.0,Li,LiSnBr2-1000K,LiSnBr2,0.000337523,8.526594743364126e-05,0.00025579784230092377,34.1
Br-Li-Sn,1000.0,Br,LiSnBr2-1000K,LiSnBr2,0.000103496,3.4853148362793405e-05,0.0001045594450883802,34.1
Br-Li-Sn,1000.0,Sn,LiSnBr2-1000K,LiSnBr2,9.38794e-05,3.225731415190131e-05,9.677194245570392e-05,34.1
Br-Li-Sn,1500.0,Li,LiSnBr2-1500K,LiSnBr2,0.000833871,0.00019884577752036058,0.0005965373325610817,32.8
Br-Li-Sn,1500.0,Br,LiSnBr2-1500K,LiSnBr2,0.000250041,7.909092782167476e-05,0.00023727278346502426,32.8
Br-Li-Sn,1500.0,Sn,LiSnBr2-1500K,LiSnBr2,0.000222117,7.750818605091631e-05,0.0002325245581527489,32.8
Br-Li-Sn,2000.0,Li,LiSnBr2-2000K,LiSnBr2,0.00129636,0.0005592668247853842,0.0016778004743561526,29.3
Br-Li-Sn,2000.0,Br,LiSnBr2-2000K,LiSnBr2,0.0004437,0.00015578665799031476,0.00046735997397094424,29.3
Br-Li-Sn,2000.0,Sn,LiSnBr2-2000K,LiSnBr2,0.000228005,6.38965671912833e-05,0.00019168970157384995,29.3
Br-Li-Sn,2500.0,Li,LiSnBr2-2500K,LiSnBr2,0.00191185,0.000591857279158353,0.001775571837475059,24.8
Br-Li-Sn,2500.0,Br,LiSnBr2-2500K,LiSnBr2,0.000714835,0.00024590871799987904,0.0007377261539996371,24.8
Br-Li-Sn,2500.0,Sn,LiSnBr2-2500K,LiSnBr2,0.000551178,0.00018720454561944495,0.0005616136368583348,24.8
C-Cu-Li-O,1000.0,Li,LiCu3(CO3)3-1000K,LiCu3(CO3)3,3.10864e-05,7.0072237885354094e-06,2.102167136560623e-05,23.8
C-Cu-Li-O,1000.0,C,LiCu3(CO3)3-1000K,LiCu3(CO3)3,9.8819e-06,2.8183663421867653e-06,8.455099026560297e-06,23.8
C-Cu-Li-O,1000.0,Cu,LiCu3(CO3)3-1000K,LiCu3(CO3)3,1.30212e-05,4.2210310307845524e-06,1.2663093092353656e-05,23.8
C-Cu-Li-O,1000.0,O,LiCu3(CO3)3-1000K,LiCu3(CO3)3,1.29557e-05,3.5882229253532075e-06,1.0764668776059622e-05,23.8
C-Cu-Li-O,1500.0,Li,LiCu3(CO3)3-1500K,LiCu3(CO3)3,0.000216004,4.4312938088752706e-05,0.0001329388142662581,14.8
C-Cu-Li-O,1500.0,C,LiCu3(CO3)3-1500K,LiCu3(CO3)3,7.12955e-05,2.036732467937805e-05,6.110197403813415e-05,14.8
C-Cu-Li-O,1500.0,Cu,LiCu3(CO3)3-1500K,LiCu3(CO3)3,0.000123689,4.594565443763478e-05,0.00013783696331290434,14.8
C-Cu-Li-O,1500.0,O,LiCu3(CO3)3-1500K,LiCu3(CO3)3,8.78548e-05,2.1605078311201908e-05,6.481523493360573e-05,14.8
C-Cu-Li-O,2000.0,Li,LiCu3(CO3)3-2000K,LiCu3(CO3)3,0.000575449,7.367163622691019e-05,0.00022101490868073058,28.6
C-Cu-Li-O,2000.0,C,LiCu3(CO3)3-2000K,LiCu3(CO3)3,0.000190025,5.775910928712572e-05,0.00017327732786137718,28.6
C-Cu-Li-O,2000.0,Cu,LiCu3(CO3)3-2000K,LiCu3(CO3)3,0.000216082,7.54408041535668e-05,0.00022632241246070035,28.6
C-Cu-Li-O,2000.0,O,LiCu3(CO3)3-2000K,LiCu3(CO3)3,0.000198666,6.302580935352519e-05,0.00018907742806057554,28.6
C-Cu-Li-O,2500.0,Li,LiCu3(CO3)3-2500K,LiCu3(CO3)3,0.000801934,0.00024974494568947507,0.0007492348370684252,15.6
C-Cu-Li-O,2500.0,C,LiCu3(CO3)3-2500K,LiCu3(CO3)3,0.000336388,0.00012459453811186375,0.0003737836143355912,15.6
C-Cu-Li-O,2500.0,Cu,LiCu3(CO3)3-2500K,LiCu3(CO3)3,0.000413778,0.0001552770376393821,0.00046583111291814623,15.6
C-Cu-Li-O,2500.0,O,LiCu3(CO3)3-2500K,LiCu3(CO3)3,0.000362489,0.00011966913650244194,0.00035900740950732584,15.6
C-Li-O-V,1500.0,Li,mp-762019,LiV(CO3)2,0.000134515,2.5160277565181905e-05,7.548083269554572e-05,23.3
C-Li-O-V,1500.0,C,mp-762019,LiV(CO3)2,5.94167e-05,2.2040113839627397e-05,6.61203415188822e-05,23.3
C-Li-O-V,1500.0,O,mp-762019,LiV(CO3)2,4.98049e-05,1.8238643750045567e-05,5.47159312501367e-05,23.3
C-Li-O-V,1500.0,V,mp-762019,LiV(CO3)2,2.15823e-05,7.6022179265706e-06,2.28066537797118e-05,23.3
C-Li-O-V,2000.0,Li,mp-762019,LiV(CO3)2,0.000530842,0.00017013408567166384,0.0005104022570149915,31.3
C-Li-O-V,2000.0,C,mp-762019,LiV(CO3)2,0.0001416,6.987980896635464e-05,0.00020963942689906394,31.3
C-Li-O-V,2000.0,O,mp-762019,LiV(CO3)2,0.000146569,5.0960334030452915e-05,0.00015288100209135877,31.3
C-Li-O-V,2000.0,V,mp-762019,LiV(CO3)2,8.80533e-05,4.380325280488296e-05,0.00013140975841464887,31.3
C-Li-O-V,1000.0,Li,mp-762019,LiV(CO3)2,2.33238e-05,8.537564543505802e-06,2.5612693630517405e-05,32.5
C-Li-O-V,1000.0,C,mp-762019,LiV(CO3)2,7.93749e-06,3.6774508788286865e-06,1.1032352636486059e-05,32.5
C-Li-O-V,1000.0,O,mp-762019,LiV(CO3)2,5.17411e-06,1.1938477157360397e-06,3.581543147208119e-06,32.5
C-Li-O-V,1000.0,V,mp-762019,LiV(CO3)2,,7.946733936839082e-07,2.3840201810517247e-06,32.5
C-Li-O-V,2500.0,Li,mp-762019,LiV(CO3)2,0.00084661,0.00036153815171531604,0.0010846144551459483,25.3
C-Li-O-V,2500.0,C,mp-762019,LiV(CO3)2,0.000296434,0.00011524769271249803,0.00034574307813749406,25.3
C-Li-O-V,2500.0,O,mp-762019,LiV(CO3)2,0.000294115,0.00010190194478046827,0.00030570583434140475,25.3
C-Li-O-V,2500.0,V,mp-762019,LiV(CO3)2,0.000186506,3.215423831377562e-05,9.646271494132686e-05,25.3
Ca-Li,1000.0,Li,LiCa-1000K,LiCa,0.000345412,9.8943007206433e-05,0.000296829021619299,39.9
Ca-Li,1000.0,Ca,LiCa-1000K,LiCa,0.000177768,5.9381115695006296e-05,0.00017814334708501887,39.9
Ca-Li,1500.0,Li,LiCa-1500K,LiCa,0.000768272,0.00024820739316752774,0.0007446221795025832,33.9
Ca-Li,1500.0,Ca,LiCa-1500K,LiCa,0.00036238,0.00011796579010914708,0.0003538973703274413,33.9
Ca-Li,2000.0,Li,LiCa-2000K,LiCa,0.00129709,0.00042182512546140756,0.0012654753763842227,31.4
Ca-Li,2000.0,Ca,LiCa-2000K,LiCa,0.000702958,0.0002273979211918685,0.0006821937635756055,31.4
Ca-Li,2500.0,Li,LiCa-2500K,LiCa,0.00196951,0.0005874925012556118,0.0017624775037668355,23.7
Ca-Li,2500.0,Ca,LiCa-2500K,LiCa,0.000996085,0.00036352625290502123,0.0010905787587150637,23.7
Ca-Li-Si,1000.0,Li,Li3Ca2Si-1000K,Li3Ca2Si,0.000179857,5.2083401298675885e-05,0.00015625020389602764,34.5
Ca-Li-Si,1000.0,Ca,Li3Ca2Si-1000K,Li3Ca2Si,7.12641e-05,2.3838534795677233e-05,7.15156043870317e-05,34.5
Ca-Li-Si,1000.0,Si,Li3Ca2Si-1000K,Li3Ca2Si,3.68639e-05,1.1199227365407283e-05,3.359768209622184e-05,34.5
Ca-Li-Si,1500.0,Li,Li3Ca2Si-1500K,Li3Ca2Si,0.000538796,0.00017184193387881472,0.0005155258016364442,25.4
Ca-Li-Si,1500.0,Ca,Li3Ca2Si-1500K,Li3Ca2Si,0.000288522,9.95588229709747e-05,0.0002986764689129241,25.4
Ca-Li-Si,1500.0,Si,Li3Ca2Si-1500K,Li3Ca2Si,0.000217672,6.432554123722854e-05,0.00019297662371168563,25.4
Ca-Li-Si,2000.0,Li,Li3Ca2Si-2000K,Li3Ca2Si,0.000998374,0.0003237190128096894,0.0009711570384290681,34.4
Ca-Li-Si,2000.0,Ca,Li3Ca2Si-2000K,Li3Ca2Si,0.00042076,0.00010169022108935579,0.00030507066326806737,34.4
Ca-Li-Si,2000.0,Si,Li3Ca2Si-2000K,Li3Ca2Si,0.000401042,0.00011654490776067656,0.00034963472328202973,34.4
Ca-Li-Si,2500.0,Li,Li3Ca2Si-2500K,Li3Ca2Si,0.00158119,0.00042388569126311086,0.0012716570737893328,30.9
Ca-Li-Si,2500.0,Ca,Li3Ca2Si-2500K,Li3Ca2Si,0.000767802,0.0002886643942113583,0.000865993182634075,30.9
Ca-Li-Si,2500.0,Si,Li3Ca2Si-2500K,Li3Ca2Si,0.000746785,0.0002654610545839959,0.0007963831637519877,30.9
Ca-Li-Si-Sn,1000.0,Li,Li5Ca3(SiSn)6-1000K,Li5Ca3(SiSn)6,9.36984e-05,2.3478192510576004e-05,7.043457753172802e-05,39.9
Ca-Li-Si-Sn,1000.0,Ca,Li5Ca3(SiSn)6-1000K,Li5Ca3(SiSn)6,2.0916e-05,7.05152694201867e-06,2.1154580826056008e-05,39.9
Ca-Li-Si-Sn,1000.0,Si,Li5Ca3(SiSn)6-1000K,Li5Ca3(SiSn)6,3.59074e-05,1.0878618463428187e-05,3.2635855390284566e-05,39.9
Ca-Li-Si-Sn,1000.0,Sn,Li5Ca3(SiSn)6-1000K,Li5Ca3(SiSn)6,4.54123e-05,1.438921602950283e-05,4.316764808850849e-05,39.9
Ca-Li-Si-Sn,1500.0,Li,Li5Ca3(SiSn)6-1500K,Li5Ca3(SiSn)6,0.000382993,0.00011568746545802304,0.0003470623963740691,39.9
Ca-Li-Si-Sn,1500.0,Ca,Li5Ca3(SiSn)6-1500K,Li5Ca3(SiSn)6,0.000184088,3.895587505136086e-05,0.00011686762515408259,39.9
Ca-Li-Si-Sn,1500.0,Si,Li5Ca3(SiSn)6-1500K,Li5Ca3(SiSn)6,0.00026955,7.805142480772238e-05,0.00023415427442316714,39.9
Ca-Li-Si-Sn,1500.0,Sn,Li5Ca3(SiSn)6-1500K,Li5Ca3(SiSn)6,0.000299969,0.00010269922416187785,0.00030809767248563355,39.9
Ca-Li-Si-Sn,2000.0,Li,Li5Ca3(SiSn)6-2000K,Li5Ca3(SiSn)6,0.000728632,0.00024324885912371415,0.0007297465773711424,32.8
Ca-Li-Si-Sn,2000.0,Ca,Li5Ca3(SiSn)6-2000K,Li5Ca3(SiSn)6,0.000293023,9.194540107382748e-05,0.00027583620322148245,32.8
Ca-Li-Si-Sn,2000.0,Si,Li5Ca3(SiSn)6-2000K,Li5Ca3(SiSn)6,0.000507298,0.00011361798940926931,0.00034085396822780794,32.8
Ca-Li-Si-Sn,2000.0,Sn,Li5Ca3(SiSn)6-2000K,Li5Ca3(SiSn)6,0.000392421,0.00012389597599845974,0.00037168792799537916,32.8
Ca-Li-Si-Sn,2500.0,Li,Li5Ca3(SiSn)6-2500K,Li5Ca3(SiSn)6,0.00112974,0.0004768005553481833,0.0014304016660445498,39.9
Ca-Li-Si-Sn,2500.0,Ca,Li5Ca3(SiSn)6-2500K,Li5Ca3(SiSn)6,0.000521488,0.000158287380170084,0.0004748621405102521,39.9
Ca-Li-Si-Sn,2500.0,Si,Li5Ca3(SiSn)6-2500K,Li5Ca3(SiSn)6,0.000787084,0.0002563867651058757,0.0007691602953176271,39.9
Ca-Li-Si-Sn,2500.0,Sn,Li5Ca3(SiSn)6-2500K,Li5Ca3(SiSn)6,0.000462922,0.00017075108505211319,0.0005122532551563396,39.9
Ca-Li-Si-Sn-Sr,1000.0,Li,SrLi39CaSi9Sn2-1000K,SrLi39CaSi9Sn2,0.000168509,5.1417642631237814e-05,0.00015425292789371346,39.9
Ca-Li-Si-Sn-Sr,1000.0,Ca,SrLi39CaSi9Sn2-1000K,SrLi39CaSi9Sn2,5.60125e-05,1.5832955938905196e-05,4.749886781671558e-05,39.9
Ca-Li-Si-Sn-Sr,1000.0,Si,SrLi39CaSi9Sn2-1000K,SrLi39CaSi9Sn2,2.09342e-05,5.167106928216347e-06,1.550132078464904e-05,39.9
Ca-Li-Si-Sn-Sr,1000.0,Sn,SrLi39CaSi9Sn2-1000K,SrLi39CaSi9Sn2,9.5573e-06,3.246132722211614e-06,9.738398166634841e-06,39.9
Ca-Li-Si-Sn-Sr,1000.0,Sr,SrLi39CaSi9Sn2-1000K,SrLi39CaSi9Sn2,4.23042e-05,7.012766474533704e-06,2.103829942360111e-05,39.9
Ca-Li-Si-Sn-Sr,1500.0,Li,SrLi39CaSi9Sn2-1500K,SrLi39CaSi9Sn2,0.000490731,0.0001400110411507982,0.00042003312345239457,32.6
Ca-Li-Si-Sn-Sr,1500.0,Ca,SrLi39CaSi9Sn2-1500K,SrLi39CaSi9Sn2,0.00019594,4.243676053450723e-05,0.0001273102816035217,32.6
Ca-Li-Si-Sn-Sr,1500.0,Si,SrLi39CaSi9Sn2-1500K,SrLi39CaSi9Sn2,0.000148869,6.205310047095764e-05,0.0001861593014128729,32.6
Ca-Li-Si-Sn-Sr,1500.0,Sn,SrLi39CaSi9Sn2-1500K,SrLi39CaSi9Sn2,0.000107028,2.3397411405482096e-05,7.01922342164463e-05,32.6
Ca-Li-Si-Sn-Sr,1500.0,Sr,SrLi39CaSi9Sn2-1500K,SrLi39CaSi9Sn2,0.000219446,0.00015147534450576428,0.00045442603351729285,32.6
Ca-Li-Si-Sn-Sr,2000.0,Li,SrLi39CaSi9Sn2-2000K,SrLi39CaSi9Sn2,0.000996862,0.00031063611622308263,0.0009319083486692479,39.9
Ca-Li-Si-Sn-Sr,2000.0,Ca,SrLi39CaSi9Sn2-2000K,SrLi39CaSi9Sn2,0.000438187,0.00020331603528273072,0.0006099481058481921,39.9
Ca-Li-Si-Sn-Sr,2000.0,Si,SrLi39CaSi9Sn2-2000K,SrLi39CaSi9Sn2,0.0004186,0.00011063705552613763,0.0003319111665784129,39.9
Ca-Li-Si-Sn-Sr,2000.0,Sn,SrLi39CaSi9Sn2-2000K,SrLi39CaSi9Sn2,0.000357315,0.00017378023094295623,0.0005213406928288687,39.9
Ca-Li-Si-Sn-Sr,2000.0,Sr,SrLi39CaSi9Sn2-2000K,SrLi39CaSi9Sn2,0.000408583,1.0029954223742304e-05,3.008986267122691e-05,39.9
Ca-Li-Si-Sn-Sr,2500.0,Li,SrLi39CaSi9Sn2-2500K,SrLi39CaSi9Sn2,0.00154969,0.0005991458778219532,0.0017974376334658594,39.9
Ca-Li-Si-Sn-Sr,2500.0,Ca,SrLi39CaSi9Sn2-2500K,SrLi39CaSi9Sn2,0.000881407,0.0002910363855419945,0.0008731091566259833,39.9
Ca-Li-Si-Sn-Sr,2500.0,Si,SrLi39CaSi9Sn2-2500K,SrLi39CaSi9Sn2,0.000845113,0.00021592541725261438,0.0006477762517578432,39.9
Ca-Li-Si-Sn-Sr,2500.0,Sn,SrLi39CaSi9Sn2-2500K,SrLi39CaSi9Sn2,0.000690219,0.0003364525628338456,0.0010093576885015368,39.9
Ca-Li-Si-Sn-Sr,2500.0,Sr,SrLi39CaSi9Sn2-2500K,SrLi39CaSi9Sn2,0.000722774,0.00033341421219697107,0.0010002426365909132,39.9
Ca-Li-Sn,1000.0,Li,Li12Ca2Sn-1000K,Li12Ca2Sn,0.000402774,0.00012656996090780378,0.00037970988272341134,29.8
Ca-Li-Sn,1000.0,Ca,Li12Ca2Sn-1000K,Li12Ca2Sn,0.000196985,8.218609109423276e-05,0.00024655827328269825,29.8
Ca-Li-Sn,1000.0,Sn,Li12Ca2Sn-1000K,Li12Ca2Sn,8.17617e-05,1.4079182830121565e-05,4.2237548490364695e-05,29.8
Ca-Li-Sn,1500.0,Li,Li12Ca2Sn-1500K,Li12Ca2Sn,0.00093999,0.0002724570268333199,0.0008173710804999596,23.9
Ca-Li-Sn,1500.0,Ca,Li12Ca2Sn-1500K,Li12Ca2Sn,0.000440657,0.00012370855866355863,0.0003711256759906759,23.9
Ca-Li-Sn,1500.0,Sn,Li12Ca2Sn-1500K,Li12Ca2Sn,0.000341277,7.254403397368913e-05,0.0002176321019210674,23.9
Ca-Li-Sn,2000.0,Li,Li12Ca2Sn-2000K,Li12Ca2Sn,0.00144681,0.0004596670216203266,0.0013790010648609796,27.9
Ca-Li-Sn,2000.0,Ca,Li12Ca2Sn-2000K,Li12Ca2Sn,0.000816789,0.00023757681433413818,0.0007127304430024146,27.9
Ca-Li-Sn,2000.0,Sn,Li12Ca2Sn-2000K,Li12Ca2Sn,0.000622119,0.0002756180549298697,0.0008268541647896092,27.9
Ca-Li-Sn,2500.0,Li,Li12Ca2Sn-2500K,Li12Ca2Sn,0.00203861,0.0006673677283922977,0.0020021031851768932,29.2
Ca-Li-Sn,2500.0,Ca,Li12Ca2Sn-2500K,Li12Ca2Sn,0.00114437,0.00038001777168234077,0.0011400533150470224,29.2
Ca-Li-Sn,2500.0,Sn,Li12Ca2Sn-2500K,Li12Ca2Sn,0.00077196,0.0004049659819002838,0.0012148979457008516,29.2
Cd-Ge-Li-O,2500.0,Li,mp-7688,Li2CdGeO4,0.000573443,0.00016937615989544367,0.000508128479686331,23.7
Cd-Ge-Li-O,2500.0,Cd,mp-7688,Li2CdGeO4,0.000202435,7.243468796212277e-05,0.00021730406388636831,23.7
Cd-Ge-Li-O,2500.0,Ge,mp-7688,Li2CdGeO4,0.000100339,2.8518253994033132e-05,8.55547619820994e-05,23.7
Cd-Ge-Li-O,2500.0,O,mp-7688,Li2CdGeO4,0.000146365,3.8578101500936375e-05,0.00011573430450280913,23.7
Cd-Ge-Li-O,1500.0,Li,mp-7688,Li2CdGeO4,0.000118492,3.115275403236609e-05,9.345826209709827e-05,23.9
Cd-Ge-Li-O,1500.0,Cd,mp-7688,Li2CdGeO4,4.92701e-05,1.645608096883959e-05,4.936824290651878e-05,23.9
Cd-Ge-Li-O,1500.0,Ge,mp-7688,Li2CdGeO4,6.65862e-06,2.424655289633737e-06,7.273965868901211e-06,23.9
Cd-Ge-Li-O,1500.0,O,mp-7688,Li2CdGeO4,1.8785e-05,3.58401860447981e-06,1.075205581343943e-05,23.9
Cd-Ge-Li-O,2000.0,Li,mp-7688,Li2CdGeO4,0.000307321,9.24211048266487e-05,0.00027726331447994613,23.7
Cd-Ge-Li-O,2000.0,Cd,mp-7688,Li2CdGeO4,0.000169143,6.127987923074826e-05,0.00018383963769224478,23.7
Cd-Ge-Li-O,2000.0,Ge,mp-7688,Li2CdGeO4,4.03457e-05,1.4535660612487101e-05,4.3606981837461305e-05,23.7
Cd-Ge-Li-O,2000.0,O,mp-7688,Li2CdGeO4,7.01463e-05,2.2377397806468826e-05,6.713219341940649e-05,23.7
Cd-Ge-Li-O,1000.0,Li,mp-7688,Li2CdGeO4,1.83224e-05,4.867433983457357e-06,1.4602301950372072e-05,23.7
Cd-Ge-Li-O,1000.0,Cd,mp-7688,Li2CdGeO4,7.27029e-06,2.284844695310683e-06,6.854534085932049e-06,23.7
Cd-Ge-Li-O,1000.0,Ge,mp-7688,Li2CdGeO4,,4.774361733561615e-07,1.4323085200684845e-06,23.7
Cd-Ge-Li-O,1000.0,O,mp-7688,Li2CdGeO4,6.20274e-06,1.5829482506306e-06,4.748844751891801e-06,23.7
Cd-Li-Si,1000.0,Li,Li15CdSi4-1000K,Li15CdSi4,0.00015127,4.70220026599675e-05,0.0001410660079799025,33.4
Cd-Li-Si,1000.0,Cd,Li15CdSi4-1000K,Li15CdSi4,5.33195e-05,1.870235295551944e-05,5.610705886655831e-05,33.4
Cd-Li-Si,1000.0,Si,Li15CdSi4-1000K,Li15CdSi4,2.00843e-05,6.634057859218759e-06,1.9902173577656277e-05,33.4
Cd-Li-Si,1500.0,Li,Li15CdSi4-1500K,Li15CdSi4,0.000485076,0.00017422498652180536,0.000522674959565416,39.8
Cd-Li-Si,1500.0,Cd,Li15CdSi4-1500K,Li15CdSi4,0.000242507,6.479708868066056e-05,0.00019439126604198166,39.8
Cd-Li-Si,1500.0,Si,Li15CdSi4-1500K,Li15CdSi4,0.00016892,5.985060407217281e-05,0.00017955181221651842,39.8
Cd-Li-Si,2000.0,Li,Li15CdSi4-2000K,Li15CdSi4,0.00101083,0.0003683401937932488,0.0011050205813797464,37.0
Cd-Li-Si,2000.0,Cd,Li15CdSi4-2000K,Li15CdSi4,0.000406946,0.0001309853085268164,0.00039295592558044915,37.0
Cd-Li-Si,2000.0,Si,Li15CdSi4-2000K,Li15CdSi4,0.000456609,0.00015349396756020916,0.00046048190268062746,37.0
Cd-Li-Si,2500.0,Li,Li15CdSi4-2500K,Li15CdSi4,0.00149281,0.0004816468640070196,0.0014449405920210587,35.8
Cd-Li-Si,2500.0,Cd,Li15CdSi4-2500K,Li15CdSi4,0.000900355,0.00044976368945559363,0.0013492910683667808,35.8
Cd-Li-Si,2500.0,Si,Li15CdSi4-2500K,Li15CdSi4,0.000813263,0.00036282247981517723,0.0010884674394455317,35.8
Cd-Li-Sn,1000.0,Li,Li9Cd2Sn-1000K,Li9Cd2Sn,0.000165463,5.337437521406888e-05,0.00016012312564220665,28.1
Cd-Li-Sn,1000.0,Cd,Li9Cd2Sn-1000K,Li9Cd2Sn,5.32256e-05,1.7082805610250334e-05,5.1248416830751e-05,28.1
Cd-Li-Sn,1000.0,Sn,Li9Cd2Sn-1000K,Li9Cd2Sn,1.99586e-05,6.239083553096679e-06,1.8717250659290037e-05,28.1
Cd-Li-Sn,1500.0,Li,Li9Cd2Sn-1500K,Li9Cd2Sn,0.00058134,0.0001972103000206693,0.0005916309000620079,36.2
Cd-Li-Sn,1500.0,Cd,Li9Cd2Sn-1500K,Li9Cd2Sn,0.000273031,7.811136785170154e-05,0.00023433410355510465,36.2
Cd-Li-Sn,1500.0,Sn,Li9Cd2Sn-1500K,Li9Cd2Sn,0.000255426,8.409821412912937e-05,0.0002522946423873881,36.2
Cd-Li-Sn,2000.0,Li,Li9Cd2Sn-2000K,Li9Cd2Sn,0.00106966,0.00034342598081666943,0.0010302779424500082,24.2
Cd-Li-Sn,2000.0,Cd,Li9Cd2Sn-2000K,Li9Cd2Sn,0.000632055,0.0001958569872854669,0.0005875709618564007,24.2
Cd-Li-Sn,2000.0,Sn,Li9Cd2Sn-2000K,Li9Cd2Sn,0.000448496,0.00017781509467013076,0.0005334452840103923,24.2
Cd-Li-Sn,2500.0,Li,Li9Cd2Sn-2500K,Li9Cd2Sn,0.00160887,0.0004979268127038083,0.0014937804381114253,30.5
Cd-Li-Sn,2500.0,Cd,Li9Cd2Sn-2500K,Li9Cd2Sn,0.000860748,0.0003835581942410167,0.0011506745827230501,30.5
Cd-Li-Sn,2500.0,Sn,Li9Cd2Sn-2500K,Li9Cd2Sn,0.00063011,0.00019117630913871112,0.0005735289274161334,30.5
Cl-Li,1500.0,Li,mp-22905,LiCl,0.000745302,0.00024070538691183872,0.0007221161607355161,31.1
Cl-Li,1500.0,Cl,mp-22905,LiCl,0.000285091,0.00010625159526440367,0.00031875478579321097,31.1
Cl-Li,2000.0,Li,mp-22905,LiCl,0.00108852,0.0003451217374190771,0.0010353652122572312,34.5
Cl-Li,2000.0,Cl,mp-22905,LiCl,0.000517059,0.00019150147264539424,0.0005745044179361827,34.5
Cl-Li,1000.0,Li,mp-22905,LiCl,0.000239708,8.319157453128231e-05,0.00024957472359384697,38.0
Cl-Li,1000.0,Cl,mp-22905,LiCl,6.23633e-05,2.0581445629492236e-05,6.174433688847671e-05,38.0
Cl-Li,2500.0,Li,mp-22905,LiCl,0.00163241,0.0005380038655216709,0.001614011596565013,37.1
Cl-Li,2500.0,Cl,mp-22905,LiCl,0.00072547,0.00024059301820538966,0.000721779054616169,37.1
Cl-Li-Si,1000.0,Li,Li15(SiCl4)2-1000K,Li15(SiCl4)2,0.000203746,6.683394296486631e-05,0.0002005018288945989,39.9
Cl-Li-Si,1000.0,Cl,Li15(SiCl4)2-1000K,Li15(SiCl4)2,6.79421e-05,2.2657147122056532e-05,6.79714413661696e-05,39.9
Cl-Li-Si,1000.0,Si,Li15(SiCl4)2-1000K,Li15(SiCl4)2,1.51106e-05,3.980708547457423e-06,1.1942125642372268e-05,39.9
Cl-Li-Si,1500.0,Li,Li15(SiCl4)2-1500K,Li15(SiCl4)2,0.000667005,0.00019661947950485258,0.0005898584385145577,39.9
Cl-Li-Si,1500.0,Cl,Li15(SiCl4)2-1500K,Li15(SiCl4)2,0.000270058,8.2394982870073e-05,0.00024718494861021903,39.9
Cl-Li-Si,1500.0,Si,Li15(SiCl4)2-1500K,Li15(SiCl4)2,0.000175726,2.278370251653675e-05,6.835110754961025e-05,39.9
Cl-Li-Si,2000.0,Li,Li15(SiCl4)2-2000K,Li15(SiCl4)2,0.00119689,0.00042646940000405105,0.0012794082000121532,39.9
Cl-Li-Si,2000.0,Cl,Li15(SiCl4)2-2000K,Li15(SiCl4)2,0.000665608,0.0002044610290904935,0.0006133830872714805,39.9
Cl-Li-Si,2000.0,Si,Li15(SiCl4)2-2000K,Li15(SiCl4)2,0.000289898,7.523792461674683e-05,0.00022571377385024048,39.9
Cl-Li-Si,2500.0,Li,Li15(SiCl4)2-2500K,Li15(SiCl4)2,0.00178962,0.0005434456313945494,0.0016303368941836482,38.9
Cl-Li-Si,2500.0,Cl,Li15(SiCl4)2-2500K,Li15(SiCl4)2,0.000834571,0.0003646365389883609,0.0010939096169650827,38.9
Cl-Li-Si,2500.0,Si,Li15(SiCl4)2-2500K,Li15(SiCl4)2,0.00062001,0.0002246120126093937,0.0006738360378281812,38.9
Co-Li,1000.0,Li,Li2Co-1000K,Li2Co,0.000139703,4.22094955616591e-05,0.0001266284866849773,26.5
Co-Li,1000.0,Co,Li2Co-1000K,Li2Co,1.21443e-05,3.823377612252211e-06,1.1470132836756631e-05,26.5
Co-Li,1500.0,Li,Li2Co-1500K,Li2Co,0.000432886,0.0001406633089188383,0.0004219899267565149,30.3
Co-Li,1500.0,Co,Li2Co-1500K,Li2Co,9.52546e-05,3.316174798694044e-05,9.948524396082134e-05,30.3
Co-Li,2000.0,Li,Li2Co-2000K,Li2Co,0.000868243,0.00034669464296259553,0.0010400839288877866,27.9
Co-Li,2000.0,Co,Li2Co-2000K,Li2Co,0.000250438,9.284791638194449e-05,0.00027854374914583344,27.9
Co-Li,2500.0,Li,Li2Co-2500K,Li2Co,0.00131728,0.0004613302120602267,0.00138399063618068,21.6
Co-Li,2500.0,Co,Li2Co-2500K,Li2Co,0.000383411,0.00013172819599731667,0.00039518458799195003,21.6
Co-Li-O-Se,2000.0,Li,mp-562404,Li2Co3(SeO3)4,0.000317935,8.886056505675922e-05,0.0002665816951702777,23.7
Co-Li-O-Se,2000.0,Co,mp-562404,Li2Co3(SeO3)4,0.000150548,5.3149108463207954e-05,0.00015944732538962386,23.7
Co-Li-O-Se,2000.0,O,mp-562404,Li2Co3(SeO3)4,0.00022743,5.891342320650082e-05,0.00017674026961950244,23.7
Co-Li-O-Se,2000.0,Se,mp-562404,Li2Co3(SeO3)4,0.000150968,5.915400011036811e-05,0.00017746200033110434,23.7
Co-Li-O-Se,2500.0,Li,mp-562404,Li2Co3(SeO3)4,0.000740387,0.0002446214295175138,0.0007338642885525412,15.5
Co-Li-O-Se,2500.0,Co,mp-562404,Li2Co3(SeO3)4,0.000339436,9.501729015400548e-05,0.0002850518704620164,15.5
Co-Li-O-Se,2500.0,O,mp-562404,Li2Co3(SeO3)4,0.00045003,0.0001625030193018579,0.0004875090579055737,15.5
Co-Li-O-Se,2500.0,Se,mp-562404,Li2Co3(SeO3)4,0.000261518,7.13078887163e-05,0.00021392366614890002,15.5
Co-Li-O-Se,1500.0,Li,mp-562404,Li2Co3(SeO3)4,0.000177001,6.215054542449041e-05,0.0001864516362734712,18.3
Co-Li-O-Se,1500.0,Co,mp-562404,Li2Co3(SeO3)4,5.37922e-05,1.7465550781807667e-05,5.2396652345423005e-05,18.3
Co-Li-O-Se,1500.0,O,mp-562404,Li2Co3(SeO3)4,7.84209e-05,3.086104356483256e-05,9.258313069449768e-05,18.3
Co-Li-O-Se,1500.0,Se,mp-562404,Li2Co3(SeO3)4,4.8124e-05,1.4929890359083023e-05,4.478967107724907e-05,18.3
Co-Li-O-Se,1000.0,Li,mp-562404,Li2Co3(SeO3)4,4.77232e-05,1.1778610859329043e-05,3.533583257798713e-05,22.9
Co-Li-O-Se,1000.0,Co,mp-562404,Li2Co3(SeO3)4,,5.130010890684468e-07,1.5390032672053402e-06,22.9
Co-Li-O-Se,1000.0,O,mp-562404,Li2Co3(SeO3)4,3.24452e-06,6.168729522887559e-07,1.8506188568662677e-06,22.9
Co-Li-O-Se,1000.0,Se,mp-562404,Li2Co3(SeO3)4,,4.75948233479227e-07,1.4278447004376813e-06,22.9
Co-Li-Si,1000.0,Li,Li12Co2Si-1000K,Li12Co2Si,0.000314043,0.00010874737873776746,0.0003262421362133024,39.9
Co-Li-Si,1000.0,Co,Li12Co2Si-1000K,Li12Co2Si,2.81623e-05,9.36472477242082e-06,2.8094174317262457e-05,39.9
Co-Li-Si,1000.0,Si,Li12Co2Si-1000K,Li12Co2Si,5.97543e-05,2.4212424376580614e-05,7.263727312974185e-05,39.9
Co-Li-Si,1500.0,Li,Li12Co2Si-1500K,Li12Co2Si,0.000745301,0.0002542164598895004,0.0007626493796685012,33.7
Co-Li-Si,1500.0,Co,Li12Co2Si-1500K,Li12Co2Si,7.64003e-05,2.34243591339503e-05,7.027307740185089e-05,33.7
Co-Li-Si,1500.0,Si,Li12Co2Si-1500K,Li12Co2Si,0.00014194,3.2059416762939425e-05,9.617825028881828e-05,33.7
Co-Li-Si,2000.0,Li,Li12Co2Si-2000K,Li12Co2Si,0.0012537,0.00038979811244571453,0.0011693943373371437,39.2
Co-Li-Si,2000.0,Co,Li12Co2Si-2000K,Li12Co2Si,0.000240125,7.181969240940576e-05,0.00021545907722821727,39.2
Co-Li-Si,2000.0,Si,Li12Co2Si-2000K,Li12Co2Si,0.000289184,8.411734262932246e-05,0.0002523520278879674,39.2
Co-Li-Si,2500.0,Li,Li12Co2Si-2500K,Li12Co2Si,0.00181403,0.0006295301635387419,0.0018885904906162257,33.6
Co-Li-Si,2500.0,Co,Li12Co2Si-2500K,Li12Co2Si,0.000390154,0.00011991879259642385,0.0003597563777892715,33.6
Co-Li-Si,2500.0,Si,Li12Co2Si-2500K,Li12Co2Si,0.000575775,0.00025473086692773755,0.0007641926007832126,33.6
Co-Li-Sn,1000.0,Li,Li12CoSn3-1000K,Li12CoSn3,0.000148555,5.319109570097328e-05,0.00015957328710291985,28.8
Co-Li-Sn,1000.0,Co,Li12CoSn3-1000K,Li12CoSn3,8.2152e-06,2.6971262668168533e-06,8.09137880045056e-06,28.8
Co-Li-Sn,1000.0,Sn,Li12CoSn3-1000K,Li12CoSn3,1.2303e-05,4.019871070144455e-06,1.2059613210433363e-05,28.8
Co-Li-Sn,1500.0,Li,Li12CoSn3-1500K,Li12CoSn3,0.000498493,0.0001694895168360555,0.0005084685505081665,34.4
Co-Li-Sn,1500.0,Co,Li12CoSn3-1500K,Li12CoSn3,0.000110391,5.5786826120329186e-05,0.00016736047836098756,34.4
Co-Li-Sn,1500.0,Sn,Li12CoSn3-1500K,Li12CoSn3,7.94421e-05,2.1432829180692208e-05,6.429848754207663e-05,34.4
Co-Li-Sn,2000.0,Li,Li12CoSn3-2000K,Li12CoSn3,0.000960488,0.0003001624784710592,0.0009004874354131776,35.1
Co-Li-Sn,2000.0,Co,Li12CoSn3-2000K,Li12CoSn3,0.000345058,8.867423355890804e-05,0.0002660227006767241,35.1
Co-Li-Sn,2000.0,Sn,Li12CoSn3-2000K,Li12CoSn3,0.000337395,0.00011553708343456658,0.0003466112503036997,35.1
Co-Li-Sn,2500.0,Li,Li12CoSn3-2500K,Li12CoSn3,0.00147594,0.00046234891584122915,0.0013870467475236873,32.7
Co-Li-Sn,2500.0,Co,Li12CoSn3-2500K,Li12CoSn3,0.000461816,0.00020397057889536138,0.0006119117366860841,32.7
Co-Li-Sn,2500.0,Sn,Li12CoSn3-2500K,Li12CoSn3,0.000548992,0.00020859379112910293,0.0006257813733873089,32.7
Cr-Li,1000.0,Li,Li3Cr-1000K,Li3Cr,0.000396565,0.00014414177344803205,0.0004324253203440961,28.1
Cr-Li,1000.0,Cr,Li3Cr-1000K,Li3Cr,1.24001e-05,3.695105619277082e-06,1.1085316857831246e-05,28.1
Cr-Li,1500.0,Li,Li3Cr-1500K,Li3Cr,0.000833768,0.0002588983402412246,0.0007766950207236739,31.1
Cr-Li,1500.0,Cr,Li3Cr-1500K,Li3Cr,2.71638e-05,7.824643947552875e-06,2.3473931842658626e-05,31.1
Cr-Li,2000.0,Li,Li3Cr-2000K,Li3Cr,0.00135233,0.00035754463766817944,0.0010726339130045382,26.6
Cr-Li,2000.0,Cr,Li3Cr-2000K,Li3Cr,5.78489e-05,1.4278517534431976e-05,4.2835552603295926e-05,26.6
Cr-Li,2500.0,Li,Li3Cr-2500K,Li3Cr,0.00186904,0.0005716577735087419,0.0017149733205262256,35.6
Cr-Li,2500.0,Cr,Li3Cr-2500K,Li3Cr,0.000144987,4.832159905888039e-05,0.0001449647971766412,35.6
Cr-Li-O-V,1000.0,Li,Li4VCr3O8-1000K,Li4VCr3O8,3.04281e-05,6.122180322045937e-06,1.836654096613781e-05,34.2
Cr-Li-O-V,1000.0,Cr,Li4VCr3O8-1000K,Li4VCr3O8,,2.8687464375757397e-07,8.606239312727219e-07,34.2
Cr-Li-O-V,1000.0,O,Li4VCr3O8-1000K,Li4VCr3O8,2.10884e-06,6.752910980020707e-07,2.025873294006212e-06,34.2
Cr-Li-O-V,1000.0,V,Li4VCr3O8-1000K,Li4VCr3O8,,4.391320553179831e-07,1.3173961659539493e-06,34.2
Cr-Li-O-V,1500.0,Li,Li4VCr3O8-1500K,Li4VCr3O8,3.70864e-05,1.2612594184216161e-05,3.7837782552648486e-05,39.9
Cr-Li-O-V,1500.0,Cr,Li4VCr3O8-1500K,Li4VCr3O8,3.11121e-06,1.1734965523128297e-06,3.520489656938489e-06,39.9
Cr-Li-O-V,1500.0,O,Li4VCr3O8-1500K,Li4VCr3O8,5.56512e-06,1.33433546082976e-06,4.00300638248928e-06,39.9
Cr-Li-O-V,1500.0,V,Li4VCr3O8-1500K,Li4VCr3O8,,1.1061848295977354e-07,3.3185544887932064e-07,39.9
Cr-Li-O-V,2000.0,Li,Li4VCr3O8-2000K,Li4VCr3O8,0.000355171,0.00010121421927024914,0.0003036426578107474,32.2
Cr-Li-O-V,2000.0,Cr,Li4VCr3O8-2000K,Li4VCr3O8,6.44479e-05,2.1992950774976414e-05,6.597885232492925e-05,32.2
Cr-Li-O-V,2000.0,O,Li4VCr3O8-2000K,Li4VCr3O8,9.4489e-05,3.046623975637876e-05,9.139871926913628e-05,32.2
Cr-Li-O-V,2000.0,V,Li4VCr3O8-2000K,Li4VCr3O8,4.44397e-05,1.2852525186176845e-05,3.8557575558530534e-05,32.2
Cr-Li-O-V,2500.0,Li,Li4VCr3O8-2500K,Li4VCr3O8,0.000612731,0.00014949624827086214,0.0004484887448125864,34.7
Cr-Li-O-V,2500.0,Cr,Li4VCr3O8-2500K,Li4VCr3O8,0.000147789,4.372615953363953e-05,0.00013117847860091858,34.7
Cr-Li-O-V,2500.0,O,Li4VCr3O8-2500K,Li4VCr3O8,0.000224479,7.882677994520103e-05,0.00023648033983560306,34.7
Cr-Li-O-V,2500.0,V,Li4VCr3O8-2500K,Li4VCr3O8,0.000114973,3.113719071101795e-05,9.341157213305386e-05,34.7
Cr-Li-Si,1000.0,Li,LiCrSi2-1000K,LiCrSi2,3.02741e-05,8.725821537530067e-06,2.6177464612590202e-05,33.9
Cr-Li-Si,1000.0,Cr,LiCrSi2-1000K,LiCrSi2,,9.94771101459928e-07,2.984313304379784e-06,33.9
Cr-Li-Si,1000.0,Si,LiCrSi2-1000K,LiCrSi2,5.34196e-06,1.710720721930488e-06,5.132162165791464e-06,33.9
Cr-Li-Si,1500.0,Li,LiCrSi2-1500K,LiCrSi2,0.000147817,5.030147027132921e-05,0.00015090441081398764,27.6
Cr-Li-Si,1500.0,Cr,LiCrSi2-1500K,LiCrSi2,2.0056e-05,6.572492061371872e-06,1.9717476184115618e-05,27.6
Cr-Li-Si,1500.0,Si,LiCrSi2-1500K,LiCrSi2,5.25203e-05,1.8670001758697764e-05,5.601000527609329e-05,27.6
Cr-Li-Si,2000.0,Li,LiCrSi2-2000K,LiCrSi2,0.00040839,0.00012422983503427535,0.00037268950510282604,31.1
Cr-Li-Si,2000.0,Cr,LiCrSi2-2000K,LiCrSi2,8.61934e-05,2.703891680536843e-05,8.111675041610529e-05,31.1
Cr-Li-Si,2000.0,Si,LiCrSi2-2000K,LiCrSi2,0.000191757,5.61016966215828e-05,0.0001683050898647484,31.1
Cr-Li-Si,2500.0,Li,LiCrSi2-2500K,LiCrSi2,0.000598644,0.00017267063619989153,0.0005180119085996745,31.3
Cr-Li-Si,2500.0,Cr,LiCrSi2-2500K,LiCrSi2,0.000242564,7.569100073083175e-05,0.00022707300219249526,31.3
Cr-Li-Si,2500.0,Si,LiCrSi2-2500K,LiCrSi2,0.000349653,0.00010820815017388859,0.00032462445052166574,31.3
Cr-Li-Sn,1000.0,Li,Li9Cr2Sn-1000K,Li9Cr2Sn,0.000225885,7.85501437613911e-05,0.0002356504312841733,33.4
Cr-Li-Sn,1000.0,Cr,Li9Cr2Sn-1000K,Li9Cr2Sn,1.2003e-05,3.796631468893158e-06,1.1389894406679474e-05,33.4
Cr-Li-Sn,1000.0,Sn,Li9Cr2Sn-1000K,Li9Cr2Sn,2.17409e-05,7.335057408502048e-06,2.2005172225506145e-05,33.4
Cr-Li-Sn,1500.0,Li,Li9Cr2Sn-1500K,Li9Cr2Sn,0.00064133,0.00025881289561386554,0.0007764386868415966,31.3
Cr-Li-Sn,1500.0,Cr,Li9Cr2Sn-1500K,Li9Cr2Sn,4.05361e-05,7.90494488360571e-06,2.3714834650817133e-05,31.3
Cr-Li-Sn,1500.0,Sn,Li9Cr2Sn-1500K,Li9Cr2Sn,0.000128467,3.938405709156647e-05,0.0001181521712746994,31.3
Cr-Li-Sn,2000.0,Li,Li9Cr2Sn-2000K,Li9Cr2Sn,0.00107834,0.0003884055169768664,0.0011652165509305993,31.0
Cr-Li-Sn,2000.0,Cr,Li9Cr2Sn-2000K,Li9Cr2Sn,5.11321e-05,7.890457004540136e-06,2.3671371013620407e-05,31.0
Cr-Li-Sn,2000.0,Sn,Li9Cr2Sn-2000K,Li9Cr2Sn,0.000320009,0.00011924236820952879,0.0003577271046285864,31.0
Cr-Li-Sn,2500.0,Li,Li9Cr2Sn-2500K,Li9Cr2Sn,0.00163855,0.0006561618715583212,0.0019684856146749636,39.3
Cr-Li-Sn,2500.0,Cr,Li9Cr2Sn-2500K,Li9Cr2Sn,9.13809e-05,1.5583687585685362e-05,4.675106275705608e-05,39.3
Cr-Li-Sn,2500.0,Sn,Li9Cr2Sn-2500K,Li9Cr2Sn,0.000377705,8.220246575248672e-05,0.00024660739725746014,39.3
Cs-F-Ga-Li,2500.0,Li,mp-6654,Cs2LiGaF6,0.000514355,0.0002168472795593286,0.0006505418386779858,17.5
Cs-F-Ga-Li,2500.0,Cs,mp-6654,Cs2LiGaF6,0.000194999,5.017245812026099e-05,0.00015051737436078298,17.5
Cs-F-Ga-Li,2500.0,F,mp-6654,Cs2LiGaF6,0.000406659,0.0001229180645892637,0.0003687541937677911,17.5
Cs-F-Ga-Li,2500.0,Ga,mp-6654,Cs2LiGaF6,0.0001713,6.481669017809912e-05,0.00019445007053429733,17.5
Cs-F-Ga-Li,1500.0,Li,mp-6654,Cs2LiGaF6,6.50438e-05,1.905012821169927e-05,5.7150384635097806e-05,29.0
Cs-F-Ga-Li,1500.0,Cs,mp-6654,Cs2LiGaF6,3.85796e-05,1.3034904896684605e-05,3.910471469005382e-05,29.0
Cs-F-Ga-Li,1500.0,F,mp-6654,Cs2LiGaF6,9.78096e-05,3.074774801864138e-05,9.224324405592416e-05,29.0
Cs-F-Ga-Li,1500.0,Ga,mp-6654,Cs2LiGaF6,4.77421e-05,1.511222105602855e-05,4.533666316808565e-05,29.0
Cs-F-Ga-Li,2000.0,Li,mp-6654,Cs2LiGaF6,0.000312137,0.00010360689399077595,0.00031082068197232785,15.9
Cs-F-Ga-Li,2000.0,Cs,mp-6654,Cs2LiGaF6,0.000113526,4.353960215454876e-05,0.00013061880646364629,15.9
Cs-F-Ga-Li,2000.0,F,mp-6654,Cs2LiGaF6,0.000215386,6.626677043769219e-05,0.00019880031131307656,15.9
Cs-F-Ga-Li,2000.0,Ga,mp-6654,Cs2LiGaF6,0.000104798,2.8389595677337682e-05,8.516878703201306e-05,15.9
Cs-F-Ga-Li,1000.0,Li,mp-6654,Cs2LiGaF6,1.91117e-05,4.391834516779151e-06,1.3175503550337453e-05,21.0
Cs-F-Ga-Li,1000.0,Cs,mp-6654,Cs2LiGaF6,,3.058686326318584e-06,9.176058978955752e-06,21.0
Cs-F-Ga-Li,1000.0,F,mp-6654,Cs2LiGaF6,8.2885e-06,2.7733058465348073e-06,8.319917539604422e-06,21.0
Cs-F-Ga-Li,1000.0,Ga,mp-6654,Cs2LiGaF6,,8.184645034605048e-07,2.455393510381514e-06,21.0
Cs-Li-Sn,1000.0,Li,Cs4Li108Sn23-1000K,Cs4Li108Sn23,0.000209823,6.812416117549041e-05,0.00020437248352647122,27.0
Cs-Li-Sn,1000.0,Cs,Cs4Li108Sn23-1000K,Cs4Li108Sn23,1.94298e-05,4.2872885781686725e-06,1.2861865734506018e-05,27.0
Cs-Li-Sn,1000.0,Sn,Cs4Li108Sn23-1000K,Cs4Li108Sn23,1.90296e-05,6.6142447485142865e-06,1.984273424554286e-05,27.0
Cs-Li-Sn,1500.0,Li,Cs4Li108Sn23-1500K,Cs4Li108Sn23,0.000676489,0.00021372985180666891,0.0006411895554200068,25.0
Cs-Li-Sn,1500.0,Cs,Cs4Li108Sn23-1500K,Cs4Li108Sn23,0.000177339,5.201255704658996e-05,0.00015603767113976988,25.0
Cs-Li-Sn,1500.0,Sn,Cs4Li108Sn23-1500K,Cs4Li108Sn23,0.000140926,4.6990546357615876e-05,0.00014097163907284764,25.0
Cs-Li-Sn,2000.0,Li,Cs4Li108Sn23-2000K,Cs4Li108Sn23,0.00115235,0.0003609772484532748,0.0010829317453598243,23.5
Cs-Li-Sn,2000.0,Cs,Cs4Li108Sn23-2000K,Cs4Li108Sn23,0.000492711,0.0001868033199843808,0.0005604099599531425,23.5
Cs-Li-Sn,2000.0,Sn,Cs4Li108Sn23-2000K,Cs4Li108Sn23,0.00034507,0.00011377265563823846,0.00034131796691471545,23.5
Cs-Li-Sn,2500.0,Li,Cs4Li108Sn23-2500K,Cs4Li108Sn23,0.00181708,0.0006019317545378554,0.001805795263613566,26.5
Cs-Li-Sn,2500.0,Cs,Cs4Li108Sn23-2500K,Cs4Li108Sn23,0.000812551,0.0003095486779515962,0.0009286460338547887,26.5
Cs-Li-Sn,2500.0,Sn,Cs4Li108Sn23-2500K,Cs4Li108Sn23,0.000642567,0.00019135529481132077,0.0005740658844339623,26.5
Cu-Li,1000.0,Li,Li4Cu-1000K,Li4Cu,0.000380131,0.0001403507933385283,0.00042105238001558486,35.0
Cu-Li,1000.0,Cu,Li4Cu-1000K,Li4Cu,0.000157934,4.4841850172242725e-05,0.00013452555051672818,35.0
Cu-Li,1500.0,Li,Li4Cu-1500K,Li4Cu,0.000887222,0.000298519124127691,0.000895557372383073,33.7
Cu-Li,1500.0,Cu,Li4Cu-1500K,Li4Cu,0.000496578,0.00016732643777648843,0.0005019793133294653,33.7
Cu-Li,2000.0,Li,Li4Cu-2000K,Li4Cu,0.00139704,0.00044499100599258105,0.001334973017977743,39.9
Cu-Li,2000.0,Cu,Li4Cu-2000K,Li4Cu,0.000876591,0.0003412186083959792,0.0010236558251879378,39.9
Cu-Li,2500.0,Li,Li4Cu-2500K,Li4Cu,0.00203374,0.0008877160267644853,0.002663148080293456,37.9
Cu-Li,2500.0,Cu,Li4Cu-2500K,Li4Cu,0.00128166,0.00031250570800642983,0.0009375171240192895,37.9
Cu-Li-O,2500.0,Li,mp-19970,Li3CuO3,0.000720876,0.00022019831766197854,0.0006605949529859356,36.6
Cu-Li-O,2500.0,Cu,mp-19970,Li3CuO3,0.00040016,0.00012284964100601337,0.0003685489230180401,36.6
Cu-Li-O,2500.0,O,mp-19970,Li3CuO3,0.00044847,0.00011105827914053184,0.00033317483742159555,36.6
Cu-Li-O,2000.0,Li,mp-19970,Li3CuO3,0.000408077,0.00013098826830091446,0.0003929648049027434,38.6
Cu-Li-O,2000.0,Cu,mp-19970,Li3CuO3,0.000231319,7.456299616425554e-05,0.0002236889884927666,38.6
Cu-Li-O,2000.0,O,mp-19970,Li3CuO3,0.000223642,8.154742747132926e-05,0.0002446422824139878,38.6
Cu-Li-O,1500.0,Li,mp-19970,Li3CuO3,0.000192386,5.071402605502703e-05,0.0001521420781650811,34.4
Cu-Li-O,1500.0,Cu,mp-19970,Li3CuO3,4.71066e-05,1.6108762505727472e-05,4.8326287517182423e-05,34.4
Cu-Li-O,1500.0,O,mp-19970,Li3CuO3,6.54478e-05,2.3200706512719498e-05,6.96021195381585e-05,34.4
Cu-Li-O,1000.0,Li,mp-19970,Li3CuO3,2.06505e-05,6.2133022130013855e-06,1.8639906639004156e-05,39.9
Cu-Li-O,1000.0,Cu,mp-19970,Li3CuO3,,2.3330210760314106e-07,6.999063228094232e-07,39.9
Cu-Li-O,1000.0,O,mp-19970,Li3CuO3,1.36477e-06,3.865717910322518e-07,1.1597153730967556e-06,39.9
Cu-Li-O-P,1000.0,Li,Li5Cu(PO4)2-1000K,Li5Cu(PO4)2,6.55579e-05,2.4035918591001437e-05,7.210775577300431e-05,37.7
Cu-Li-O-P,1000.0,Cu,Li5Cu(PO4)2-1000K,Li5Cu(PO4)2,3.20089e-05,1.2000050380535305e-05,3.600015114160591e-05,37.7
Cu-Li-O-P,1000.0,O,Li5Cu(PO4)2-1000K,Li5Cu(PO4)2,7.87087e-06,2.5077470022827787e-06,7.523241006848336e-06,37.7
Cu-Li-O-P,1000.0,P,Li5Cu(PO4)2-1000K,Li5Cu(PO4)2,3.36719e-06,7.134863323500493e-07,2.1404589970501476e-06,37.7
Cu-Li-O-P,1500.0,Li,Li5Cu(PO4)2-1500K,Li5Cu(PO4)2,0.000225031,8.682123781896695e-05,0.0002604637134569008,35.5
Cu-Li-O-P,1500.0,Cu,Li5Cu(PO4)2-1500K,Li5Cu(PO4)2,4.2897e-05,6.156358021165252e-06,1.8469074063495756e-05,35.5
Cu-Li-O-P,1500.0,O,Li5Cu(PO4)2-1500K,Li5Cu(PO4)2,2.05052e-05,4.964169423464905e-06,1.4892508270394715e-05,35.5
Cu-Li-O-P,1500.0,P,Li5Cu(PO4)2-1500K,Li5Cu(PO4)2,1.16333e-05,4.3276296978367e-06,1.29828890935101e-05,35.5
Cu-Li-O-P,2000.0,Li,Li5Cu(PO4)2-2000K,Li5Cu(PO4)2,0.000441446,0.00021790363665569814,0.0006537109099670944,38.4
Cu-Li-O-P,2000.0,Cu,Li5Cu(PO4)2-2000K,Li5Cu(PO4)2,0.00019814,5.1975195324415716e-05,0.00015592558597324715,38.4
Cu-Li-O-P,2000.0,O,Li5Cu(PO4)2-2000K,Li5Cu(PO4)2,3.17127e-05,7.329173496044185e-06,2.1987520488132555e-05,38.4
Cu-Li-O-P,2000.0,P,Li5Cu(PO4)2-2000K,Li5Cu(PO4)2,2.06288e-05,6.880443948480304e-06,2.0641331845440915e-05,38.4
Cu-Li-O-P,2500.0,Li,Li5Cu(PO4)2-2500K,Li5Cu(PO4)2,0.000692578,0.0001819300635674792,0.0005457901907024377,36.1
Cu-Li-O-P,2500.0,Cu,Li5Cu(PO4)2-2500K,Li5Cu(PO4)2,0.000525022,0.00016254859303119434,0.00048764577909358303,36.1
Cu-Li-O-P,2500.0,O,Li5Cu(PO4)2-2500K,Li5Cu(PO4)2,0.00012496,3.4323142938512395e-05,0.00010296942881553719,36.1
Cu-Li-O-P,2500.0,P,Li5Cu(PO4)2-2500K,Li5Cu(PO4)2,6.78366e-05,3.4430656195794974e-05,0.00010329196858738492,36.1
Cu-Li-O-Si,1000.0,Li,Li2CuSiO4-1000K,Li2CuSiO4,1.68323e-05,4.873859423725241e-06,1.4621578271175723e-05,37.4
Cu-Li-O-Si,1000.0,Cu,Li2CuSiO4-1000K,Li2CuSiO4,5.6598e-06,1.2084254547689284e-06,3.6252763643067852e-06,37.4
Cu-Li-O-Si,1000.0,O,Li2CuSiO4-1000K,Li2CuSiO4,2.19621e-06,6.968733238516643e-07,2.090619971554993e-06,37.4
Cu-Li-O-Si,1000.0,Si,Li2CuSiO4-1000K,Li2CuSiO4,,1.0513455137659775e-07,3.154036541297933e-07,37.4
Cu-Li-O-Si,1500.0,Li,Li2CuSiO4-1500K,Li2CuSiO4,0.000163977,4.1206894334324294e-05,0.00012362068300297288,35.6
Cu-Li-O-Si,1500.0,Cu,Li2CuSiO4-1500K,Li2CuSiO4,3.8904e-05,1.1972440828181926e-05,3.5917322484545776e-05,35.6
Cu-Li-O-Si,1500.0,O,Li2CuSiO4-1500K,Li2CuSiO4,1.86245e-05,6.5285966613765935e-06,1.9585789984129778e-05,35.6
Cu-Li-O-Si,1500.0,Si,Li2CuSiO4-1500K,Li2CuSiO4,1.33503e-05,6.122070632813514e-06,1.8366211898440543e-05,35.6
Cu-Li-O-Si,2000.0,Li,Li2CuSiO4-2000K,Li2CuSiO4,0.00029793,0.00013504993941917097,0.0004051498182575129,35.7
Cu-Li-O-Si,2000.0,Cu,Li2CuSiO4-2000K,Li2CuSiO4,0.000125954,4.964696901979871e-05,0.00014894090705939612,35.7
Cu-Li-O-Si,2000.0,O,Li2CuSiO4-2000K,Li2CuSiO4,4.29455e-05,1.0650307610205169e-05,3.195092283061551e-05,35.7
Cu-Li-O-Si,2000.0,Si,Li2CuSiO4-2000K,Li2CuSiO4,2.18797e-05,7.388816632024269e-06,2.2166449896072807e-05,35.7
Cu-Li-O-Si,2500.0,Li,Li2CuSiO4-2500K,Li2CuSiO4,0.000595224,0.00017666926500953484,0.0005300077950286046,34.3
Cu-Li-O-Si,2500.0,Cu,Li2CuSiO4-2500K,Li2CuSiO4,0.000283257,0.00011994102751095046,0.00035982308253285143,34.3
Cu-Li-O-Si,2500.0,O,Li2CuSiO4-2500K,Li2CuSiO4,0.000140586,4.54266831624838e-05,0.0001362800494874514,34.3
Cu-Li-O-Si,2500.0,Si,Li2CuSiO4-2500K,Li2CuSiO4,7.3878e-05,3.458070237633571e-05,0.00010374210712900713,34.3
Cu-Li-Si,1000.0,Li,Li19Cu15Si4-1000K,Li19Cu15Si4,7.70206e-05,2.5387346888030012e-05,7.616204066409002e-05,30.9
Cu-Li-Si,1000.0,Cu,Li19Cu15Si4-1000K,Li19Cu15Si4,4.72183e-05,1.6897361833629398e-05,5.0692085500888184e-05,30.9
Cu-Li-Si,1000.0,Si,Li19Cu15Si4-1000K,Li19Cu15Si4,2.11155e-05,5.441724117942337e-06,1.6325172353827008e-05,30.9
Cu-Li-Si,1500.0,Li,Li19Cu15Si4-1500K,Li19Cu15Si4,0.000268793,9.65198670566862e-05,0.0002895596011700586,27.7
Cu-Li-Si,1500.0,Cu,Li19Cu15Si4-1500K,Li19Cu15Si4,0.000161562,5.4043654006335644e-05,0.00016213096201900693,27.7
Cu-Li-Si,1500.0,Si,Li19Cu15Si4-1500K,Li19Cu15Si4,0.000117931,4.784014975525401e-05,0.00014352044926576202,27.7
Cu-Li-Si,2000.0,Li,Li19Cu15Si4-2000K,Li19Cu15Si4,0.000597413,0.00019635052349685942,0.0005890515704905782,21.8
Cu-Li-Si,2000.0,Cu,Li19Cu15Si4-2000K,Li19Cu15Si4,0.000340371,0.0001192840346803324,0.0003578521040409972,21.8
Cu-Li-Si,2000.0,Si,Li19Cu15Si4-2000K,Li19Cu15Si4,0.000283875,7.332179264755602e-05,0.00021996537794266807,21.8
Cu-Li-Si,2500.0,Li,Li19Cu15Si4-2500K,Li19Cu15Si4,0.000897484,0.0003261284025743526,0.0009783852077230577,32.6
Cu-Li-Si,2500.0,Cu,Li19Cu15Si4-2500K,Li19Cu15Si4,0.000573782,0.0001841085077710704,0.0005523255233132112,32.6
Cu-Li-Si,2500.0,Si,Li19Cu15Si4-2500K,Li19Cu15Si4,0.000516764,0.00011959001639989862,0.0003587700491996958,32.6
Cu-Li-Sn,1000.0,Li,Li3CuSn-1000K,Li3CuSn,6.62766e-05,1.9969319038894005e-05,5.990795711668201e-05,30.9
Cu-Li-Sn,1000.0,Cu,Li3CuSn-1000K,Li3CuSn,1.48037e-05,3.767659884656091e-06,1.1302979653968273e-05,30.9
Cu-Li-Sn,1000.0,Sn,Li3CuSn-1000K,Li3CuSn,8.22144e-06,2.291877101700632e-06,6.875631305101897e-06,30.9
Cu-Li-Sn,1500.0,Li,Li3CuSn-1500K,Li3CuSn,0.000351633,0.00013210990922793282,0.0003963297276837984,31.2
Cu-Li-Sn,1500.0,Cu,Li3CuSn-1500K,Li3CuSn,0.000234177,7.54571753303555e-05,0.00022637152599106654,31.2
Cu-Li-Sn,1500.0,Sn,Li3CuSn-1500K,Li3CuSn,0.000127342,4.149601047007685e-05,0.00012448803141023053,31.2
Cu-Li-Sn,2000.0,Li,Li3CuSn-2000K,Li3CuSn,0.000790881,0.0003013003311668011,0.0009039009935004034,27.7
Cu-Li-Sn,2000.0,Cu,Li3CuSn-2000K,Li3CuSn,0.000479545,0.00016340303415075653,0.0004902091024522696,27.7
Cu-Li-Sn,2000.0,Sn,Li3CuSn-2000K,Li3CuSn,0.000302555,0.00010131250036618987,0.0003039375010985696,27.7
Cu-Li-Sn,2500.0,Li,Li3CuSn-2500K,Li3CuSn,0.00112189,0.0003922672390581098,0.0011768017171743294,26.3
Cu-Li-Sn,2500.0,Cu,Li3CuSn-2500K,Li3CuSn,0.000765775,0.00019893944146197136,0.0005968183243859141,26.3
Cu-Li-Sn,2500.0,Sn,Li3CuSn-2500K,Li3CuSn,0.000421794,0.00013485514379002445,0.0004045654313700734,26.3
F-Li-O-P-V,1000.0,Li,Li2VPO4F-1000K,Li2VPO4F,3.15057e-05,5.727584488692233e-06,1.7182753466076697e-05,37.6
F-Li-O-P-V,1000.0,F,Li2VPO4F-1000K,Li2VPO4F,7.20201e-06,2.729971930748701e-06,8.189915792246103e-06,37.6
F-Li-O-P-V,1000.0,O,Li2VPO4F-1000K,Li2VPO4F,4.89769e-06,1.6668071233670458e-06,5.000421370101137e-06,37.6
F-Li-O-P-V,1000.0,P,Li2VPO4F-1000K,Li2VPO4F,2.77357e-06,6.383893169686753e-07,1.915167950906026e-06,37.6
F-Li-O-P-V,1000.0,V,Li2VPO4F-1000K,Li2VPO4F,,1.0291109248138784e-06,3.087332774441635e-06,37.6
F-Li-O-P-V,1500.0,Li,Li2VPO4F-1500K,Li2VPO4F,0.000172325,5.264488849505243e-05,0.0001579346654851573,30.7
F-Li-O-P-V,1500.0,F,Li2VPO4F-1500K,Li2VPO4F,5.45436e-05,2.511103217044557e-05,7.533309651133672e-05,30.7
F-Li-O-P-V,1500.0,O,Li2VPO4F-1500K,Li2VPO4F,1.96509e-05,4.944999452588725e-06,1.4834998357766175e-05,30.7
F-Li-O-P-V,1500.0,P,Li2VPO4F-1500K,Li2VPO4F,9.3668e-06,3.2887103905402187e-06,9.866131171620656e-06,30.7
F-Li-O-P-V,1500.0,V,Li2VPO4F-1500K,Li2VPO4F,1.46449e-05,5.292771475859323e-06,1.5878314427577968e-05,30.7
F-Li-O-P-V,2000.0,Li,Li2VPO4F-2000K,Li2VPO4F,0.000481586,0.00013681809204725798,0.00041045427614177393,35.4
F-Li-O-P-V,2000.0,F,Li2VPO4F-2000K,Li2VPO4F,0.000179033,7.145294726981769e-05,0.00021435884180945306,35.4
F-Li-O-P-V,2000.0,O,Li2VPO4F-2000K,Li2VPO4F,7.41319e-05,2.4747374853363995e-05,7.424212456009199e-05,35.4
F-Li-O-P-V,2000.0,P,Li2VPO4F-2000K,Li2VPO4F,5.71874e-05,1.5207666724203445e-05,4.562300017261034e-05,35.4
F-Li-O-P-V,2000.0,V,Li2VPO4F-2000K,Li2VPO4F,5.82505e-05,1.4578386418256793e-05,4.373515925477038e-05,35.4
F-Li-O-P-V,2500.0,Li,Li2VPO4F-2500K,Li2VPO4F,0.00076531,0.0003008652504817793,0.0009025957514453378,39.9
F-Li-O-P-V,2500.0,F,Li2VPO4F-2500K,Li2VPO4F,0.000347316,8.702254657198915e-05,0.00026106763971596745,39.9
F-Li-O-P-V,2500.0,O,Li2VPO4F-2500K,Li2VPO4F,0.000204377,5.0656916229737795e-05,0.0001519707486892134,39.9
F-Li-O-P-V,2500.0,P,Li2VPO4F-2500K,Li2VPO4F,0.000142568,4.29920149944733e-05,0.0001289760449834199,39.9
F-Li-O-P-V,2500.0,V,Li2VPO4F-2500K,Li2VPO4F,0.000191314,5.446590458023e-05,0.00016339771374069,39.9
F-Li-O-V,1500.0,Li,mp-1539853,LiV(OF)2,0.000199122,7.133007678084691e-05,0.00021399023034254073,39.9
F-Li-O-V,1500.0,F,mp-1539853,LiV(OF)2,6.67218e-05,2.043859031117439e-05,6.131577093352316e-05,39.9
F-Li-O-V,1500.0,O,mp-1539853,LiV(OF)2,4.06081e-05,1.1710108390191963e-05,3.513032517057589e-05,39.9
F-Li-O-V,1500.0,V,mp-1539853,LiV(OF)2,3.71819e-05,1.333399705362362e-05,4.000199116087086e-05,39.9
F-Li-O-V,1000.0,Li,mp-1539853,LiV(OF)2,3.7211e-05,1.0618064943275232e-05,3.18541948298257e-05,32.5
F-Li-O-V,1000.0,F,mp-1539853,LiV(OF)2,8.38126e-06,2.222972767865442e-06,6.668918303596326e-06,32.5
F-Li-O-V,1000.0,O,mp-1539853,LiV(OF)2,5.1537e-06,1.116168645591778e-06,3.3485059367753334e-06,32.5
F-Li-O-V,1000.0,V,mp-1539853,LiV(OF)2,,4.52766873324886e-07,1.358300619974658e-06,32.5
F-Li-O-V,2000.0,Li,mp-1539853,LiV(OF)2,0.000435242,0.00012373614871556896,0.00037120844614670686,32.0
F-Li-O-V,2000.0,F,mp-1539853,LiV(OF)2,0.00017487,6.249559593838469e-05,0.00018748678781515407,32.0
F-Li-O-V,2000.0,O,mp-1539853,LiV(OF)2,0.000107441,3.38046787642665e-05,0.00010141403629279951,32.0
F-Li-O-V,2000.0,V,mp-1539853,LiV(OF)2,8.3092e-05,3.6469484830983025e-05,0.00010940845449294907,32.0
F-Li-O-V,2500.0,Li,mp-1539853,LiV(OF)2,0.000662506,0.00029672247463786994,0.0008901674239136098,39.9
F-Li-O-V,2500.0,F,mp-1539853,LiV(OF)2,0.000303213,7.174499251289088e-05,0.00021523497753867261,39.9
F-Li-O-V,2500.0,O,mp-1539853,LiV(OF)2,0.000221152,5.882193463283507e-05,0.00017646580389850522,39.9
F-Li-O-V,2500.0,V,mp-1539853,LiV(OF)2,0.000167917,4.137223522399118e-05,0.00012411670567197354,39.9
F-Li-P,1500.0,Li,mp-9143,LiPF6,0.000179324,5.9419686347764526e-05,0.00017825905904329359,36.7
F-Li-P,1500.0,F,mp-9143,LiPF6,3.04178e-05,7.3966063470507465e-06,2.218981904115224e-05,36.7
F-Li-P,1500.0,P,mp-9143,LiPF6,2.3276e-05,6.49922021116139e-06,1.949766063348417e-05,36.7
F-Li-P,1000.0,Li,mp-9143,LiPF6,2.85476e-05,8.45381043369579e-06,2.5361431301087367e-05,21.1
F-Li-P,1000.0,F,mp-9143,LiPF6,9.64294e-06,2.655639405074366e-06,7.966918215223097e-06,21.1
F-Li-P,1000.0,P,mp-9143,LiPF6,,1.7105573453318327e-07,5.131672035995498e-07,21.1
F-Li-P,2500.0,Li,mp-9143,LiPF6,0.000706572,0.0001313738172985242,0.0003941214518955726,35.1
F-Li-P,2500.0,F,mp-9143,LiPF6,8.63118e-05,2.5557273288779898e-05,7.667181986633969e-05,35.1
F-Li-P,2500.0,P,mp-9143,LiPF6,7.33218e-05,2.2143069964873408e-05,6.642920989462022e-05,35.1
F-Li-P,2000.0,Li,mp-9143,LiPF6,0.000403006,0.00013782246316486983,0.00041346738949460946,39.9
F-Li-P,2000.0,F,mp-9143,LiPF6,3.46228e-05,1.076067913505443e-05,3.228203740516329e-05,39.9
F-Li-P,2000.0,P,mp-9143,LiPF6,2.44164e-05,8.633686267701409e-06,2.5901058803104226e-05,39.9
F-Li-Si,1000.0,Li,Li5SiF4-1000K,Li5SiF4,3.65326e-05,1.1980611960855805e-05,3.5941835882567414e-05,39.9
F-Li-Si,1000.0,F,Li5SiF4-1000K,Li5SiF4,8.28438e-06,2.1735442325387595e-06,6.5206326976162785e-06,39.9
F-Li-Si,1000.0,Si,Li5SiF4-1000K,Li5SiF4,3.52415e-07,7.222077444920921e-07,2.1666232334762765e-06,39.9
F-Li-Si,1500.0,Li,Li5SiF4-1500K,Li5SiF4,0.000279049,6.630813788947762e-05,0.00019892441366843285,39.2
F-Li-Si,1500.0,F,Li5SiF4-1500K,Li5SiF4,0.000139125,4.7420111391593564e-05,0.00014226033417478069,39.2
F-Li-Si,1500.0,Si,Li5SiF4-1500K,Li5SiF4,3.70528e-05,1.078808994855768e-05,3.236426984567304e-05,39.2
F-Li-Si,2000.0,Li,Li5SiF4-2000K,Li5SiF4,0.000525745,0.00014908990902619837,0.0004472697270785951,39.9
F-Li-Si,2000.0,F,Li5SiF4-2000K,Li5SiF4,0.000317454,0.00012805449724966297,0.0003841634917489889,39.9
F-Li-Si,2000.0,Si,Li5SiF4-2000K,Li5SiF4,0.000142122,4.939497560721542e-05,0.00014818492682164625,39.9
F-Li-Si,2500.0,Li,Li5SiF4-2500K,Li5SiF4,0.000862322,0.00030276885000897014,0.0009083065500269104,39.9
F-Li-Si,2500.0,F,Li5SiF4-2500K,Li5SiF4,0.000526642,0.0001586502754822133,0.00047595082644663985,39.9
F-Li-Si,2500.0,Si,Li5SiF4-2500K,Li5SiF4,0.000273888,0.00010007282002870424,0.0003002184600861127,39.9
F-Li-Sn,1000.0,Li,Li15Sn2F8-1000K,Li15Sn2F8,0.000102135,3.3090753904871043e-05,9.927226171461312e-05,39.9
F-Li-Sn,1000.0,F,Li15Sn2F8-1000K,Li15Sn2F8,3.68694e-05,1.2348943928424688e-05,3.704683178527406e-05,39.9
F-Li-Sn,1000.0,Sn,Li15Sn2F8-1000K,Li15Sn2F8,1.41455e-05,4.671725773595608e-06,1.4015177320786823e-05,39.9
F-Li-Sn,1500.0,Li,Li15Sn2F8-1500K,Li15Sn2F8,0.000415547,0.00013915854462172376,0.00041747563386517134,39.9
F-Li-Sn,1500.0,F,Li15Sn2F8-1500K,Li15Sn2F8,0.000218578,7.852665237243705e-05,0.00023557995711731114,39.9
F-Li-Sn,1500.0,Sn,Li15Sn2F8-1500K,Li15Sn2F8,7.97009e-05,2.8157092100846665e-05,8.447127630254001e-05,39.9
F-Li-Sn,2000.0,Li,Li15Sn2F8-2000K,Li15Sn2F8,0.000710854,0.00022436859819614932,0.000673105794588448,39.9
F-Li-Sn,2000.0,F,Li15Sn2F8-2000K,Li15Sn2F8,0.000415681,0.000136513528764967,0.00040954058629490104,39.9
F-Li-Sn,2000.0,Sn,Li15Sn2F8-2000K,Li15Sn2F8,0.000235121,9.260532319716202e-05,0.0002778159695914861,39.9
F-Li-Sn,2500.0,Li,Li15Sn2F8-2500K,Li15Sn2F8,0.0011033,0.0003717582795852939,0.0011152748387558817,39.9
F-Li-Sn,2500.0,F,Li15Sn2F8-2500K,Li15Sn2F8,0.000740814,0.00018464081689786288,0.0005539224506935887,39.9
F-Li-Sn,2500.0,Sn,Li15Sn2F8-2500K,Li15Sn2F8,0.000476,8.746544471258185e-05,0.00026239633413774555,39.9
Fe-Li,1000.0,Li,Li3Fe-1000K,Li3Fe,0.000344306,0.00011030750881172676,0.00033092252643518027,36.1
Fe-Li,1000.0,Fe,Li3Fe-1000K,Li3Fe,1.14921e-05,3.3953388793626987e-06,1.0186016638088096e-05,36.1
Fe-Li,1500.0,Li,Li3Fe-1500K,Li3Fe,0.000826106,0.00023597699766932575,0.0007079309930079772,34.4
Fe-Li,1500.0,Fe,Li3Fe-1500K,Li3Fe,7.30577e-05,1.936226521883445e-05,5.808679565650335e-05,34.4
Fe-Li,2000.0,Li,Li3Fe-2000K,Li3Fe,0.00133699,0.0005292026968744204,0.001587608090623261,30.3
Fe-Li,2000.0,Fe,Li3Fe-2000K,Li3Fe,0.000116569,2.5931541543623777e-05,7.779462463087134e-05,30.3
Fe-Li,2500.0,Li,Li3Fe-2500K,Li3Fe,0.00190516,0.0006525784327018826,0.0019577352981056477,31.7
Fe-Li,2500.0,Fe,Li3Fe-2500K,Li3Fe,0.000176325,6.544883398140493e-05,0.0001963465019442148,31.7
Fe-Li-Ni-O,1000.0,Li,Li2FeNi3O8-1000K,Li2FeNi3O8,1.19299e-05,2.087051462279899e-06,6.2611543868396974e-06,31.7
Fe-Li-Ni-O,1000.0,Fe,Li2FeNi3O8-1000K,Li2FeNi3O8,,5.446464719098502e-07,1.6339394157295508e-06,31.7
Fe-Li-Ni-O,1000.0,Ni,Li2FeNi3O8-1000K,Li2FeNi3O8,,8.557681259577102e-08,2.5673043778731304e-07,31.7
Fe-Li-Ni-O,1000.0,O,Li2FeNi3O8-1000K,Li2FeNi3O8,,8.309423485998296e-08,2.492827045799489e-07,31.7
Fe-Li-Ni-O,1500.0,Li,Li2FeNi3O8-1500K,Li2FeNi3O8,6.27274e-05,2.979493634234105e-05,8.938480902702316e-05,35.8
Fe-Li-Ni-O,1500.0,Fe,Li2FeNi3O8-1500K,Li2FeNi3O8,9.19888e-06,2.8528460056992447e-06,8.558538017097735e-06,35.8
Fe-Li-Ni-O,1500.0,Ni,Li2FeNi3O8-1500K,Li2FeNi3O8,1.09721e-05,3.629981246025423e-06,1.088994373807627e-05,35.8
Fe-Li-Ni-O,1500.0,O,Li2FeNi3O8-1500K,Li2FeNi3O8,1.25687e-05,4.060250752654416e-06,1.2180752257963248e-05,35.8
Fe-Li-Ni-O,2000.0,Li,Li2FeNi3O8-2000K,Li2FeNi3O8,0.000319136,5.573216168098683e-05,0.00016719648504296048,33.7
Fe-Li-Ni-O,2000.0,Fe,Li2FeNi3O8-2000K,Li2FeNi3O8,7.34739e-05,3.239561344377949e-05,9.718684033133846e-05,33.7
Fe-Li-Ni-O,2000.0,Ni,Li2FeNi3O8-2000K,Li2FeNi3O8,9.96885e-05,3.593687319875285e-05,0.00010781061959625855,33.7
Fe-Li-Ni-O,2000.0,O,Li2FeNi3O8-2000K,Li2FeNi3O8,0.000116251,3.877385779972011e-05,0.00011632157339916035,33.7
Fe-Li-Ni-O,2500.0,Li,Li2FeNi3O8-2500K,Li2FeNi3O8,0.000579743,0.00025985260181294207,0.0007795578054388263,31.8
Fe-Li-Ni-O,2500.0,Fe,Li2FeNi3O8-2500K,Li2FeNi3O8,0.000138087,4.89586812253146e-05,0.0001468760436759438,31.8
Fe-Li-Ni-O,2500.0,Ni,Li2FeNi3O8-2500K,Li2FeNi3O8,0.000216126,7.32345387847892e-05,0.00021970361635436758,31.8
Fe-Li-Ni-O,2500.0,O,Li2FeNi3O8-2500K,Li2FeNi3O8,0.000293246,8.670387733076144e-05,0.00026011163199228434,31.8
Fe-Li-Si,1000.0,Li,Li16Fe3Si-1000K,Li16Fe3Si,0.00034191,8.930227508132518e-05,0.0002679068252439755,32.6
Fe-Li-Si,1000.0,Fe,Li16Fe3Si-1000K,Li16Fe3Si,2.07935e-05,6.897891677051472e-06,2.069367503115442e-05,32.6
Fe-Li-Si,1000.0,Si,Li16Fe3Si-1000K,Li16Fe3Si,4.03756e-05,5.54075799360188e-06,1.662227398080564e-05,32.6
Fe-Li-Si,1500.0,Li,Li16Fe3Si-1500K,Li16Fe3Si,0.000857358,0.00026961702062874816,0.0008088510618862444,34.5
Fe-Li-Si,1500.0,Fe,Li16Fe3Si-1500K,Li16Fe3Si,7.93913e-05,2.73415646075257e-05,8.20246938225771e-05,34.5
Fe-Li-Si,1500.0,Si,Li16Fe3Si-1500K,Li16Fe3Si,0.000245559,0.00013498719636738794,0.0004049615891021638,34.5
Fe-Li-Si,2000.0,Li,Li16Fe3Si-2000K,Li16Fe3Si,0.00156248,0.0006033942993613348,0.0018101828980840043,35.7
Fe-Li-Si,2000.0,Fe,Li16Fe3Si-2000K,Li16Fe3Si,0.000134075,5.6983818990156244e-05,0.00017095145697046876,35.7
Fe-Li-Si,2000.0,Si,Li16Fe3Si-2000K,Li16Fe3Si,0.000277822,7.014856182520027e-05,0.0002104456854756008,35.7
Fe-Li-Si,2500.0,Li,Li16Fe3Si-2500K,Li16Fe3Si,0.00194148,0.0006943484060190227,0.002083045218057068,30.5
Fe-Li-Si,2500.0,Fe,Li16Fe3Si-2500K,Li16Fe3Si,0.000126103,4.1963867980439616e-05,0.00012589160394131885,30.5
Fe-Li-Si,2500.0,Si,Li16Fe3Si-2500K,Li16Fe3Si,0.000565463,0.00011331591967369768,0.000339947759021093,30.5
Fe-Li-Si-Sn,1000.0,Li,Li39Fe2Si9Sn2-1000K,Li39Fe2Si9Sn2,0.000174601,5.552160755857949e-05,0.00016656482267573847,32.0
Fe-Li-Si-Sn,1000.0,Fe,Li39Fe2Si9Sn2-1000K,Li39Fe2Si9Sn2,5.78061e-06,7.427297219699803e-07,2.228189165909941e-06,32.0
Fe-Li-Si-Sn,1000.0,Si,Li39Fe2Si9Sn2-1000K,Li39Fe2Si9Sn2,1.69625e-05,5.341022008484233e-06,1.60230660254527e-05,32.0
Fe-Li-Si-Sn,1000.0,Sn,Li39Fe2Si9Sn2-1000K,Li39Fe2Si9Sn2,4.845e-06,1.7767444007843245e-06,5.330233202352974e-06,32.0
Fe-Li-Si-Sn,1500.0,Li,Li39Fe2Si9Sn2-1500K,Li39Fe2Si9Sn2,0.000569894,0.00019169232233106639,0.0005750769669931992,31.2
Fe-Li-Si-Sn,1500.0,Fe,Li39Fe2Si9Sn2-1500K,Li39Fe2Si9Sn2,4.73794e-05,4.893947321737704e-06,1.4681841965213111e-05,31.2
Fe-Li-Si-Sn,1500.0,Si,Li39Fe2Si9Sn2-1500K,Li39Fe2Si9Sn2,0.000163543,6.853203793965332e-05,0.00020559611381895993,31.2
Fe-Li-Si-Sn,1500.0,Sn,Li39Fe2Si9Sn2-1500K,Li39Fe2Si9Sn2,7.92898e-05,2.3773802266273702e-05,7.132140679882111e-05,31.2
Fe-Li-Si-Sn,2000.0,Li,Li39Fe2Si9Sn2-2000K,Li39Fe2Si9Sn2,0.00113512,0.00038303741290358066,0.001149112238710742,39.9
Fe-Li-Si-Sn,2000.0,Fe,Li39Fe2Si9Sn2-2000K,Li39Fe2Si9Sn2,0.000123103,7.773758391349385e-06,2.3321275174048152e-05,39.9
Fe-Li-Si-Sn,2000.0,Si,Li39Fe2Si9Sn2-2000K,Li39Fe2Si9Sn2,0.0004135,0.00015380165653917607,0.0004614049696175282,39.9
Fe-Li-Si-Sn,2000.0,Sn,Li39Fe2Si9Sn2-2000K,Li39Fe2Si9Sn2,0.000399471,0.00021306073165332733,0.000639182194959982,39.9
Fe-Li-Si-Sn,2500.0,Li,Li39Fe2Si9Sn2-2500K,Li39Fe2Si9Sn2,0.00167189,0.0005322318475936053,0.0015966955427808161,33.0
Fe-Li-Si-Sn,2500.0,Fe,Li39Fe2Si9Sn2-2500K,Li39Fe2Si9Sn2,0.000259582,6.506347403839686e-05,0.00019519042211519057,33.0
Fe-Li-Si-Sn,2500.0,Si,Li39Fe2Si9Sn2-2500K,Li39Fe2Si9Sn2,0.000677445,0.00019702059482151562,0.0005910617844645469,33.0
Fe-Li-Si-Sn,2500.0,Sn,Li39Fe2Si9Sn2-2500K,Li39Fe2Si9Sn2,0.00075178,0.0003554522633678054,0.0010663567901034161,33.0
Fe-Li-Sn,1000.0,Li,Li9Fe2Sn-1000K,Li9Fe2Sn,0.000248044,7.892786814414025e-05,0.00023678360443242077,38.0
Fe-Li-Sn,1000.0,Fe,Li9Fe2Sn-1000K,Li9Fe2Sn,1.19756e-05,4.0052031627411255e-06,1.2015609488223376e-05,38.0
Fe-Li-Sn,1000.0,Sn,Li9Fe2Sn-1000K,Li9Fe2Sn,1.88349e-05,4.751736424627346e-06,1.4255209273882039e-05,38.0
Fe-Li-Sn,1500.0,Li,Li9Fe2Sn-1500K,Li9Fe2Sn,0.000658361,0.00019865168586074384,0.0005959550575822315,36.6
Fe-Li-Sn,1500.0,Fe,Li9Fe2Sn-1500K,Li9Fe2Sn,3.7486e-05,6.91604363986731e-06,2.0748130919601933e-05,36.6
Fe-Li-Sn,1500.0,Sn,Li9Fe2Sn-1500K,Li9Fe2Sn,0.000127419,4.317881190946793e-05,0.0001295364357284038,36.6
Fe-Li-Sn,2000.0,Li,Li9Fe2Sn-2000K,Li9Fe2Sn,0.0011834,0.00037351864537268713,0.0011205559361180614,33.0
Fe-Li-Sn,2000.0,Fe,Li9Fe2Sn-2000K,Li9Fe2Sn,0.000129061,2.808606674865379e-05,8.425820024596137e-05,33.0
Fe-Li-Sn,2000.0,Sn,Li9Fe2Sn-2000K,Li9Fe2Sn,0.000300777,9.057229787093698e-05,0.00027171689361281094,33.0
Fe-Li-Sn,2500.0,Li,Li9Fe2Sn-2500K,Li9Fe2Sn,0.00169643,0.0005828588661408357,0.0017485765984225068,28.9
Fe-Li-Sn,2500.0,Fe,Li9Fe2Sn-2500K,Li9Fe2Sn,0.000130265,5.135430566549922e-05,0.00015406291699649767,28.9
Fe-Li-Sn,2500.0,Sn,Li9Fe2Sn-2500K,Li9Fe2Sn,0.000660322,0.00017975978122004247,0.0005392793436601274,28.9
Ga-Li-O,1500.0,Li,mp-4657,Li5GaO4,0.000208216,6.133360167944505e-05,0.00018400080503833518,27.4
Ga-Li-O,1500.0,Ga,mp-4657,Li5GaO4,6.06233e-06,1.9876671564306e-06,5.9630014692918e-06,27.4
Ga-Li-O,1500.0,O,mp-4657,Li5GaO4,2.95299e-06,1.1412029590646399e-06,3.4236088771939198e-06,27.4
Ga-Li-O,2000.0,Li,mp-4657,Li5GaO4,0.000441027,0.00016565807829511386,0.0004969742348853416,25.5
Ga-Li-O,2000.0,Ga,mp-4657,Li5GaO4,4.60002e-05,1.7301901891538112e-05,5.1905705674614336e-05,25.5
Ga-Li-O,2000.0,O,mp-4657,Li5GaO4,7.75252e-05,1.9724631922944615e-05,5.917389576883384e-05,25.5
Ga-Li-O,2500.0,Li,mp-4657,Li5GaO4,0.000711967,0.0002776905273699853,0.0008330715821099558,22.2
Ga-Li-O,2500.0,Ga,mp-4657,Li5GaO4,0.00013857,7.616011977025332e-05,0.00022848035931075992,22.2
Ga-Li-O,2500.0,O,mp-4657,Li5GaO4,0.000191722,6.563883215501437e-05,0.00019691649646504314,22.2
Ga-Li-O,1000.0,Li,mp-4657,Li5GaO4,2.40681e-05,7.906443590621744e-06,2.371933077186523e-05,23.6
Ga-Li-O,1000.0,Ga,mp-4657,Li5GaO4,,1.0453511066398386e-06,3.1360533199195158e-06,23.6
Ga-Li-O,1000.0,O,mp-4657,Li5GaO4,1.34274e-06,4.7134556915963857e-07,1.4140367074789156e-06,23.6
Ga-Li-Si,1000.0,Li,Li5(GaSi4)2-1000K,Li5(GaSi4)2,0.000119305,4.9484709681561384e-05,0.00014845412904468413,29.3
Ga-Li-Si,1000.0,Ga,Li5(GaSi4)2-1000K,Li5(GaSi4)2,9.53443e-05,3.386227557047474e-05,0.00010158682671142421,29.3
Ga-Li-Si,1000.0,Si,Li5(GaSi4)2-1000K,Li5(GaSi4)2,7.25829e-05,2.4499228547582366e-05,7.349768564274709e-05,29.3
Ga-Li-Si,1500.0,Li,Li5(GaSi4)2-1500K,Li5(GaSi4)2,0.000439917,0.00015823253664263388,0.00047469760992790164,39.4
Ga-Li-Si,1500.0,Ga,Li5(GaSi4)2-1500K,Li5(GaSi4)2,0.000402869,0.00014528653265640087,0.00043585959796920256,39.4
Ga-Li-Si,1500.0,Si,Li5(GaSi4)2-1500K,Li5(GaSi4)2,0.000307686,0.00010890499377395238,0.00032671498132185714,39.4
Ga-Li-Si,2000.0,Li,Li5(GaSi4)2-2000K,Li5(GaSi4)2,0.000849453,0.0002484041654381392,0.0007452124963144175,32.5
Ga-Li-Si,2000.0,Ga,Li5(GaSi4)2-2000K,Li5(GaSi4)2,0.00059431,0.00019070461616821648,0.0005721138485046494,32.5
Ga-Li-Si,2000.0,Si,Li5(GaSi4)2-2000K,Li5(GaSi4)2,0.000742689,0.00025440577156829133,0.0007632173147048741,32.5
Ga-Li-Si,2500.0,Li,Li5(GaSi4)2-2500K,Li5(GaSi4)2,0.00126072,0.00039959422788650103,0.001198782683659503,31.4
Ga-Li-Si,2500.0,Ga,Li5(GaSi4)2-2500K,Li5(GaSi4)2,0.000922633,0.00031138326104860264,0.0009341497831458079,31.4
Ga-Li-Si,2500.0,Si,Li5(GaSi4)2-2500K,Li5(GaSi4)2,0.0009532,0.00031876655290709023,0.0009562996587212708,31.4
Ga-Li-Sn,1000.0,Li,Li6Ga2Sn-1000K,Li6Ga2Sn,0.000161817,5.901502936004053e-05,0.0001770450880801216,35.2
Ga-Li-Sn,1000.0,Ga,Li6Ga2Sn-1000K,Li6Ga2Sn,8.65024e-05,2.8041207913371908e-05,8.412362374011573e-05,35.2
Ga-Li-Sn,1000.0,Sn,Li6Ga2Sn-1000K,Li6Ga2Sn,3.55667e-05,1.120851064966807e-05,3.362553194900421e-05,35.2
Ga-Li-Sn,1500.0,Li,Li6Ga2Sn-1500K,Li6Ga2Sn,0.000540377,0.00016678930577528533,0.0005003679173258559,35.4
Ga-Li-Sn,1500.0,Ga,Li6Ga2Sn-1500K,Li6Ga2Sn,0.000243836,6.8010397993084e-05,0.00020403119397925198,35.4
Ga-Li-Sn,1500.0,Sn,Li6Ga2Sn-1500K,Li6Ga2Sn,0.000135288,4.103872231508134e-05,0.00012311616694524402,35.4
Ga-Li-Sn,2000.0,Li,Li6Ga2Sn-2000K,Li6Ga2Sn,0.00107164,0.0003612059554915657,0.0010836178664746972,31.6
Ga-Li-Sn,2000.0,Ga,Li6Ga2Sn-2000K,Li6Ga2Sn,0.000589067,0.00018235767595703198,0.000547073027871096,31.6
Ga-Li-Sn,2000.0,Sn,Li6Ga2Sn-2000K,Li6Ga2Sn,0.000395315,0.00011706009035591339,0.0003511802710677402,31.6
Ga-Li-Sn,2500.0,Li,Li6Ga2Sn-2500K,Li6Ga2Sn,0.00153749,0.0004669187710386606,0.0014007563131159817,30.0
Ga-Li-Sn,2500.0,Ga,Li6Ga2Sn-2500K,Li6Ga2Sn,0.000897623,0.0003053015690877569,0.0009159047072632707,30.0
Ga-Li-Sn,2500.0,Sn,Li6Ga2Sn-2500K,Li6Ga2Sn,0.000485522,0.00020270528103265672,0.0006081158430979701,30.0
Ge-Li-O,1500.0,Li,mp-15349,Li2GeO3,0.000116276,4.360801930547709e-05,0.00013082405791643126,29.8
Ge-Li-O,1500.0,Ge,mp-15349,Li2GeO3,5.68647e-06,1.886139486954157e-06,5.6584184608624705e-06,29.8
Ge-Li-O,1500.0,O,mp-15349,Li2GeO3,8.04514e-06,2.1111707781474272e-06,6.333512334442282e-06,29.8
Ge-Li-O,2000.0,Li,mp-15349,Li2GeO3,0.000391661,0.0001391542303234539,0.00041746269097036167,36.1
Ge-Li-O,2000.0,Ge,mp-15349,Li2GeO3,4.56963e-05,1.5440664824936393e-05,4.6321994474809175e-05,36.1
Ge-Li-O,2000.0,O,mp-15349,Li2GeO3,5.78207e-05,1.6940245634821406e-05,5.082073690446422e-05,36.1
Ge-Li-O,2500.0,Li,mp-15349,Li2GeO3,0.000625064,0.00023816854901254032,0.000714505647037621,34.1
Ge-Li-O,2500.0,Ge,mp-15349,Li2GeO3,0.000111609,4.3555315190836646e-05,0.00013066594557250996,34.1
Ge-Li-O,2500.0,O,mp-15349,Li2GeO3,0.000127176,3.9699033872590246e-05,0.00011909710161777075,34.1
Ge-Li-O,1000.0,Li,mp-15349,Li2GeO3,5.21098e-05,1.8806256328597094e-05,5.6418768985791284e-05,26.0
Ge-Li-O,1000.0,Ge,mp-15349,Li2GeO3,,8.622579007973672e-07,2.5867737023921018e-06,26.0
Ge-Li-O,1000.0,O,mp-15349,Li2GeO3,2.05317e-06,7.027286621102834e-07,2.1081859863308504e-06,26.0
Ge-Li-Si,1000.0,Li,Li10Si9Ge-1000K,Li10Si9Ge,0.000138321,3.895785423638367e-05,0.000116873562709151,36.8
Ge-Li-Si,1000.0,Ge,Li10Si9Ge-1000K,Li10Si9Ge,5.18749e-05,1.3190976141505559e-05,3.957292842451668e-05,36.8
Ge-Li-Si,1000.0,Si,Li10Si9Ge-1000K,Li10Si9Ge,3.60051e-05,1.0994656638538995e-05,3.2983969915616985e-05,36.8
Ge-Li-Si,1500.0,Li,Li10Si9Ge-1500K,Li10Si9Ge,0.000469346,0.00017693226938881763,0.0005307968081664529,32.7
Ge-Li-Si,1500.0,Ge,Li10Si9Ge-1500K,Li10Si9Ge,0.000149918,7.369235449587879e-05,0.00022107706348763637,32.7
Ge-Li-Si,1500.0,Si,Li10Si9Ge-1500K,Li10Si9Ge,0.000282973,0.0001171995519394794,0.00035159865581843824,32.7
Ge-Li-Si,2000.0,Li,Li10Si9Ge-2000K,Li10Si9Ge,0.000896992,0.0002867014942389047,0.000860104482716714,39.9
Ge-Li-Si,2000.0,Ge,Li10Si9Ge-2000K,Li10Si9Ge,0.000514173,9.248058539789465e-05,0.00027744175619368397,39.9
Ge-Li-Si,2000.0,Si,Li10Si9Ge-2000K,Li10Si9Ge,0.000528811,0.00019120419751210966,0.000573612592536329,39.9
Ge-Li-Si,2500.0,Li,Li10Si9Ge-2500K,Li10Si9Ge,0.00143992,0.0006597537800998896,0.0019792613402996686,34.5
Ge-Li-Si,2500.0,Ge,Li10Si9Ge-2500K,Li10Si9Ge,0.000696367,0.0003315162592413307,0.0009945487777239918,34.5
Ge-Li-Si,2500.0,Si,Li10Si9Ge-2500K,Li10Si9Ge,0.000923413,0.00027123030749761284,0.0008136909224928385,34.5
Ge-Li-Sn,1000.0,Li,Li6SnGe2-1000K,Li6SnGe2,0.000176496,6.781275707567143e-05,0.00020343827122701428,35.7
Ge-Li-Sn,1000.0,Ge,Li6SnGe2-1000K,Li6SnGe2,8.46367e-05,2.762909073655145e-05,8.288727220965435e-05,35.7
Ge-Li-Sn,1000.0,Sn,Li6SnGe2-1000K,Li6SnGe2,7.10782e-05,2.4221589096267085e-05,7.266476728880126e-05,35.7
Ge-Li-Sn,1500.0,Li,Li6SnGe2-1500K,Li6SnGe2,0.000502907,0.00019139138440071808,0.0005741741532021543,31.6
Ge-Li-Sn,1500.0,Ge,Li6SnGe2-1500K,Li6SnGe2,0.000347182,0.00012063840917305081,0.0003619152275191524,31.6
Ge-Li-Sn,1500.0,Sn,Li6SnGe2-1500K,Li6SnGe2,0.000216439,6.537225552059817e-05,0.00019611676656179451,31.6
Ge-Li-Sn,2000.0,Li,Li6SnGe2-2000K,Li6SnGe2,0.000932464,0.00029611978594722165,0.000888359357841665,25.9
Ge-Li-Sn,2000.0,Ge,Li6SnGe2-2000K,Li6SnGe2,0.000473215,0.0001496576292192842,0.0004489728876578526,25.9
Ge-Li-Sn,2000.0,Sn,Li6SnGe2-2000K,Li6SnGe2,0.000494685,0.00017006645437878326,0.0005101993631363498,25.9
Ge-Li-Sn,2500.0,Li,Li6SnGe2-2500K,Li6SnGe2,0.00160163,0.0005595070909403974,0.0016785212728211922,22.1
Ge-Li-Sn,2500.0,Ge,Li6SnGe2-2500K,Li6SnGe2,0.000958954,0.0004641697129708378,0.0013925091389125135,22.1
Ge-Li-Sn,2500.0,Sn,Li6SnGe2-2500K,Li6SnGe2,0.000611338,0.00013422634461761625,0.0004026790338528487,22.1
Hf-Li,1000.0,Li,Li9Hf2-1000K,Li9Hf2,0.000445926,0.00012645866099976352,0.0003793759829992905,35.1
Hf-Li,1000.0,Hf,Li9Hf2-1000K,Li9Hf2,7.71814e-06,1.626827697205098e-06,4.880483091615294e-06,35.1
Hf-Li,1500.0,Li,Li9Hf2-1500K,Li9Hf2,0.000981624,0.000353579793627547,0.001060739380882641,28.5
Hf-Li,1500.0,Hf,Li9Hf2-1500K,Li9Hf2,3.23782e-05,8.513480892152865e-06,2.55404426764586e-05,28.5
Hf-Li,2000.0,Li,Li9Hf2-2000K,Li9Hf2,0.00144662,0.0004859537917320355,0.0014578613751961066,38.2
Hf-Li,2000.0,Hf,Li9Hf2-2000K,Li9Hf2,6.03403e-05,2.03745794569964e-05,6.112373837098919e-05,38.2
Hf-Li,2500.0,Li,Li9Hf2-2500K,Li9Hf2,0.00193883,0.0006785175698519648,0.002035552709555894,35.8
Hf-Li,2500.0,Hf,Li9Hf2-2500K,Li9Hf2,0.000140504,4.569199706988015e-05,0.00013707599120964045,35.8
Hf-Li-Si,1000.0,Li,Li3HfSi2-1000K,Li3HfSi2,3.37348e-05,1.0280507982884696e-05,3.084152394865409e-05,36.7
Hf-Li-Si,1000.0,Hf,Li3HfSi2-1000K,Li3HfSi2,,1.3288732308518764e-07,3.9866196925556296e-07,36.7
Hf-Li-Si,1000.0,Si,Li3HfSi2-1000K,Li3HfSi2,,3.068823047621192e-07,9.206469142863578e-07,36.7
Hf-Li-Si,1500.0,Li,Li3HfSi2-1500K,Li3HfSi2,0.000267233,6.617696197411003e-05,0.00019853088592233008,34.6
Hf-Li-Si,1500.0,Hf,Li3HfSi2-1500K,Li3HfSi2,6.77985e-06,1.6675554730258714e-06,5.002666419077614e-06,34.6
Hf-Li-Si,1500.0,Si,Li3HfSi2-1500K,Li3HfSi2,3.28065e-05,1.1121012639218105e-05,3.336303791765432e-05,34.6
Hf-Li-Si,2000.0,Li,Li3HfSi2-2000K,Li3HfSi2,0.000639573,0.0002084021046845534,0.0006252063140536603,26.3
Hf-Li-Si,2000.0,Hf,Li3HfSi2-2000K,Li3HfSi2,5.69575e-05,1.8973953950581037e-05,5.6921861851743116e-05,26.3
Hf-Li-Si,2000.0,Si,Li3HfSi2-2000K,Li3HfSi2,0.000207057,5.24351290542915e-05,0.00015730538716287449,26.3
Hf-Li-Si,2500.0,Li,Li3HfSi2-2500K,Li3HfSi2,0.000908427,0.00032424774308377686,0.0009727432292513305,34.0
Hf-Li-Si,2500.0,Hf,Li3HfSi2-2500K,Li3HfSi2,0.000219104,7.220908513615709e-05,0.00021662725540847125,34.0
Hf-Li-Si,2500.0,Si,Li3HfSi2-2500K,Li3HfSi2,0.000401351,0.0001724502567772273,0.0005173507703316819,34.0
Hf-Li-Sn,1000.0,Li,Li32Hf5Sn3-1000K,Li32Hf5Sn3,0.000279459,7.836444465905083e-05,0.00023509333397715249,39.9
Hf-Li-Sn,1000.0,Hf,Li32Hf5Sn3-1000K,Li32Hf5Sn3,3.45556e-06,1.3510198556687918e-06,4.053059567006375e-06,39.9
Hf-Li-Sn,1000.0,Sn,Li32Hf5Sn3-1000K,Li32Hf5Sn3,3.28155e-05,1.0454672168787654e-05,3.136401650636297e-05,39.9
Hf-Li-Sn,1500.0,Li,Li32Hf5Sn3-1500K,Li32Hf5Sn3,0.000751704,0.00023152360023611523,0.0006945708007083457,39.9
Hf-Li-Sn,1500.0,Hf,Li32Hf5Sn3-1500K,Li32Hf5Sn3,1.36282e-05,-9.631197980867692e-07,-2.8893593942603077e-06,39.9
Hf-Li-Sn,1500.0,Sn,Li32Hf5Sn3-1500K,Li32Hf5Sn3,0.000140392,3.498401955763122e-05,0.00010495205867289366,39.9
Hf-Li-Sn,2000.0,Li,Li32Hf5Sn3-2000K,Li32Hf5Sn3,0.00123762,0.00039935644021597605,0.001198069320647928,39.9
Hf-Li-Sn,2000.0,Hf,Li32Hf5Sn3-2000K,Li32Hf5Sn3,3.93604e-05,1.0087756811460848e-05,3.0263270434382544e-05,39.9
Hf-Li-Sn,2000.0,Sn,Li32Hf5Sn3-2000K,Li32Hf5Sn3,0.000365257,9.238666848238108e-05,0.00027716000544714326,39.9
Hf-Li-Sn,2500.0,Li,Li32Hf5Sn3-2500K,Li32Hf5Sn3,0.00179952,0.0005660788759595829,0.0016982366278787484,32.4
Hf-Li-Sn,2500.0,Hf,Li32Hf5Sn3-2500K,Li32Hf5Sn3,0.000149552,4.0555013783467396e-05,0.0001216650413504022,32.4
Hf-Li-Sn,2500.0,Sn,Li32Hf5Sn3-2500K,Li32Hf5Sn3,0.000618805,0.0001863065621712603,0.0005589196865137809,32.4
Hg-Li,1000.0,Li,Li4Hg-1000K,Li4Hg,0.000374945,0.00012422131964819993,0.00037266395894459985,39.9
Hg-Li,1000.0,Hg,Li4Hg-1000K,Li4Hg,0.000178678,6.087683721360905e-05,0.00018263051164082715,39.9
Hg-Li,1500.0,Li,Li4Hg-1500K,Li4Hg,0.000814451,0.000256159728395169,0.0007684791851855069,39.9
Hg-Li,1500.0,Hg,Li4Hg-1500K,Li4Hg,0.000332107,9.984996021342968e-05,0.000299549880640289,39.9
Hg-Li,2000.0,Li,Li4Hg-2000K,Li4Hg,0.00136183,0.0003462277724005626,0.001038683317201688,39.9
Hg-Li,2000.0,Hg,Li4Hg-2000K,Li4Hg,0.00077556,0.0002758518067443301,0.0008275554202329904,39.9
Hg-Li,2500.0,Li,Li4Hg-2500K,Li4Hg,0.00199684,0.0007305477631990141,0.002191643289597042,39.9
Hg-Li,2500.0,Hg,Li4Hg-2500K,Li4Hg,0.000963298,0.00032225838049850414,0.0009667751414955124,39.9
Hg-Li-Si,1000.0,Li,Li2SiHg-1000K,Li2SiHg,0.000104007,2.7226238519765974e-05,8.167871555929793e-05,39.9
Hg-Li-Si,1000.0,Hg,Li2SiHg-1000K,Li2SiHg,5.85508e-05,1.956948132780084e-05,5.8708443983402514e-05,39.9
Hg-Li-Si,1000.0,Si,Li2SiHg-1000K,Li2SiHg,3.58872e-05,1.1308906742449234e-05,3.3926720227347705e-05,39.9
Hg-Li-Si,1500.0,Li,Li2SiHg-1500K,Li2SiHg,0.000450574,0.00014741075108364152,0.0004422322532509246,39.9
Hg-Li-Si,1500.0,Hg,Li2SiHg-1500K,Li2SiHg,0.000322781,0.0001075877581786721,0.0003227632745360163,39.9
Hg-Li-Si,1500.0,Si,Li2SiHg-1500K,Li2SiHg,0.000299018,8.062739021076759e-05,0.00024188217063230276,39.9
Hg-Li-Si,2000.0,Li,Li2SiHg-2000K,Li2SiHg,0.000920714,0.00033244959685353346,0.0009973487905606004,39.9
Hg-Li-Si,2000.0,Hg,Li2SiHg-2000K,Li2SiHg,0.000464896,0.00015606323472774415,0.0004681897041832324,39.9
Hg-Li-Si,2000.0,Si,Li2SiHg-2000K,Li2SiHg,0.000562258,0.00023569513138972328,0.0007070853941691698,39.9
Hg-Li-Si,2500.0,Li,Li2SiHg-2500K,Li2SiHg,0.00122106,0.00034327828058097905,0.0010298348417429372,35.3
Hg-Li-Si,2500.0,Hg,Li2SiHg-2500K,Li2SiHg,0.000787041,0.0002822297230580119,0.0008466891691740356,35.3
Hg-Li-Si,2500.0,Si,Li2SiHg-2500K,Li2SiHg,0.00085176,0.00029459086834938514,0.0008837726050481554,35.3
I-Li,1000.0,Li,Li2I-1000K,Li2I,0.000530717,0.00016050691533862714,0.00048152074601588143,33.1
I-Li,1000.0,I,Li2I-1000K,Li2I,0.000125237,3.8935500465461166e-05,0.0001168065013963835,33.1
I-Li,1500.0,Li,Li2I-1500K,Li2I,0.00118623,0.0003969732403030592,0.0011909197209091775,31.9
I-Li,1500.0,I,Li2I-1500K,Li2I,0.000251928,8.041135226774365e-05,0.00024123405680323093,31.9
I-Li,2000.0,Li,Li2I-2000K,Li2I,0.00190875,0.0005652220024455773,0.0016956660073367317,31.8
I-Li,2000.0,I,Li2I-2000K,Li2I,0.00060095,0.00020467183481445752,0.0006140155044433727,31.8
I-Li,2500.0,Li,Li2I-2500K,Li2I,0.00285213,0.0009451796360719813,0.0028355389082159437,37.9
I-Li,2500.0,I,Li2I-2500K,Li2I,0.000883685,0.0002803333389863285,0.0008410000169589856,37.9
I-Li-O,2500.0,Li,mp-23384,LiIO3,0.000717744,0.0001866923785485937,0.0005600771356457811,28.8
I-Li-O,2500.0,I,mp-23384,LiIO3,0.000182397,5.571503013784142e-05,0.00016714509041352424,28.8
I-Li-O,2500.0,O,mp-23384,LiIO3,0.000389533,0.00011344470911304665,0.00034033412733913996,28.8
I-Li-O,1000.0,Li,mp-23384,LiIO3,2.95484e-05,1.2725953007635654e-05,3.817785902290696e-05,23.5
I-Li-O,1000.0,I,mp-23384,LiIO3,,1.4745269483288664e-06,4.423580844986598e-06,23.5
I-Li-O,1000.0,O,mp-23384,LiIO3,1.82306e-05,4.857722093110166e-06,1.4573166279330497e-05,23.5
I-Li-O,1500.0,Li,mp-23384,LiIO3,0.000176635,4.638359435268953e-05,0.00013915078305806858,16.2
I-Li-O,1500.0,I,mp-23384,LiIO3,3.0345e-05,9.037274440704117e-06,2.7111823322112352e-05,16.2
I-Li-O,1500.0,O,mp-23384,LiIO3,6.14842e-05,1.3400631246055126e-05,4.020189373816538e-05,16.2
I-Li-O,2000.0,Li,mp-23384,LiIO3,0.000477269,0.00011553725000000002,0.00034661175,2.7
I-Li-O,2000.0,I,mp-23384,LiIO3,9.20264e-05,1.6202473039215686e-05,4.8607419117647066e-05,2.7
I-Li-O,2000.0,O,mp-23384,LiIO3,0.000238039,5.159932352941178e-05,0.00015479797058823533,2.7
I-Li-Si,1000.0,Li,Li4(SiI3)3-1000K,Li4(SiI3)3,0.000430039,8.888604080733761e-05,0.0002666581224220128,29.7
I-Li-Si,1000.0,I,Li4(SiI3)3-1000K,Li4(SiI3)3,8.43448e-05,2.777279253716682e-05,8.331837761150045e-05,29.7
I-Li-Si,1000.0,Si,Li4(SiI3)3-1000K,Li4(SiI3)3,4.22656e-05,1.5260445301364958e-05,4.578133590409488e-05,29.7
I-Li-Si,1500.0,Li,Li4(SiI3)3-1500K,Li4(SiI3)3,0.000935251,0.0003166992605415399,0.0009500977816246197,36.3
I-Li-Si,1500.0,I,Li4(SiI3)3-1500K,Li4(SiI3)3,0.00026453,8.763804371306838e-05,0.0002629141311392051,36.3
I-Li-Si,1500.0,Si,Li4(SiI3)3-1500K,Li4(SiI3)3,0.000157304,4.842253015295155e-05,0.00014526759045885467,36.3
I-Li-Si,2000.0,Li,Li4(SiI3)3-2000K,Li4(SiI3)3,0.00180608,0.0005177819287933026,0.0015533457863799078,34.2
I-Li-Si,2000.0,I,Li4(SiI3)3-2000K,Li4(SiI3)3,0.000542281,0.00017568863494959902,0.0005270659048487971,34.2
I-Li-Si,2000.0,Si,Li4(SiI3)3-2000K,Li4(SiI3)3,0.000471755,0.00010211094111146706,0.0003063328233344012,34.2
I-Li-Si,2500.0,Li,Li4(SiI3)3-2500K,Li4(SiI3)3,0.00268724,0.0008971051667586657,0.0026913155002759974,28.4
I-Li-Si,2500.0,I,Li4(SiI3)3-2500K,Li4(SiI3)3,0.000755677,0.0002211889998480012,0.0006635669995440035,28.4
I-Li-Si,2500.0,Si,Li4(SiI3)3-2500K,Li4(SiI3)3,0.000855183,0.00020240473556211547,0.0006072142066863464,28.4
I-Li-Sn,1000.0,Li,LiSnI2-1000K,LiSnI2,0.000444779,0.0001212323590101081,0.0003636970770303243,25.2
I-Li-Sn,1000.0,I,LiSnI2-1000K,LiSnI2,0.000138803,4.9314806901359385e-05,0.00014794442070407813,25.2
I-Li-Sn,1000.0,Sn,LiSnI2-1000K,LiSnI2,0.000120666,4.0432876147321965e-05,0.00012129862844196591,25.2
I-Li-Sn,1500.0,Li,LiSnI2-1500K,LiSnI2,0.000990818,0.000424219886305158,0.001272659658915474,28.0
I-Li-Sn,1500.0,I,LiSnI2-1500K,LiSnI2,0.00022549,7.072186778176527e-05,0.00021216560334529582,28.0
I-Li-Sn,1500.0,Sn,LiSnI2-1500K,LiSnI2,0.000257715,8.585096168609525e-05,0.00025755288505828575,28.0
I-Li-Sn,2000.0,Li,LiSnI2-2000K,LiSnI2,0.00164543,0.0005895792564260613,0.0017687377692781837,25.9
I-Li-Sn,2000.0,I,LiSnI2-2000K,LiSnI2,0.000356735,0.00011254041182637643,0.0003376212354791293,25.9
I-Li-Sn,2000.0,Sn,LiSnI2-2000K,LiSnI2,0.000418696,0.00016445903149415474,0.0004933770944824642,25.9
I-Li-Sn,2500.0,Li,LiSnI2-2500K,LiSnI2,0.00236063,0.0009048661424952223,0.0027145984274856666,25.1
I-Li-Sn,2500.0,I,LiSnI2-2500K,LiSnI2,0.000686746,0.0002212807460183416,0.0006638422380550248,25.1
I-Li-Sn,2500.0,Sn,LiSnI2-2500K,LiSnI2,0.000613816,0.00020381589122479526,0.0006114476736743857,25.1
In-Li,1000.0,Li,Li3In-1000K,Li3In,0.0001711,5.5077536141368756e-05,0.00016523260842410626,32.3
In-Li,1000.0,In,Li3In-1000K,Li3In,4.26722e-05,1.4064992019109222e-05,4.2194976057327664e-05,32.3
In-Li,1500.0,Li,Li3In-1500K,Li3In,0.00058127,0.00017768553145921338,0.0005330565943776402,32.4
In-Li,1500.0,In,Li3In-1500K,Li3In,0.000270715,0.00010034455911785809,0.0003010336773535743,32.4
In-Li,2000.0,Li,Li3In-2000K,Li3In,0.00103199,0.00027492371559069867,0.000824771146772096,30.9
In-Li,2000.0,In,Li3In-2000K,Li3In,0.000507885,0.0001699754786492548,0.0005099264359477644,30.9
In-Li,2500.0,Li,Li3In-2500K,Li3In,0.00162479,0.0005087332029324299,0.0015261996087972897,22.7
In-Li,2500.0,In,Li3In-2500K,Li3In,0.000820587,0.0003317724728066409,0.0009953174184199225,22.7
In-Li-Si,1000.0,Li,Li20InSi9-1000K,Li20InSi9,0.000120999,4.2929547549700535e-05,0.00012878864264910162,36.9
In-Li-Si,1000.0,In,Li20InSi9-1000K,Li20InSi9,1.78724e-05,2.9280734352232638e-06,8.78422030566979e-06,36.9
In-Li-Si,1000.0,Si,Li20InSi9-1000K,Li20InSi9,3.1254e-05,1.0259313114933002e-05,3.077793934479901e-05,36.9
In-Li-Si,1500.0,Li,Li20InSi9-1500K,Li20InSi9,0.000488282,0.00015470678629755946,0.0004641203588926784,29.6
In-Li-Si,1500.0,In,Li20InSi9-1500K,Li20InSi9,0.000132058,6.114327061800639e-05,0.00018342981185401916,29.6
In-Li-Si,1500.0,Si,Li20InSi9-1500K,Li20InSi9,0.0002117,7.410242536775102e-05,0.00022230727610325307,29.6
In-Li-Si,2000.0,Li,Li20InSi9-2000K,Li20InSi9,0.000914474,0.0002866274659154618,0.0008598823977463854,31.9
In-Li-Si,2000.0,In,Li20InSi9-2000K,Li20InSi9,0.000564559,0.00016608273183815755,0.0004982481955144726,31.9
In-Li-Si,2000.0,Si,Li20InSi9-2000K,Li20InSi9,0.000538057,0.00014573378193977253,0.0004372013458193176,31.9
In-Li-Si,2500.0,Li,Li20InSi9-2500K,Li20InSi9,0.00142365,0.0005113825841724628,0.0015341477525173883,28.3
In-Li-Si,2500.0,In,Li20InSi9-2500K,Li20InSi9,0.000766323,0.0002080258815183917,0.0006240776445551751,28.3
In-Li-Si,2500.0,Si,Li20InSi9-2500K,Li20InSi9,0.000852559,0.00029693807652615706,0.0008908142295784711,28.3
In-Li-Sn,1000.0,Li,Li4InSn-1000K,Li4InSn,0.000136936,4.352650395918989e-05,0.00013057951187756968,33.2
In-Li-Sn,1000.0,In,Li4InSn-1000K,Li4InSn,7.329e-05,2.5507517912796307e-05,7.652255373838892e-05,33.2
In-Li-Sn,1000.0,Sn,Li4InSn-1000K,Li4InSn,3.62366e-05,1.2173889287345821e-05,3.652166786203746e-05,33.2
In-Li-Sn,1500.0,Li,Li4InSn-1500K,Li4InSn,0.000517886,0.00014317738757075755,0.0004295321627122727,32.1
In-Li-Sn,1500.0,In,Li4InSn-1500K,Li4InSn,0.000182581,5.746553710416499e-05,0.00017239661131249496,32.1
In-Li-Sn,1500.0,Sn,Li4InSn-1500K,Li4InSn,0.00019674,6.27877567360904e-05,0.00018836327020827122,32.1
In-Li-Sn,2000.0,Li,Li4InSn-2000K,Li4InSn,0.000979353,0.0004107820707159397,0.0012323462121478193,39.1
In-Li-Sn,2000.0,In,Li4InSn-2000K,Li4InSn,0.0005712,0.00012129611343303151,0.0003638883402990945,39.1
In-Li-Sn,2000.0,Sn,Li4InSn-2000K,Li4InSn,0.000318436,0.00010548060781242315,0.0003164418234372695,39.1
In-Li-Sn,2500.0,Li,Li4InSn-2500K,Li4InSn,0.00152246,0.00039417249463208836,0.0011825174838962652,39.7
In-Li-Sn,2500.0,In,Li4InSn-2500K,Li4InSn,0.00102232,0.00041199214993449323,0.0012359764498034796,39.7
In-Li-Sn,2500.0,Sn,Li4InSn-2500K,Li4InSn,0.000549213,0.00016510577414165714,0.0004953173224249714,39.7
Ir-Li,1000.0,Li,Li4Ir-1000K,Li4Ir,0.000155382,5.955969507162294e-05,0.00017867908521486883,35.6
Ir-Li,1000.0,Ir,Li4Ir-1000K,Li4Ir,2.42506e-05,8.187082018059096e-06,2.4561246054177288e-05,35.6
Ir-Li,1500.0,Li,Li4Ir-1500K,Li4Ir,0.000498543,0.00016087299803266904,0.0004826189940980071,34.8
Ir-Li,1500.0,Ir,Li4Ir-1500K,Li4Ir,5.52455e-05,1.438965221182326e-05,4.316895663546978e-05,34.8
Ir-Li,2000.0,Li,Li4Ir-2000K,Li4Ir,0.000932784,0.000282975935689667,0.0008489278070690011,34.1
Ir-Li,2000.0,Ir,Li4Ir-2000K,Li4Ir,0.000169707,5.6265910882435414e-05,0.00016879773264730626,34.1
Ir-Li,2500.0,Li,Li4Ir-2500K,Li4Ir,0.00141418,0.0004402663020172823,0.001320798906051847,36.4
Ir-Li,2500.0,Ir,Li4Ir-2500K,Li4Ir,0.00040653,0.00012116020294690025,0.00036348060884070074,36.4
K-Li,1000.0,Li,K2Li9-1000K,K2Li9,0.000597658,0.00017555811989744633,0.000526674359692339,30.5
K-Li,1000.0,K,K2Li9-1000K,K2Li9,0.000253104,6.642645785848744e-05,0.00019927937357546233,30.5
K-Li,1500.0,Li,K2Li9-1500K,K2Li9,0.00119915,0.0004289095622768344,0.0012867286868305033,32.3
K-Li,1500.0,K,K2Li9-1500K,K2Li9,0.000651007,0.0001069161157838654,0.0003207483473515962,32.3
K-Li,2000.0,Li,K2Li9-2000K,K2Li9,0.00214559,0.0007566680417102361,0.0022700041251307083,25.2
K-Li,2000.0,K,K2Li9-2000K,K2Li9,0.00129154,0.0006057490188218894,0.0018172470564656682,25.2
K-Li,2500.0,Li,K2Li9-2500K,K2Li9,0.00303198,0.0009979199394155379,0.002993759818246613,30.7
K-Li,2500.0,K,K2Li9-2500K,K2Li9,0.0021729,0.0006784154002363018,0.0020352462007089053,30.7
K-Li-Na-O-Te,1500.0,Li,mp-559875,K3Na2LiTeO6,0.000108799,4.626696639784949e-05,0.00013880089919354846,5.2
K-Li-Na-O-Te,1500.0,K,mp-559875,K3Na2LiTeO6,,4.822825806451614e-05,0.00014468477419354842,5.2
K-Li-Na-O-Te,1500.0,Na,mp-559875,K3Na2LiTeO6,0.000106289,5.33166995967742e-05,0.0001599500987903226,5.2
K-Li-Na-O-Te,1500.0,O,mp-559875,K3Na2LiTeO6,8.54385e-05,2.736593481182797e-05,8.209780443548392e-05,5.2
K-Li-Na-O-Te,1500.0,Te,mp-559875,K3Na2LiTeO6,,6.645985887096777e-06,1.993795766129033e-05,5.2
K-Li-Na-O-Te,1000.0,Li,mp-559875,K3Na2LiTeO6,3.87013e-05,1.5416348658354273e-05,4.6249045975062825e-05,15.3
K-Li-Na-O-Te,1000.0,K,mp-559875,K3Na2LiTeO6,3.36539e-05,9.731946978921034e-06,2.9195840936763103e-05,15.3
K-Li-Na-O-Te,1000.0,Na,mp-559875,K3Na2LiTeO6,4.3271e-05,1.1482964759644284e-05,3.4448894278932854e-05,15.3
K-Li-Na-O-Te,1000.0,O,mp-559875,K3Na2LiTeO6,2.30998e-05,7.268484027660047e-06,2.180545208298014e-05,15.3
K-Li-Na-O-Te,1000.0,Te,mp-559875,K3Na2LiTeO6,1.50618e-05,2.5886290823482274e-06,7.765887247044681e-06,15.3
K-Li-Na-O-Te,2500.0,Li,mp-559875,K3Na2LiTeO6,0.000550454,0.0001637573948493169,0.0004912721845479507,17.7
K-Li-Na-O-Te,2500.0,K,mp-559875,K3Na2LiTeO6,0.000507861,0.00014015677725436848,0.0004204703317631054,17.7
K-Li-Na-O-Te,2500.0,Na,mp-559875,K3Na2LiTeO6,0.00053139,7.701062003006102e-05,0.00023103186009018308,17.7
K-Li-Na-O-Te,2500.0,O,mp-559875,K3Na2LiTeO6,0.000360854,8.005105381598945e-05,0.00024015316144796836,17.7
K-Li-Na-O-Te,2500.0,Te,mp-559875,K3Na2LiTeO6,0.000173749,5.173052455685148e-05,0.00015519157367055445,17.7
K-Li-Na-O-Te,2000.0,Li,mp-559875,K3Na2LiTeO6,0.000260856,6.775340554717814e-05,0.0002032602166415344,22.1
K-Li-Na-O-Te,2000.0,K,mp-559875,K3Na2LiTeO6,0.000349567,0.00010429813408434341,0.00031289440225303023,22.1
K-Li-Na-O-Te,2000.0,Na,mp-559875,K3Na2LiTeO6,0.00035009,0.00013720266145064255,0.0004116079843519277,22.1
K-Li-Na-O-Te,2000.0,O,mp-559875,K3Na2LiTeO6,0.000168961,2.843629880565397e-05,8.530889641696192e-05,22.1
K-Li-Na-O-Te,2000.0,Te,mp-559875,K3Na2LiTeO6,6.30327e-05,2.1011797919503825e-05,6.303539375851147e-05,22.1
K-Li-Na-O-Te,1000.0,Li,mp-559875,K3Na2LiTeO6,3.87013e-05,,,
K-Li-Na-O-Te,1000.0,K,mp-559875,K3Na2LiTeO6,3.36539e-05,,,
K-Li-Na-O-Te,1000.0,Na,mp-559875,K3Na2LiTeO6,4327.1,,,
K-Li-Na-O-Te,1000.0,O,mp-559875,K3Na2LiTeO6,2309.98,,,
K-Li-Na-O-Te,1000.0,Te,mp-559875,K3Na2LiTeO6,1506.18,,,
K-Li-O-Ta,2000.0,Li,mp-9059,KLi6TaO6,0.000391205,0.00010975502495401248,0.0003292650748620375,29.7
K-Li-O-Ta,2000.0,K,mp-9059,KLi6TaO6,0.000226631,6.267556379258433e-05,0.000188026691377753,29.7
K-Li-O-Ta,2000.0,O,mp-9059,KLi6TaO6,7.91832e-05,2.9390407005919247e-05,8.817122101775773e-05,29.7
K-Li-O-Ta,2000.0,Ta,mp-9059,KLi6TaO6,4.96112e-05,1.8195079076894814e-05,5.458523723068444e-05,29.7
K-Li-O-Ta,1500.0,Li,mp-9059,KLi6TaO6,0.000161807,3.915623251397636e-05,0.00011746869754192906,30.3
K-Li-O-Ta,1500.0,K,mp-9059,KLi6TaO6,8.71155e-05,3.0499909843198487e-05,9.149972952959546e-05,30.3
K-Li-O-Ta,1500.0,O,mp-9059,KLi6TaO6,2.24241e-05,6.0528226145439256e-06,1.8158467843631777e-05,30.3
K-Li-O-Ta,1500.0,Ta,mp-9059,KLi6TaO6,3.89352e-06,1.6001186005673823e-06,4.800355801702147e-06,30.3
K-Li-O-Ta,2500.0,Li,mp-9059,KLi6TaO6,0.000666269,0.0002685114731340846,0.0008055344194022539,26.2
K-Li-O-Ta,2500.0,K,mp-9059,KLi6TaO6,0.000368316,0.00015589462635177186,0.00046768387905531556,26.2
K-Li-O-Ta,2500.0,O,mp-9059,KLi6TaO6,0.000181467,6.281718861441713e-05,0.0001884515658432514,26.2
K-Li-O-Ta,2500.0,Ta,mp-9059,KLi6TaO6,9.02357e-05,3.148667939621722e-05,9.446003818865165e-05,26.2
K-Li-O-Ta,1000.0,Li,mp-9059,KLi6TaO6,2.53096e-05,6.173184833480494e-06,1.851955450044148e-05,29.4
K-Li-O-Ta,1000.0,K,mp-9059,KLi6TaO6,2.34455e-05,6.1110088843106375e-06,1.8333026652931915e-05,29.4
K-Li-O-Ta,1000.0,O,mp-9059,KLi6TaO6,3.9164e-06,1.2562365050957108e-06,3.7687095152871326e-06,29.4
K-Li-O-Ta,1000.0,Ta,mp-9059,KLi6TaO6,,1.196952182268313e-07,3.5908565468049386e-07,29.4
K-Li-Si,1000.0,Li,KLi8Si-1000K,KLi8Si,0.000377388,0.00013329827878232845,0.00039989483634698535,39.9
K-Li-Si,1000.0,K,KLi8Si-1000K,KLi8Si,0.00025304,0.00010793710337853091,0.00032381131013559274,39.9
K-Li-Si,1000.0,Si,KLi8Si-1000K,KLi8Si,0.000132248,5.299573132056692e-05,0.00015898719396170076,39.9
K-Li-Si,1500.0,Li,KLi8Si-1500K,KLi8Si,0.000914411,0.0003668156572452068,0.0011004469717356205,39.9
K-Li-Si,1500.0,K,KLi8Si-1500K,KLi8Si,0.000677112,0.00017461966201670176,0.0005238589860501053,39.9
K-Li-Si,1500.0,Si,KLi8Si-1500K,KLi8Si,0.000347822,0.00012654765335914402,0.000379642960077432,39.9
K-Li-Si,2000.0,Li,KLi8Si-2000K,KLi8Si,0.0015854,0.0005018035229922976,0.0015054105689768925,39.9
K-Li-Si,2000.0,K,KLi8Si-2000K,KLi8Si,0.00125807,0.00040277468040533126,0.0012083240412159937,39.9
K-Li-Si,2000.0,Si,KLi8Si-2000K,KLi8Si,0.00079097,0.0002349934472241996,0.0007049803416725988,39.9
K-Li-Si,2500.0,Li,KLi8Si-2500K,KLi8Si,0.00224435,0.0008839738263659649,0.0026519214790978953,39.2
K-Li-Si,2500.0,K,KLi8Si-2500K,KLi8Si,0.00173341,0.0005021299738627365,0.0015063899215882095,39.2
K-Li-Si,2500.0,Si,KLi8Si-2500K,KLi8Si,0.00122039,0.00048392157002351754,0.0014517647100705524,39.2
La-Li-Nb-O,1000.0,Li,Li5La3Nb2O12-1000K,Li5La3Nb2O12,1.81279e-05,3.0069165857560712e-06,9.020749757268215e-06,28.3
La-Li-Nb-O,1000.0,La,Li5La3Nb2O12-1000K,Li5La3Nb2O12,,5.495258647256264e-07,1.6485775941768793e-06,28.3
La-Li-Nb-O,1000.0,Nb,Li5La3Nb2O12-1000K,Li5La3Nb2O12,,1.655781280850345e-07,4.967343842551035e-07,28.3
La-Li-Nb-O,1000.0,O,Li5La3Nb2O12-1000K,Li5La3Nb2O12,9.83731e-07,3.824794379207096e-07,1.1474383137621289e-06,28.3
La-Li-Nb-O,1500.0,Li,Li5La3Nb2O12-1500K,Li5La3Nb2O12,8.9798e-05,2.636706402119566e-05,7.910119206358699e-05,18.5
La-Li-Nb-O,1500.0,La,Li5La3Nb2O12-1500K,Li5La3Nb2O12,,2.4055368674616453e-06,7.2166106023849364e-06,18.5
La-Li-Nb-O,1500.0,Nb,Li5La3Nb2O12-1500K,Li5La3Nb2O12,5.02782e-06,2.0641381141729593e-06,6.192414342518879e-06,18.5
La-Li-Nb-O,1500.0,O,Li5La3Nb2O12-1500K,Li5La3Nb2O12,2.36433e-05,5.652307917905262e-06,1.6956923753715788e-05,18.5
La-Li-Nb-O,2000.0,Li,Li5La3Nb2O12-2000K,Li5La3Nb2O12,0.000236985,8.229197232694383e-05,0.0002468759169808315,23.7
La-Li-Nb-O,2000.0,La,Li5La3Nb2O12-2000K,Li5La3Nb2O12,4.25374e-05,1.4432079080144703e-05,4.329623724043411e-05,23.7
La-Li-Nb-O,2000.0,Nb,Li5La3Nb2O12-2000K,Li5La3Nb2O12,2.55019e-05,8.581079836655202e-06,2.5743239509965606e-05,23.7
La-Li-Nb-O,2000.0,O,Li5La3Nb2O12-2000K,Li5La3Nb2O12,7.6056e-05,1.758531255129847e-05,5.2755937653895404e-05,23.7
La-Li-Nb-O,2500.0,Li,Li5La3Nb2O12-2500K,Li5La3Nb2O12,0.000385584,0.00011864731719367588,0.0003559419515810276,3.8
La-Li-Nb-O,2500.0,La,Li5La3Nb2O12-2500K,Li5La3Nb2O12,,3.135630764163373e-05,9.406892292490117e-05,3.8
La-Li-Nb-O,2500.0,Nb,Li5La3Nb2O12-2500K,Li5La3Nb2O12,,3.694429512516469e-05,0.00011083288537549408,3.8
La-Li-Nb-O,2500.0,O,Li5La3Nb2O12-2500K,Li5La3Nb2O12,0.000205741,7.42763389328063e-05,0.00022282901679841893,3.8
Li-Mg-Si,1000.0,Li,Li14Mg9Si5-1000K,Li14Mg9Si5,0.00014043,5.393791134973409e-05,0.00016181373404920227,39.9
Li-Mg-Si,1000.0,Mg,Li14Mg9Si5-1000K,Li14Mg9Si5,0.000104142,3.2712416498839684e-05,9.813724949651905e-05,39.9
Li-Mg-Si,1000.0,Si,Li14Mg9Si5-1000K,Li14Mg9Si5,3628.75,1.174844827239478e-05,3.524534481718434e-05,39.9
Li-Mg-Si,1500.0,Li,Li14Mg9Si5-1500K,Li14Mg9Si5,0.000460709,0.00017363285137128432,0.000520898554113853,33.3
Li-Mg-Si,1500.0,Mg,Li14Mg9Si5-1500K,Li14Mg9Si5,0.000322624,0.0001242027001425036,0.00037260810042751084,33.3
Li-Mg-Si,1500.0,Si,Li14Mg9Si5-1500K,Li14Mg9Si5,21474.7,4.768561829045726e-05,0.0001430568548713718,33.3
Li-Mg-Si,2000.0,Li,Li14Mg9Si5-2000K,Li14Mg9Si5,0.000863167,0.0003143705868012756,0.0009431117604038269,39.9
Li-Mg-Si,2000.0,Mg,Li14Mg9Si5-2000K,Li14Mg9Si5,0.000704846,0.00023461097291909008,0.0007038329187572703,39.9
Li-Mg-Si,2000.0,Si,Li14Mg9Si5-2000K,Li14Mg9Si5,0.000558081,0.00017708218793584384,0.0005312465638075316,39.9
Li-Mg-Si,2500.0,Li,Li14Mg9Si5-2500K,Li14Mg9Si5,0.00138008,0.000457065329693224,0.001371195989079672,39.9
Li-Mg-Si,2500.0,Mg,Li14Mg9Si5-2500K,Li14Mg9Si5,0.00105019,0.0003431827449261272,0.0010295482347783816,39.9
Li-Mg-Si,2500.0,Si,Li14Mg9Si5-2500K,Li14Mg9Si5,0.000991008,0.00032400855100204296,0.0009720256530061288,39.9
Li-Mg-Si-Sn,1000.0,Li,Li5Mg3(SiSn)6-1000K,Li5Mg3(SiSn)6,0.000151961,5.980189756957815e-05,0.00017940569270873444,39.5
Li-Mg-Si-Sn,1000.0,Mg,Li5Mg3(SiSn)6-1000K,Li5Mg3(SiSn)6,0.000108294,2.6488239774486156e-05,7.946471932345847e-05,39.5
Li-Mg-Si-Sn,1000.0,Si,Li5Mg3(SiSn)6-1000K,Li5Mg3(SiSn)6,0.000105946,3.499732426310921e-05,0.00010499197278932765,39.5
Li-Mg-Si-Sn,1000.0,Sn,Li5Mg3(SiSn)6-1000K,Li5Mg3(SiSn)6,0.000105517,3.555924186527533e-05,0.00010667772559582599,39.5
Li-Mg-Si-Sn,1500.0,Li,Li5Mg3(SiSn)6-1500K,Li5Mg3(SiSn)6,0.000457258,0.0001769441791090124,0.0005308325373270372,39.9
Li-Mg-Si-Sn,1500.0,Mg,Li5Mg3(SiSn)6-1500K,Li5Mg3(SiSn)6,0.000327865,8.624191565825797e-05,0.00025872574697477393,39.9
Li-Mg-Si-Sn,1500.0,Si,Li5Mg3(SiSn)6-1500K,Li5Mg3(SiSn)6,0.000296529,0.00010464553516554113,0.00031393660549662334,39.9
Li-Mg-Si-Sn,1500.0,Sn,Li5Mg3(SiSn)6-1500K,Li5Mg3(SiSn)6,0.000259391,8.280547800309036e-05,0.00024841643400927107,39.9
Li-Mg-Si-Sn,2000.0,Li,Li5Mg3(SiSn)6-2000K,Li5Mg3(SiSn)6,0.000877958,0.0002618898098907337,0.000785669429672201,39.3
Li-Mg-Si-Sn,2000.0,Mg,Li5Mg3(SiSn)6-2000K,Li5Mg3(SiSn)6,0.000537064,0.00023842433882480412,0.0007152730164744123,39.3
Li-Mg-Si-Sn,2000.0,Si,Li5Mg3(SiSn)6-2000K,Li5Mg3(SiSn)6,0.000669078,0.0002459186634682541,0.0007377559904047623,39.3
Li-Mg-Si-Sn,2000.0,Sn,Li5Mg3(SiSn)6-2000K,Li5Mg3(SiSn)6,0.000506535,0.0001785887544525953,0.0005357662633577858,39.3
Li-Mg-Si-Sn,2500.0,Li,Li5Mg3(SiSn)6-2500K,Li5Mg3(SiSn)6,0.00129086,0.00043797928966763045,0.0013139378690028914,37.2
Li-Mg-Si-Sn,2500.0,Mg,Li5Mg3(SiSn)6-2500K,Li5Mg3(SiSn)6,0.000902607,0.0002771124618372376,0.0008313373855117129,37.2
Li-Mg-Si-Sn,2500.0,Si,Li5Mg3(SiSn)6-2500K,Li5Mg3(SiSn)6,0.000920754,0.0002443316661472491,0.0007329949984417473,37.2
Li-Mg-Si-Sn,2500.0,Sn,Li5Mg3(SiSn)6-2500K,Li5Mg3(SiSn)6,0.000697186,0.00019855787231417833,0.0005956736169425349,37.2
Li-Mg-Sn,1000.0,Li,LiMg2Sn-1000K,LiMg2Sn,0.000109271,4.2081776229906726e-05,0.0001262453286897202,29.7
Li-Mg-Sn,1000.0,Mg,LiMg2Sn-1000K,LiMg2Sn,6.67452e-05,2.162739715801229e-05,6.488219147403687e-05,29.7
Li-Mg-Sn,1000.0,Sn,LiMg2Sn-1000K,LiMg2Sn,2.78396e-05,8.49630425808758e-06,2.5488912774262736e-05,29.7
Li-Mg-Sn,1500.0,Li,LiMg2Sn-1500K,LiMg2Sn,0.000447134,0.00013920769005584582,0.0004176230701675374,30.4
Li-Mg-Sn,1500.0,Mg,LiMg2Sn-1500K,LiMg2Sn,0.000309098,9.335233960325728e-05,0.00028005701880977183,30.4
Li-Mg-Sn,1500.0,Sn,LiMg2Sn-1500K,LiMg2Sn,0.000181489,6.423485848613255e-05,0.00019270457545839763,30.4
Li-Mg-Sn,2000.0,Li,LiMg2Sn-2000K,LiMg2Sn,0.000816635,0.0002441753596990304,0.0007325260790970911,29.9
Li-Mg-Sn,2000.0,Mg,LiMg2Sn-2000K,LiMg2Sn,0.000687769,0.00018598443842574017,0.0005579533152772205,29.9
Li-Mg-Sn,2000.0,Sn,LiMg2Sn-2000K,LiMg2Sn,0.000326456,0.0001074654236241859,0.00032239627087255775,29.9
Li-Mg-Sn,2500.0,Li,LiMg2Sn-2500K,LiMg2Sn,0.00136858,0.0004423575374198147,0.001327072612259444,30.6
Li-Mg-Sn,2500.0,Mg,LiMg2Sn-2500K,LiMg2Sn,0.000984489,0.00030310950174795506,0.0009093285052438651,30.6
Li-Mg-Sn,2500.0,Sn,LiMg2Sn-2500K,LiMg2Sn,0.00070329,0.00025389318539028086,0.0007616795561708426,30.6
Li-Mn,1000.0,Li,Li2Mn-1000K,Li2Mn,0.000262837,8.637156910744711e-05,0.00025911470732234134,28.4
Li-Mn,1000.0,Mn,Li2Mn-1000K,Li2Mn,7.12385e-06,2.537862913096695e-06,7.613588739290085e-06,28.4
Li-Mn,1500.0,Li,Li2Mn-1500K,Li2Mn,0.000656911,0.00024012838638363016,0.0007203851591508904,36.5
Li-Mn,1500.0,Mn,Li2Mn-1500K,Li2Mn,3.30735e-05,8.67245380092238e-06,2.6017361402767137e-05,36.5
Li-Mn,2000.0,Li,Li2Mn-2000K,Li2Mn,0.00105232,0.0003500168545896571,0.0010500505637689712,33.7
Li-Mn,2000.0,Mn,Li2Mn-2000K,Li2Mn,0.00012373,3.515601292906292e-05,0.00010546803878718874,33.7
Li-Mn,2500.0,Li,Li2Mn-2500K,Li2Mn,0.00143922,0.0003775998650090819,0.0011327995950272457,33.9
Li-Mn,2500.0,Mn,Li2Mn-2500K,Li2Mn,0.000186628,6.22333878126524e-05,0.0001867001634379572,33.9
Li-Mn-Si,1000.0,Li,Li11Mn4Si7-1000K,Li11Mn4Si7,4.40626e-05,1.3888929281532704e-05,4.166678784459811e-05,31.1
Li-Mn-Si,1000.0,Mn,Li11Mn4Si7-1000K,Li11Mn4Si7,,6.466008704409087e-07,1.939802611322726e-06,31.1
Li-Mn-Si,1000.0,Si,Li11Mn4Si7-1000K,Li11Mn4Si7,4.25364e-06,1.2626188339106754e-06,3.787856501732026e-06,31.1
Li-Mn-Si,1500.0,Li,Li11Mn4Si7-1500K,Li11Mn4Si7,0.000260473,7.608193701000268e-05,0.00022824581103000804,22.7
Li-Mn-Si,1500.0,Mn,Li11Mn4Si7-1500K,Li11Mn4Si7,3.40931e-05,1.3151880011290807e-05,3.945564003387242e-05,22.7
Li-Mn-Si,1500.0,Si,Li11Mn4Si7-1500K,Li11Mn4Si7,5.56221e-05,1.748697969244469e-05,5.246093907733407e-05,22.7
Li-Mn-Si,2000.0,Li,Li11Mn4Si7-2000K,Li11Mn4Si7,0.000489317,0.00016099061656454008,0.0004829718496936202,34.1
Li-Mn-Si,2000.0,Mn,Li11Mn4Si7-2000K,Li11Mn4Si7,9.80202e-05,3.407624009065359e-05,0.00010222872027196078,34.1
Li-Mn-Si,2000.0,Si,Li11Mn4Si7-2000K,Li11Mn4Si7,0.000149278,4.1366038487724784e-05,0.00012409811546317437,34.1
Li-Mn-Si,2500.0,Li,Li11Mn4Si7-2500K,Li11Mn4Si7,0.000859949,0.0003355161869393197,0.001006548560817959,32.8
Li-Mn-Si,2500.0,Mn,Li11Mn4Si7-2500K,Li11Mn4Si7,0.000205051,5.9468236780945274e-05,0.0001784047103428358,32.8
Li-Mn-Si,2500.0,Si,Li11Mn4Si7-2500K,Li11Mn4Si7,0.000414951,0.00012994905056469598,0.0003898471516940879,32.8
Li-Mn-Sn,1000.0,Li,Li15MnSn4-1000K,Li15MnSn4,0.00010014,3.579011969869559e-05,0.00010737035909608677,28.5
Li-Mn-Sn,1000.0,Mn,Li15MnSn4-1000K,Li15MnSn4,,9.526307588267623e-07,2.8578922764802864e-06,28.5
Li-Mn-Sn,1000.0,Sn,Li15MnSn4-1000K,Li15MnSn4,,1.1090922210194576e-06,3.327276663058373e-06,28.5
Li-Mn-Sn,1500.0,Li,Li15MnSn4-1500K,Li15MnSn4,0.000453297,0.00016187781217657832,0.00048563343652973496,26.6
Li-Mn-Sn,1500.0,Mn,Li15MnSn4-1500K,Li15MnSn4,4.01326e-05,1.0216187793567396e-05,3.0648563380702186e-05,26.6
Li-Mn-Sn,1500.0,Sn,Li15MnSn4-1500K,Li15MnSn4,7.29474e-05,2.3838726843006133e-05,7.15161805290184e-05,26.6
Li-Mn-Sn,2000.0,Li,Li15MnSn4-2000K,Li15MnSn4,0.000933766,0.00026865125504902,0.0008059537651470601,24.3
Li-Mn-Sn,2000.0,Mn,Li15MnSn4-2000K,Li15MnSn4,0.000160477,-6.592689950803181e-06,-1.9778069852409545e-05,24.3
Li-Mn-Sn,2000.0,Sn,Li15MnSn4-2000K,Li15MnSn4,0.000207824,6.832913579413814e-05,0.00020498740738241443,24.3
Li-Mn-Sn,2500.0,Li,Li15MnSn4-2500K,Li15MnSn4,0.00147679,0.00047473072521513694,0.0014241921756454109,39.9
Li-Mn-Sn,2500.0,Mn,Li15MnSn4-2500K,Li15MnSn4,0.000338912,0.00011695257522555374,0.0003508577256766612,39.9
Li-Mn-Sn,2500.0,Sn,Li15MnSn4-2500K,Li15MnSn4,0.000609178,0.0001955269949565097,0.0005865809848695291,39.9
Li-Mo,1000.0,Li,Li4Mo-1000K,Li4Mo,0.000366058,0.00010238685859070525,0.00030716057577211576,32.1
Li-Mo,1000.0,Mo,Li4Mo-1000K,Li4Mo,6.46412e-06,2.2871780647261486e-06,6.861534194178446e-06,32.1
Li-Mo,1500.0,Li,Li4Mo-1500K,Li4Mo,0.000898563,0.0003378575637106792,0.0010135726911320376,35.3
Li-Mo,1500.0,Mo,Li4Mo-1500K,Li4Mo,3592.61,1.1953079547510703e-05,3.5859238642532103e-05,35.3
Li-Mo,2000.0,Li,Li4Mo-2000K,Li4Mo,0.00146384,0.0004255904113111882,0.0012767712339335647,30.5
Li-Mo,2000.0,Mo,Li4Mo-2000K,Li4Mo,5145.8,1.3935741079424262e-05,4.180722323827278e-05,30.5
Li-Mo,2500.0,Li,Li4Mo-2500K,Li4Mo,0.00185858,0.0005615873383277227,0.0016847620149831682,26.1
Li-Mo,2500.0,Mo,Li4Mo-2500K,Li4Mo,15759.0,1.8326653890934763e-05,5.497996167280429e-05,26.1
Li-Mo-O-P,2000.0,Li,mp-25983,LiMo(PO4)2,0.000313724,0.0001228644526199393,0.0003685933578598179,37.1
Li-Mo-O-P,2000.0,Mo,mp-25983,LiMo(PO4)2,1.79436e-05,6.340479926287102e-06,1.9021439778861307e-05,37.1
Li-Mo-O-P,2000.0,O,mp-25983,LiMo(PO4)2,2.77877e-05,7.638951796692499e-06,2.2916855390077498e-05,37.1
Li-Mo-O-P,2000.0,P,mp-25983,LiMo(PO4)2,2.26761e-05,7.682920304189102e-06,2.3048760912567303e-05,37.1
Li-Mo-O-P,2500.0,Li,mp-25983,LiMo(PO4)2,0.000594467,7.880994692956419e-05,0.0002364298407886926,35.6
Li-Mo-O-P,2500.0,Mo,mp-25983,LiMo(PO4)2,8.59034e-05,3.698722594486569e-05,0.00011096167783459708,35.6
Li-Mo-O-P,2500.0,O,mp-25983,LiMo(PO4)2,9.29326e-05,3.234485803316934e-05,9.7034574099508e-05,35.6
Li-Mo-O-P,2500.0,P,mp-25983,LiMo(PO4)2,6.55086e-05,1.5866510406706385e-05,4.759953122011915e-05,35.6
Li-Mo-O-P,1500.0,Li,mp-25983,LiMo(PO4)2,9.76857e-05,1.0711963093128759e-05,3.213588927938628e-05,38.4
Li-Mo-O-P,1500.0,Mo,mp-25983,LiMo(PO4)2,3.38963e-06,8.270644710112478e-07,2.481193413033744e-06,38.4
Li-Mo-O-P,1500.0,O,mp-25983,LiMo(PO4)2,5.25311e-06,1.2861566440805578e-06,3.858469932241673e-06,38.4
Li-Mo-O-P,1500.0,P,mp-25983,LiMo(PO4)2,2.24568e-06,8.058237504624311e-07,2.4174712513872933e-06,38.4
Li-Mo-O-P,1000.0,Li,mp-25983,LiMo(PO4)2,1.33984e-05,8.154585821690566e-06,2.4463757465071697e-05,38.9
Li-Mo-O-P,1000.0,Mo,mp-25983,LiMo(PO4)2,,7.346603650917406e-08,2.2039810952752218e-07,38.9
Li-Mo-O-P,1000.0,O,mp-25983,LiMo(PO4)2,1.72451e-07,9.811703594957159e-08,2.943511078487148e-07,38.9
Li-Mo-O-P,1000.0,P,mp-25983,LiMo(PO4)2,,4.7581717784037176e-08,1.4274515335211154e-07,38.9
Li-Mo-Si,1000.0,Li,Li9(Si2Mo)2-1000K,Li9(Si2Mo)2,8.26299e-05,3.168437705876316e-05,9.505313117628949e-05,33.5
Li-Mo-Si,1000.0,Mo,Li9(Si2Mo)2-1000K,Li9(Si2Mo)2,,1.0964102262185635e-06,3.2892306786556906e-06,33.5
Li-Mo-Si,1000.0,Si,Li9(Si2Mo)2-1000K,Li9(Si2Mo)2,9.69669e-06,3.26118093262896e-06,9.78354279788688e-06,33.5
Li-Mo-Si,1500.0,Li,Li9(Si2Mo)2-1500K,Li9(Si2Mo)2,0.000383137,0.00011280921572500432,0.00033842764717501294,32.1
Li-Mo-Si,1500.0,Mo,Li9(Si2Mo)2-1500K,Li9(Si2Mo)2,2960.44,9.364175863162251e-06,2.8092527589486755e-05,32.1
Li-Mo-Si,1500.0,Si,Li9(Si2Mo)2-1500K,Li9(Si2Mo)2,8.94391e-05,2.9456925219732528e-05,8.83707756591976e-05,32.1
Li-Mo-Si,2000.0,Li,Li9(Si2Mo)2-2000K,Li9(Si2Mo)2,0.000794704,0.0003037680598120575,0.0009113041794361725,31.2
Li-Mo-Si,2000.0,Mo,Li9(Si2Mo)2-2000K,Li9(Si2Mo)2,6586.65,2.247155540221955e-05,6.741466620665865e-05,31.2
Li-Mo-Si,2000.0,Si,Li9(Si2Mo)2-2000K,Li9(Si2Mo)2,0.00024123,0.00010061441632808364,0.0003018432489842509,31.2
Li-Mo-Si,2500.0,Li,Li9(Si2Mo)2-2500K,Li9(Si2Mo)2,0.00130571,0.0004039272975535494,0.0012117818926606482,32.0
Li-Mo-Si,2500.0,Mo,Li9(Si2Mo)2-2500K,Li9(Si2Mo)2,13140.7,2.6211737403851296e-05,7.863521221155388e-05,32.0
Li-Mo-Si,2500.0,Si,Li9(Si2Mo)2-2500K,Li9(Si2Mo)2,0.000464062,0.00017562665761934008,0.0005268799728580202,32.0
Li-Mo-Sn,1000.0,Li,Li9SnMo2-1000K,Li9SnMo2,0.000219643,6.826895514130461e-05,0.00020480686542391382,39.2
Li-Mo-Sn,1000.0,Mo,Li9SnMo2-1000K,Li9SnMo2,3.90865e-06,1.32728465113842e-06,3.98185395341526e-06,39.2
Li-Mo-Sn,1000.0,Sn,Li9SnMo2-1000K,Li9SnMo2,1.86251e-05,6.293383690717268e-06,1.8880151072151803e-05,39.2
Li-Mo-Sn,1500.0,Li,Li9SnMo2-1500K,Li9SnMo2,0.000636763,0.0002126605749584224,0.0006379817248752673,30.7
Li-Mo-Sn,1500.0,Mo,Li9SnMo2-1500K,Li9SnMo2,3.42071e-05,1.0145371570251649e-05,3.043611471075494e-05,30.7
Li-Mo-Sn,1500.0,Sn,Li9SnMo2-1500K,Li9SnMo2,0.000178844,6.15909468930798e-05,0.00018477284067923937,30.7
Li-Mo-Sn,2000.0,Li,Li9SnMo2-2000K,Li9SnMo2,0.00111418,0.0003592203218343555,0.0010776609655030666,31.2
Li-Mo-Sn,2000.0,Mo,Li9SnMo2-2000K,Li9SnMo2,6.57202e-05,2.0866724290015506e-05,6.260017287004651e-05,31.2
Li-Mo-Sn,2000.0,Sn,Li9SnMo2-2000K,Li9SnMo2,0.000289571,9.878117729028345e-05,0.00029634353187085033,31.2
Li-Mo-Sn,2500.0,Li,Li9SnMo2-2500K,Li9SnMo2,0.00168546,0.0005705617029081371,0.0017116851087244115,38.9
Li-Mo-Sn,2500.0,Mo,Li9SnMo2-2500K,Li9SnMo2,0.000107172,3.6532379496233024e-05,0.00010959713848869908,38.9
Li-Mo-Sn,2500.0,Sn,Li9SnMo2-2500K,Li9SnMo2,0.000478619,0.00016944653487524464,0.0005083396046257339,38.9
Li-N-O-Si,2500.0,Li,mp-6015,LiSiNO,0.000483738,0.00014797730762831533,0.000443931922884946,39.9
Li-N-O-Si,2500.0,N,mp-6015,LiSiNO,8.74568e-06,2.2364804279009482e-06,6.709441283702844e-06,39.9
Li-N-O-Si,2500.0,O,mp-6015,LiSiNO,1.67875e-05,5.78755633633686e-06,1.7362669009010578e-05,39.9
Li-N-O-Si,2500.0,Si,mp-6015,LiSiNO,7.46753e-06,2.6592109172902316e-06,7.977632751870695e-06,39.9
Li-N-O-Si,1000.0,Li,mp-6015,LiSiNO,2.21719e-05,6.115246151571023e-06,1.834573845471307e-05,29.7
Li-N-O-Si,1000.0,N,mp-6015,LiSiNO,7.78537e-06,1.938920306746573e-06,5.8167609202397184e-06,29.7
Li-N-O-Si,1000.0,O,mp-6015,LiSiNO,2.65027e-06,6.771053175293029e-07,2.0313159525879084e-06,29.7
Li-N-O-Si,1000.0,Si,mp-6015,LiSiNO,,4.5917156171725024e-07,1.3775146851517508e-06,29.7
Li-N-O-Si,1500.0,Li,mp-6015,LiSiNO,9.56178e-05,3.5637994859473344e-05,0.00010691398457842004,37.8
Li-N-O-Si,1500.0,N,mp-6015,LiSiNO,5.59016e-06,8.235438841001378e-07,2.4706316523004135e-06,37.8
Li-N-O-Si,1500.0,O,mp-6015,LiSiNO,2.45609e-06,6.183840226809667e-07,1.8551520680429001e-06,37.8
Li-N-O-Si,1500.0,Si,mp-6015,LiSiNO,,4.65947785114222e-07,1.397843355342666e-06,37.8
Li-N-O-Si,2000.0,Li,mp-6015,LiSiNO,0.000188852,8.340217558259536e-05,0.00025020652674778606,28.6
Li-N-O-Si,2000.0,N,mp-6015,LiSiNO,6.59676e-06,1.0588610719114249e-06,3.1765832157342746e-06,28.6
Li-N-O-Si,2000.0,O,mp-6015,LiSiNO,7.9641e-06,1.6721664026687786e-06,5.016499208006336e-06,28.6
Li-N-O-Si,2000.0,Si,mp-6015,LiSiNO,,1.8030794073647415e-07,5.409238222094224e-07,28.6
Li-N-Si,1000.0,Li,Li21(Si3N4)2-1000K,Li21(Si3N4)2,9.5954e-05,3.6490538199120224e-05,0.00010947161459736066,39.3
Li-N-Si,1000.0,N,Li21(Si3N4)2-1000K,Li21(Si3N4)2,8.36479e-06,1.9203057557733477e-06,5.760917267320043e-06,39.3
Li-N-Si,1000.0,Si,Li21(Si3N4)2-1000K,Li21(Si3N4)2,6.94069e-06,2.325344051515443e-06,6.976032154546329e-06,39.3
Li-N-Si,1500.0,Li,Li21(Si3N4)2-1500K,Li21(Si3N4)2,0.00032233,9.610834800132403e-05,0.00028832504400397204,38.6
Li-N-Si,1500.0,N,Li21(Si3N4)2-1500K,Li21(Si3N4)2,5.36387e-05,1.2223880053479753e-05,3.667164016043926e-05,38.6
Li-N-Si,1500.0,Si,Li21(Si3N4)2-1500K,Li21(Si3N4)2,4.77328e-05,1.657656138651453e-05,4.972968415954359e-05,38.6
Li-N-Si,2000.0,Li,Li21(Si3N4)2-2000K,Li21(Si3N4)2,0.000752221,0.000310026507070401,0.0009300795212112031,35.6
Li-N-Si,2000.0,N,Li21(Si3N4)2-2000K,Li21(Si3N4)2,0.000145026,3.313361393896796e-05,9.94008418169039e-05,35.6
Li-N-Si,2000.0,Si,Li21(Si3N4)2-2000K,Li21(Si3N4)2,0.000196928,7.052373141748273e-05,0.0002115711942524482,35.6
Li-N-Si,2500.0,Li,Li21(Si3N4)2-2500K,Li21(Si3N4)2,0.00111014,0.00038100154509337555,0.0011430046352801267,39.9
Li-N-Si,2500.0,N,Li21(Si3N4)2-2500K,Li21(Si3N4)2,0.000304938,0.0001064532157025296,0.0003193596471075888,39.9
Li-N-Si,2500.0,Si,Li21(Si3N4)2-2500K,Li21(Si3N4)2,0.000344112,0.00015226727636330495,0.0004568018290899149,39.9
Li-Na,1000.0,Li,Na2Li9-1000K,Na2Li9,0.000660433,0.00023549800313431334,0.00070649400940294,31.5
Li-Na,1000.0,Na,Na2Li9-1000K,Na2Li9,0.000580983,0.00022832893445196915,0.0006849868033559074,31.5
Li-Na,1500.0,Li,Na2Li9-1500K,Na2Li9,0.00132628,0.0004780881341979319,0.0014342644025937957,39.9
Li-Na,1500.0,Na,Na2Li9-1500K,Na2Li9,0.0011408,0.0003549339394636482,0.0010648018183909444,39.9
Li-Na,2000.0,Li,Na2Li9-2000K,Na2Li9,0.0020667,0.0006518417158109755,0.0019555251474329266,39.4
Li-Na,2000.0,Na,Na2Li9-2000K,Na2Li9,0.00156285,0.0005131363379722196,0.001539409013916659,39.4
Li-Na,2500.0,Li,Na2Li9-2500K,Na2Li9,0.00276868,0.0007912751462634621,0.0023738254387903864,35.6
Li-Na,2500.0,Na,Na2Li9-2500K,Na2Li9,0.00221196,0.0008242922889124552,0.002472876866737366,35.6
Li-Na-Si,1000.0,Li,Na3Li2Si3-1000K,Na3Li2Si3,0.000120548,2.379610970543386e-05,7.138832911630158e-05,31.3
Li-Na-Si,1000.0,Na,Na3Li2Si3-1000K,Na3Li2Si3,0.000132331,4.107119770323776e-05,0.00012321359310971328,31.3
Li-Na-Si,1000.0,Si,Na3Li2Si3-1000K,Na3Li2Si3,4.35562e-05,1.46030458317004e-05,4.3809137495101195e-05,31.3
Li-Na-Si,1500.0,Li,Na3Li2Si3-1500K,Na3Li2Si3,0.000500923,0.00010802227569778413,0.00032406682709335244,39.9
Li-Na-Si,1500.0,Na,Na3Li2Si3-1500K,Na3Li2Si3,0.000578596,0.0002084505371693375,0.0006253516115080124,39.9
Li-Na-Si,1500.0,Si,Na3Li2Si3-1500K,Na3Li2Si3,0.000264231,9.37557834988455e-05,0.0002812673504965365,39.9
Li-Na-Si,2000.0,Li,Na3Li2Si3-2000K,Na3Li2Si3,0.000911328,0.0002746700732651609,0.0008240102197954826,39.9
Li-Na-Si,2000.0,Na,Na3Li2Si3-2000K,Na3Li2Si3,0.0010048,0.000399354674126287,0.0011980640223788611,39.9
Li-Na-Si,2000.0,Si,Na3Li2Si3-2000K,Na3Li2Si3,0.000613646,0.00021312672361933373,0.0006393801708580012,39.9
Li-Na-Si,2500.0,Li,Na3Li2Si3-2500K,Na3Li2Si3,0.00151337,0.0006229942373854873,0.001868982712156462,39.9
Li-Na-Si,2500.0,Na,Na3Li2Si3-2500K,Na3Li2Si3,0.00141445,0.0005662053809527943,0.0016986161428583831,39.9
Li-Na-Si,2500.0,Si,Na3Li2Si3-2500K,Na3Li2Si3,0.000919286,0.00027619941094174095,0.0008285982328252228,39.9
Li-Na-Sn,1000.0,Li,Na9Li13Sn4-1000K,Na9Li13Sn4,0.000273061,8.986301523608634e-05,0.000269589045708259,39.9
Li-Na-Sn,1000.0,Na,Na9Li13Sn4-1000K,Na9Li13Sn4,0.000253613,8.002293977181321e-05,0.00024006881931543962,39.9
Li-Na-Sn,1000.0,Sn,Na9Li13Sn4-1000K,Na9Li13Sn4,5.06081e-05,1.6260739051459232e-05,4.878221715437769e-05,39.9
Li-Na-Sn,1500.0,Li,Na9Li13Sn4-1500K,Na9Li13Sn4,0.00065542,0.00019588136129330416,0.0005876440838799125,31.6
Li-Na-Sn,1500.0,Na,Na9Li13Sn4-1500K,Na9Li13Sn4,0.000628079,0.00012994839904133856,0.00038984519712401567,31.6
Li-Na-Sn,1500.0,Sn,Na9Li13Sn4-1500K,Na9Li13Sn4,0.000292798,0.00010150747181191749,0.00030452241543575247,31.6
Li-Na-Sn,2000.0,Li,Na9Li13Sn4-2000K,Na9Li13Sn4,0.00124813,0.00040999885718502073,0.001229996571555062,39.9
Li-Na-Sn,2000.0,Na,Na9Li13Sn4-2000K,Na9Li13Sn4,0.00111888,0.00036561250954877695,0.001096837528646331,39.9
Li-Na-Sn,2000.0,Sn,Na9Li13Sn4-2000K,Na9Li13Sn4,0.000500255,0.0001750444299814233,0.00052513328994427,39.9
Li-Na-Sn,2500.0,Li,Na9Li13Sn4-2500K,Na9Li13Sn4,0.00190871,0.00039173741974798915,0.0011752122592439676,39.6
Li-Na-Sn,2500.0,Na,Na9Li13Sn4-2500K,Na9Li13Sn4,0.00167084,0.0005341675840471351,0.0016025027521414054,39.6
Li-Na-Sn,2500.0,Sn,Na9Li13Sn4-2500K,Na9Li13Sn4,0.000746743,0.00026010588622919664,0.0007803176586875899,39.6
Li-Nb-Si,1000.0,Li,Li9NbSi2-1000K,Li9NbSi2,0.000189598,6.038768899631378e-05,0.00018116306698894136,37.7
Li-Nb-Si,1000.0,Nb,Li9NbSi2-1000K,Li9NbSi2,,6.488429545306876e-07,1.946528863592063e-06,37.7
Li-Nb-Si,1000.0,Si,Li9NbSi2-1000K,Li9NbSi2,2.15558e-05,7.518072730974319e-06,2.2554218192922956e-05,37.7
Li-Nb-Si,1500.0,Li,Li9NbSi2-1500K,Li9NbSi2,0.000618087,0.00019827967712820042,0.0005948390313846013,36.4
Li-Nb-Si,1500.0,Nb,Li9NbSi2-1500K,Li9NbSi2,1.68243e-05,5.107146651890273e-06,1.532143995567082e-05,36.4
Li-Nb-Si,1500.0,Si,Li9NbSi2-1500K,Li9NbSi2,0.000119655,3.251647021300095e-05,9.754941063900282e-05,36.4
Li-Nb-Si,2000.0,Li,Li9NbSi2-2000K,Li9NbSi2,0.00101423,0.0003493892074801871,0.0010481676224405614,33.3
Li-Nb-Si,2000.0,Nb,Li9NbSi2-2000K,Li9NbSi2,6.41092e-05,7.682525063126589e-06,2.3047575189379766e-05,33.3
Li-Nb-Si,2000.0,Si,Li9NbSi2-2000K,Li9NbSi2,0.000347299,0.0001060918271706793,0.0003182754815120379,33.3
Li-Nb-Si,2500.0,Li,Li9NbSi2-2500K,Li9NbSi2,0.00163615,0.00045233269282423196,0.0013569980784726959,36.7
Li-Nb-Si,2500.0,Nb,Li9NbSi2-2500K,Li9NbSi2,0.00015709,4.274550404873129e-05,0.00012823651214619389,36.7
Li-Nb-Si,2500.0,Si,Li9NbSi2-2500K,Li9NbSi2,0.000633515,0.00020129758031251594,0.0006038927409375478,36.7
Li-Nb-Sn,1000.0,Li,Li4(Nb3Sn)3-1000K,Li4(Nb3Sn)3,1.12963e-05,2.7482060665760595e-06,8.244618199728178e-06,22.3
Li-Nb-Sn,1000.0,Nb,Li4(Nb3Sn)3-1000K,Li4(Nb3Sn)3,,9.377191706463508e-07,2.8131575119390526e-06,22.3
Li-Nb-Sn,1000.0,Sn,Li4(Nb3Sn)3-1000K,Li4(Nb3Sn)3,,4.543116759560597e-07,1.362935027868179e-06,22.3
Li-Nb-Sn,1500.0,Li,Li4(Nb3Sn)3-1500K,Li4(Nb3Sn)3,0.000120826,2.3565971825258503e-05,7.069791547577551e-05,25.0
Li-Nb-Sn,1500.0,Nb,Li4(Nb3Sn)3-1500K,Li4(Nb3Sn)3,1.11491e-05,3.550331288486114e-06,1.0650993865458342e-05,25.0
Li-Nb-Sn,1500.0,Sn,Li4(Nb3Sn)3-1500K,Li4(Nb3Sn)3,1.85098e-05,6.166569118159635e-06,1.8499707354478905e-05,25.0
Li-Nb-Sn,2000.0,Li,Li4(Nb3Sn)3-2000K,Li4(Nb3Sn)3,0.000398333,0.00011688116857171396,0.0003506435057151419,23.6
Li-Nb-Sn,2000.0,Nb,Li4(Nb3Sn)3-2000K,Li4(Nb3Sn)3,5.72567e-05,1.965371126760563e-05,5.896113380281689e-05,23.6
Li-Nb-Sn,2000.0,Sn,Li4(Nb3Sn)3-2000K,Li4(Nb3Sn)3,4.25799e-05,1.1977839148365367e-05,3.5933517445096106e-05,23.6
Li-Nb-Sn,2500.0,Li,Li4(Nb3Sn)3-2500K,Li4(Nb3Sn)3,0.000707335,0.00015761931619154878,0.0004728579485746464,27.1
Li-Nb-Sn,2500.0,Nb,Li4(Nb3Sn)3-2500K,Li4(Nb3Sn)3,0.000105796,3.323879753001742e-05,9.971639259005226e-05,27.1
Li-Nb-Sn,2500.0,Sn,Li4(Nb3Sn)3-2500K,Li4(Nb3Sn)3,0.000206865,7.021503396790586e-05,0.0002106451019037176,27.1
Li-Ni-Si,1000.0,Li,Li12SiNi2-1000K,Li12SiNi2,0.00033613,9.83301829096268e-05,0.00029499054872888044,33.8
Li-Ni-Si,1000.0,Ni,Li12SiNi2-1000K,Li12SiNi2,8.55009e-05,2.9740659592618198e-05,8.92219787778546e-05,33.8
Li-Ni-Si,1000.0,Si,Li12SiNi2-1000K,Li12SiNi2,4.74675e-05,1.8777721344939472e-05,5.633316403481842e-05,33.8
Li-Ni-Si,1500.0,Li,Li12SiNi2-1500K,Li12SiNi2,0.000854835,0.00032432491304394543,0.0009729747391318363,25.8
Li-Ni-Si,1500.0,Ni,Li12SiNi2-1500K,Li12SiNi2,0.000241983,5.770569237214402e-05,0.00017311707711643203,25.8
Li-Ni-Si,1500.0,Si,Li12SiNi2-1500K,Li12SiNi2,0.000173228,6.68671578958676e-05,0.00020060147368760283,25.8
Li-Ni-Si,2000.0,Li,Li12SiNi2-2000K,Li12SiNi2,0.00134898,0.00044643282039573667,0.00133929846118721,38.1
Li-Ni-Si,2000.0,Ni,Li12SiNi2-2000K,Li12SiNi2,0.000553362,0.00012754462686181815,0.00038263388058545444,38.1
Li-Ni-Si,2000.0,Si,Li12SiNi2-2000K,Li12SiNi2,0.00050572,0.00016519011159518747,0.0004955703347855624,38.1
Li-Ni-Si,2500.0,Li,Li12SiNi2-2500K,Li12SiNi2,0.00204684,0.0006563149721609491,0.0019689449164828473,31.0
Li-Ni-Si,2500.0,Ni,Li12SiNi2-2500K,Li12SiNi2,0.00106136,0.00036954153499547954,0.0011086246049864387,31.0
Li-Ni-Si,2500.0,Si,Li12SiNi2-2500K,Li12SiNi2,0.000832267,0.0003285755468406868,0.0009857266405220604,31.0
Li-Ni-Si-Sn,1000.0,Li,Li20Si2NiSn2-1000K,Li20Si2NiSn2,0.000299957,9.237882143497863e-05,0.0002771364643049359,39.9
Li-Ni-Si-Sn,1000.0,Ni,Li20Si2NiSn2-1000K,Li20Si2NiSn2,5.39305e-05,1.6025229506299304e-05,4.807568851889791e-05,39.9
Li-Ni-Si-Sn,1000.0,Si,Li20Si2NiSn2-1000K,Li20Si2NiSn2,6.13359e-05,1.9728851946214345e-05,5.918655583864304e-05,39.9
Li-Ni-Si-Sn,1000.0,Sn,Li20Si2NiSn2-1000K,Li20Si2NiSn2,7.03754e-05,2.5630436073832307e-05,7.689130822149693e-05,39.9
Li-Ni-Si-Sn,1500.0,Li,Li20Si2NiSn2-1500K,Li20Si2NiSn2,0.000764124,0.00027598828787083564,0.000827964863612507,31.0
Li-Ni-Si-Sn,1500.0,Ni,Li20Si2NiSn2-1500K,Li20Si2NiSn2,0.000115675,3.7441781791021775e-05,0.00011232534537306532,31.0
Li-Ni-Si-Sn,1500.0,Si,Li20Si2NiSn2-1500K,Li20Si2NiSn2,0.000195347,8.874550996663719e-05,0.0002662365298999116,31.0
Li-Ni-Si-Sn,1500.0,Sn,Li20Si2NiSn2-1500K,Li20Si2NiSn2,0.000183341,6.952976227615899e-05,0.00020858928682847698,31.0
Li-Ni-Si-Sn,2000.0,Li,Li20Si2NiSn2-2000K,Li20Si2NiSn2,0.00122819,0.0003984822196310372,0.0011954466588931117,38.9
Li-Ni-Si-Sn,2000.0,Ni,Li20Si2NiSn2-2000K,Li20Si2NiSn2,0.000459594,0.00023329036309371906,0.0006998710892811571,38.9
Li-Ni-Si-Sn,2000.0,Si,Li20Si2NiSn2-2000K,Li20Si2NiSn2,0.000491478,8.702223243867206e-05,0.00026106669731601614,38.9
Li-Ni-Si-Sn,2000.0,Sn,Li20Si2NiSn2-2000K,Li20Si2NiSn2,0.000421904,0.00015052698453952223,0.0004515809536185667,38.9
Li-Ni-Si-Sn,2500.0,Li,Li20Si2NiSn2-2500K,Li20Si2NiSn2,0.00195133,0.0006378231153463316,0.0019134693460389949,39.9
Li-Ni-Si-Sn,2500.0,Ni,Li20Si2NiSn2-2500K,Li20Si2NiSn2,0.000621174,0.0002834712747400129,0.0008504138242200385,39.9
Li-Ni-Si-Sn,2500.0,Si,Li20Si2NiSn2-2500K,Li20Si2NiSn2,0.000770395,0.00018852328302864063,0.0005655698490859218,39.9
Li-Ni-Si-Sn,2500.0,Sn,Li20Si2NiSn2-2500K,Li20Si2NiSn2,0.000825958,0.00023744261199557868,0.000712327835986736,39.9
Li-Ni-Sn,1000.0,Li,Li28Ni3Sn4-1000K,Li28Ni3Sn4,0.000333577,0.00011522600992289265,0.00034567802976867795,34.1
Li-Ni-Sn,1000.0,Ni,Li28Ni3Sn4-1000K,Li28Ni3Sn4,0.00010515,3.475822602379894e-05,0.00010427467807139681,34.1
Li-Ni-Sn,1000.0,Sn,Li28Ni3Sn4-1000K,Li28Ni3Sn4,4.42811e-05,1.6759823524700042e-05,5.027947057410013e-05,34.1
Li-Ni-Sn,1500.0,Li,Li28Ni3Sn4-1500K,Li28Ni3Sn4,0.000745924,0.00026202527243837236,0.0007860758173151171,34.3
Li-Ni-Sn,1500.0,Ni,Li28Ni3Sn4-1500K,Li28Ni3Sn4,0.000261557,7.727960352841182e-05,0.00023183881058523546,34.3
Li-Ni-Sn,1500.0,Sn,Li28Ni3Sn4-1500K,Li28Ni3Sn4,0.00028719,0.00010886436371560845,0.00032659309114682535,34.3
Li-Ni-Sn,2000.0,Li,Li28Ni3Sn4-2000K,Li28Ni3Sn4,0.00133476,0.00047972694107110004,0.0014391808232133,34.6
Li-Ni-Sn,2000.0,Ni,Li28Ni3Sn4-2000K,Li28Ni3Sn4,0.000542079,0.0001328528350524762,0.0003985585051574286,34.6
Li-Ni-Sn,2000.0,Sn,Li28Ni3Sn4-2000K,Li28Ni3Sn4,0.000534914,0.00012325252351419504,0.0003697575705425852,34.6
Li-Ni-Sn,2500.0,Li,Li28Ni3Sn4-2500K,Li28Ni3Sn4,0.00182778,0.0006906434780132146,0.0020719304340396437,34.8
Li-Ni-Sn,2500.0,Ni,Li28Ni3Sn4-2500K,Li28Ni3Sn4,0.00102777,0.0003219861938500096,0.0009659585815500288,34.8
Li-Ni-Sn,2500.0,Sn,Li28Ni3Sn4-2500K,Li28Ni3Sn4,0.000932756,0.0002959152428711639,0.0008877457286134917,34.8
Li-O-P,1500.0,Li,mp-28450,Li4P2O7,0.000208054,6.922341121646969e-05,0.00020767023364940906,38.6
Li-O-P,1500.0,O,mp-28450,Li4P2O7,2.07647e-05,3.6404171858875765e-06,1.0921251557662729e-05,38.6
Li-O-P,1500.0,P,mp-28450,Li4P2O7,8.1122e-06,2.194811276180092e-06,6.584433828540275e-06,38.6
Li-O-P,2000.0,Li,mp-28450,Li4P2O7,0.000467218,0.00017063555714323515,0.0005119066714297055,28.3
Li-O-P,2000.0,O,mp-28450,Li4P2O7,5.41207e-05,9.968446683479788e-06,2.990534005043936e-05,28.3
Li-O-P,2000.0,P,mp-28450,Li4P2O7,2.69555e-05,8.155666471259947e-06,2.446699941377984e-05,28.3
Li-O-P,2500.0,Li,mp-28450,Li4P2O7,0.000775333,0.00021943711548609457,0.0006583113464582837,36.2
Li-O-P,2500.0,O,mp-28450,Li4P2O7,6.16765e-05,1.0576206565293577e-05,3.172861969588073e-05,36.2
Li-O-P,2500.0,P,mp-28450,Li4P2O7,4.69239e-05,8.643898256583222e-06,2.5931694769749666e-05,36.2
Li-O-P-Si-V,1000.0,Li,Li4V2Si(PO6)2-1000K,Li4V2Si(PO6)2,2.27132e-05,6.539761715273607e-06,1.961928514582082e-05,35.0
Li-O-P-Si-V,1000.0,O,Li4V2Si(PO6)2-1000K,Li4V2Si(PO6)2,1.70056e-06,4.931024742061717e-07,1.479307422618515e-06,35.0
Li-O-P-Si-V,1000.0,P,Li4V2Si(PO6)2-1000K,Li4V2Si(PO6)2,,2.943430442891634e-07,8.830291328674902e-07,35.0
Li-O-P-Si-V,1000.0,Si,Li4V2Si(PO6)2-1000K,Li4V2Si(PO6)2,,1.6962830657077285e-07,5.088849197123185e-07,35.0
Li-O-P-Si-V,1000.0,V,Li4V2Si(PO6)2-1000K,Li4V2Si(PO6)2,,4.2917233577326127e-07,1.2875170073197837e-06,35.0
Li-O-P-Si-V,1500.0,Li,Li4V2Si(PO6)2-1500K,Li4V2Si(PO6)2,0.000196251,3.5550485116119066e-05,0.00010665145534835718,28.4
Li-O-P-Si-V,1500.0,O,Li4V2Si(PO6)2-1500K,Li4V2Si(PO6)2,1.60748e-05,4.1585053159574725e-06,1.2475515947872418e-05,28.4
Li-O-P-Si-V,1500.0,P,Li4V2Si(PO6)2-1500K,Li4V2Si(PO6)2,8.83035e-06,3.4870602075183395e-06,1.046118062255502e-05,28.4
Li-O-P-Si-V,1500.0,Si,Li4V2Si(PO6)2-1500K,Li4V2Si(PO6)2,,1.2877981896144827e-06,3.863394568843448e-06,28.4
Li-O-P-Si-V,1500.0,V,Li4V2Si(PO6)2-1500K,Li4V2Si(PO6)2,1.36209e-05,4.284870637034904e-06,1.285461191110471e-05,28.4
Li-O-P-Si-V,2000.0,Li,Li4V2Si(PO6)2-2000K,Li4V2Si(PO6)2,0.000356003,6.42317411686306e-05,0.00019269522350589174,23.5
Li-O-P-Si-V,2000.0,O,Li4V2Si(PO6)2-2000K,Li4V2Si(PO6)2,3.73526e-05,1.0169855540024854e-05,3.0509566620074566e-05,23.5
Li-O-P-Si-V,2000.0,P,Li4V2Si(PO6)2-2000K,Li4V2Si(PO6)2,2.92859e-05,1.031448054692286e-05,3.094344164076858e-05,23.5
Li-O-P-Si-V,2000.0,Si,Li4V2Si(PO6)2-2000K,Li4V2Si(PO6)2,1.80672e-05,6.23608390211327e-06,1.870825170633981e-05,23.5
Li-O-P-Si-V,2000.0,V,Li4V2Si(PO6)2-2000K,Li4V2Si(PO6)2,2.39954e-05,7.892272769184665e-06,2.3676818307553996e-05,23.5
Li-O-P-Si-V,2500.0,Li,Li4V2Si(PO6)2-2500K,Li4V2Si(PO6)2,0.000625466,0.000159592638262132,0.000478777914786396,34.7
Li-O-P-Si-V,2500.0,O,Li4V2Si(PO6)2-2500K,Li4V2Si(PO6)2,0.000123413,3.8535788520213584e-05,0.00011560736556064075,34.7
Li-O-P-Si-V,2500.0,P,Li4V2Si(PO6)2-2500K,Li4V2Si(PO6)2,0.000105222,4.214919046120421e-05,0.00012644757138361262,34.7
Li-O-P-Si-V,2500.0,Si,Li4V2Si(PO6)2-2500K,Li4V2Si(PO6)2,6.76168e-05,2.7235771266617954e-05,8.170731379985387e-05,34.7
Li-O-P-Si-V,2500.0,V,Li4V2Si(PO6)2-2500K,Li4V2Si(PO6)2,8.74138e-05,2.740433273502496e-05,8.221299820507489e-05,34.7
Li-O-P-Ti,2500.0,Li,mp-18640,LiTi2(PO4)3,0.000520417,0.0001643227371662154,0.0004929682114986462,15.2
Li-O-P-Ti,2500.0,O,mp-18640,LiTi2(PO4)3,9.08416e-05,2.4658260179434082e-05,7.397478053830225e-05,15.2
Li-O-P-Ti,2500.0,P,mp-18640,LiTi2(PO4)3,6.23312e-05,1.1765962732919249e-05,3.5297888198757745e-05,15.2
Li-O-P-Ti,2500.0,Ti,mp-18640,LiTi2(PO4)3,6.95848e-05,3.068309311461484e-05,9.204927934384454e-05,15.2
Li-O-P-Ti,2000.0,Li,mp-18640,LiTi2(PO4)3,0.000273904,7.32763178260743e-05,0.00021982895347822293,22.3
Li-O-P-Ti,2000.0,O,mp-18640,LiTi2(PO4)3,1.87149e-05,4.554611021750065e-06,1.3663833065250195e-05,22.3
Li-O-P-Ti,2000.0,P,mp-18640,LiTi2(PO4)3,9.37228e-06,2.5295871935227793e-06,7.588761580568338e-06,22.3
Li-O-P-Ti,2000.0,Ti,mp-18640,LiTi2(PO4)3,1.80516e-05,6.570134087291197e-06,1.971040226187359e-05,22.3
Li-O-P-Ti,1500.0,Li,mp-18640,LiTi2(PO4)3,0.000155209,3.829484520687645e-05,0.00011488453562062936,10.8
Li-O-P-Ti,1500.0,O,mp-18640,LiTi2(PO4)3,6.44612e-06,1.289047435897435e-06,3.8671423076923055e-06,10.8
Li-O-P-Ti,1500.0,P,mp-18640,LiTi2(PO4)3,,6.312005900349649e-07,1.893601770104895e-06,10.8
Li-O-P-Ti,1500.0,Ti,mp-18640,LiTi2(PO4)3,,1.799704924242424e-06,5.399114772727272e-06,10.8
Li-O-P-Ti,1000.0,Li,mp-18640,LiTi2(PO4)3,2.6148e-05,6.392633842938441e-06,1.917790152881532e-05,27.7
Li-O-P-Ti,1000.0,O,mp-18640,LiTi2(PO4)3,2.52921e-06,8.915747130055333e-07,2.6747241390166e-06,27.7
Li-O-P-Ti,1000.0,P,mp-18640,LiTi2(PO4)3,,1.9758223377997565e-07,5.92746701339927e-07,27.7
Li-O-P-Ti,1000.0,Ti,mp-18640,LiTi2(PO4)3,,6.626214547903099e-07,1.9878643643709297e-06,27.7
Li-O-P-W,2000.0,Li,mp-758098,LiP3(WO6)2,0.00046944,0.00018578856374025065,0.000557365691220752,36.2
Li-O-P-W,2000.0,O,mp-758098,LiP3(WO6)2,5.34964e-05,1.6253191760969952e-05,4.875957528290985e-05,36.2
Li-O-P-W,2000.0,P,mp-758098,LiP3(WO6)2,3.93292e-05,1.2470274002123295e-05,3.741082200636988e-05,36.2
Li-O-P-W,2000.0,W,mp-758098,LiP3(WO6)2,3.40706e-05,1.180131105834199e-05,3.540393317502597e-05,36.2
Li-O-P-W,2500.0,Li,mp-758098,LiP3(WO6)2,0.000628988,0.0002308596267629859,0.0006925788802889576,28.4
Li-O-P-W,2500.0,O,mp-758098,LiP3(WO6)2,0.000137346,4.4037102663178684e-05,0.00013211130798953602,28.4
Li-O-P-W,2500.0,P,mp-758098,LiP3(WO6)2,0.000126468,2.4598050855593154e-05,7.379415256677946e-05,28.4
Li-O-P-W,2500.0,W,mp-758098,LiP3(WO6)2,8.39351e-05,3.107089885280917e-05,9.321269655842752e-05,28.4
Li-O-P-W,1500.0,Li,mp-758098,LiP3(WO6)2,0.000152428,1.904081554223295e-05,5.712244662669885e-05,31.9
Li-O-P-W,1500.0,O,mp-758098,LiP3(WO6)2,5.35421e-06,1.64251585968089e-06,4.927547579042671e-06,31.9
Li-O-P-W,1500.0,P,mp-758098,LiP3(WO6)2,5.60877e-06,1.8105638248661714e-06,5.431691474598514e-06,31.9
Li-O-P-W,1500.0,W,mp-758098,LiP3(WO6)2,,5.575747921357459e-07,1.6727243764072378e-06,31.9
Li-O-P-W,1000.0,Li,mp-758098,LiP3(WO6)2,3.03039e-05,8.72828388947083e-06,2.6184851668412493e-05,37.0
Li-O-P-W,1000.0,O,mp-758098,LiP3(WO6)2,7.80625e-07,2.1053876694599787e-07,6.316163008379936e-07,37.0
Li-O-P-W,1000.0,P,mp-758098,LiP3(WO6)2,,1.045967521613541e-07,3.137902564840623e-07,37.0
Li-O-P-W,1000.0,W,mp-758098,LiP3(WO6)2,,3.786795336135303e-07,1.1360386008405911e-06,37.0
Li-O-Pd,2000.0,Li,mp-760483,Li2PdO3,0.00041977,0.000119384707622924,0.00035815412286877203,30.9
Li-O-Pd,2000.0,O,mp-760483,Li2PdO3,0.000162866,6.056551184443028e-05,0.00018169653553329083,30.9
Li-O-Pd,2000.0,Pd,mp-760483,Li2PdO3,0.000130504,4.211652310064077e-05,0.0001263495693019223,30.9
Li-O-Pd,2500.0,Li,mp-760483,Li2PdO3,0.000672943,0.00022640996657990122,0.0006792298997397037,30.1
Li-O-Pd,2500.0,O,mp-760483,Li2PdO3,0.000436701,0.00010850905744690334,0.00032552717234071,30.1
Li-O-Pd,2500.0,Pd,mp-760483,Li2PdO3,0.000295335,0.00012381644147110157,0.00037144932441330475,30.1
Li-O-Pd,1500.0,Li,mp-760483,Li2PdO3,5.73748e-05,1.3125878822407915e-05,3.937763646722374e-05,23.2
Li-O-Pd,1500.0,O,mp-760483,Li2PdO3,2.52286e-06,9.284158035062632e-07,2.7852474105187897e-06,23.2
Li-O-Pd,1500.0,Pd,mp-760483,Li2PdO3,,3.9798526818296925e-07,1.1939558045489077e-06,23.2
Li-O-Pd,1000.0,Li,mp-760483,Li2PdO3,2.76687e-05,6.9726761209523996e-06,2.09180283628572e-05,33.1
Li-O-Pd,1000.0,O,mp-760483,Li2PdO3,1.08708e-06,4.4160010352743036e-07,1.3248003105822912e-06,33.1
Li-O-Pd,1000.0,Pd,mp-760483,Li2PdO3,,1.0275165835844866e-07,3.0825497507534593e-07,33.1
Li-O-Re,2000.0,Li,mp-5061,Li5ReO6,0.000480474,0.00016470448424692636,0.000494113452740779,35.4
Li-O-Re,2000.0,O,mp-5061,Li5ReO6,3332.72,5.297105467401483e-06,1.589131640220445e-05,35.4
Li-O-Re,2000.0,Re,mp-5061,Li5ReO6,9.51542e-06,3.204604664370163e-06,9.613813993110489e-06,35.4
Li-O-Re,2500.0,Li,mp-5061,Li5ReO6,0.00065466,0.00021633071874240341,0.0006489921562272102,7.0
Li-O-Re,2500.0,O,mp-5061,Li5ReO6,19305.5,3.160601693541853e-05,9.48180508062556e-05,7.0
Li-O-Re,2500.0,Re,mp-5061,Li5ReO6,4.33949e-05,1.4323151014234398e-05,4.2969453042703194e-05,7.0
Li-O-Re,1000.0,Li,mp-5061,Li5ReO6,4.21308e-05,1.4549124279005768e-05,4.3647372837017306e-05,28.4
Li-O-Re,1000.0,O,mp-5061,Li5ReO6,6.69823e-06,2.422466636266909e-06,7.2673999088007275e-06,28.4
Li-O-Re,1000.0,Re,mp-5061,Li5ReO6,,1.1365735050119597e-06,3.4097205150358788e-06,28.4
Li-O-Re,1500.0,Li,mp-5061,Li5ReO6,8.17026e-05,1.9555395097191046e-05,5.866618529157314e-05,17.0
Li-O-Re,1500.0,O,mp-5061,Li5ReO6,1.50415e-06,3.720161114912178e-07,1.1160483344736534e-06,17.0
Li-O-Re,1500.0,Re,mp-5061,Li5ReO6,,8.337609060734983e-09,2.5012827182204948e-08,17.0
Li-O-Ru-Sr,2000.0,Li,mp-6721,Sr3LiRuO6,0.000154121,5.4902120860231996e-05,0.000164706362580696,24.2
Li-O-Ru-Sr,2000.0,O,mp-6721,Sr3LiRuO6,7.80472e-05,2.4956392182333497e-05,7.486917654700048e-05,24.2
Li-O-Ru-Sr,2000.0,Ru,mp-6721,Sr3LiRuO6,1.7279e-05,5.412767484123237e-06,1.623830245236971e-05,24.2
Li-O-Ru-Sr,2000.0,Sr,mp-6721,Sr3LiRuO6,4.03924e-05,1.3163297984569365e-05,3.94898939537081e-05,24.2
Li-O-Ru-Sr,1500.0,Li,mp-6721,Sr3LiRuO6,8.12583e-05,3.3441550343573116e-05,0.00010032465103071935,23.5
Li-O-Ru-Sr,1500.0,O,mp-6721,Sr3LiRuO6,8.50463e-06,3.4592558046288947e-06,1.0377767413886684e-05,23.5
Li-O-Ru-Sr,1500.0,Ru,mp-6721,Sr3LiRuO6,9.92252e-06,1.600895969328843e-06,4.802687907986529e-06,23.5
Li-O-Ru-Sr,1500.0,Sr,mp-6721,Sr3LiRuO6,1.79394e-05,3.346522744561401e-06,1.0039568233684205e-05,23.5
Li-O-Ru-Sr,2500.0,Li,mp-6721,Sr3LiRuO6,0.000349889,0.00013199074675324674,0.00039597224025974024,9.0
Li-O-Ru-Sr,2500.0,O,mp-6721,Sr3LiRuO6,0.000242617,6.49291687109187e-05,0.00019478750613275613,9.0
Li-O-Ru-Sr,2500.0,Ru,mp-6721,Sr3LiRuO6,9.67766e-05,2.5483388768638765e-05,7.645016630591629e-05,9.0
Li-O-Ru-Sr,2500.0,Sr,mp-6721,Sr3LiRuO6,0.000144605,4.597944119769119e-05,0.00013793832359307358,9.0
Li-O-Ru-Sr,1000.0,Li,mp-6721,Sr3LiRuO6,2.63789e-05,9.002084933018678e-06,2.7006254799056036e-05,14.7
Li-O-Ru-Sr,1000.0,O,mp-6721,Sr3LiRuO6,3.08592e-06,1.0970570339191995e-06,3.2911711017575986e-06,14.7
Li-O-Ru-Sr,1000.0,Ru,mp-6721,Sr3LiRuO6,,3.115370818804081e-07,9.346112456412244e-07,14.7
Li-O-Ru-Sr,1000.0,Sr,mp-6721,Sr3LiRuO6,,1.044376542448898e-06,3.133129627346694e-06,14.7
Li-O-Sb,2500.0,Li,mp-5769,Li3SbO4,0.00069392,0.00031013476616092376,0.0009304042984827712,31.3
Li-O-Sb,2500.0,O,mp-5769,Li3SbO4,0.00017606,5.927449928391729e-05,0.0001778234978517519,31.3
Li-O-Sb,2500.0,Sb,mp-5769,Li3SbO4,8.13512e-05,2.641470218003384e-05,7.924410654010153e-05,31.3
Li-O-Sb,1500.0,Li,mp-5769,Li3SbO4,0.000165594,6.333883159863888e-05,0.00019001649479591666,39.9
Li-O-Sb,1500.0,O,mp-5769,Li3SbO4,9.8275e-06,3.544984710382704e-06,1.0634954131148112e-05,39.9
Li-O-Sb,1500.0,Sb,mp-5769,Li3SbO4,6.48656e-06,1.62772473335764e-06,4.883174200072919e-06,39.9
Li-O-Sb,2000.0,Li,mp-5769,Li3SbO4,0.000362797,9.60602080708017e-05,0.00028818062421240515,34.9
Li-O-Sb,2000.0,O,mp-5769,Li3SbO4,7.07196e-05,2.467755106205841e-05,7.403265318617523e-05,34.9
Li-O-Sb,2000.0,Sb,mp-5769,Li3SbO4,3.30374e-05,1.0818704347037347e-05,3.245611304111204e-05,34.9
Li-O-Sb,1000.0,Li,mp-5769,Li3SbO4,2.32896e-05,6.27020893580104e-06,1.881062680740312e-05,34.8
Li-O-Sb,1000.0,O,mp-5769,Li3SbO4,1.16924e-06,2.882219372732531e-07,8.646658118197593e-07,34.8
Li-O-Sb,1000.0,Sb,mp-5769,Li3SbO4,,2.860976676831939e-07,8.582930030495817e-07,34.8
Li-O-Si,1000.0,Li,Li13Si5O8-1000K,Li13Si5O8,6.31663e-05,1.834234998292795e-05,5.502704994878385e-05,39.9
Li-O-Si,1000.0,O,Li13Si5O8-1000K,Li13Si5O8,3.01705e-06,1.0157024998987254e-06,3.0471074996961758e-06,39.9
Li-O-Si,1000.0,Si,Li13Si5O8-1000K,Li13Si5O8,2.96334e-06,9.675179490963388e-07,2.902553847289016e-06,39.9
Li-O-Si,1500.0,Li,Li13Si5O8-1500K,Li13Si5O8,0.000282585,8.299770744588287e-05,0.0002489931223376486,39.7
Li-O-Si,1500.0,O,Li13Si5O8-1500K,Li13Si5O8,2.50834e-05,4.986441451004427e-06,1.4959324353013281e-05,39.7
Li-O-Si,1500.0,Si,Li13Si5O8-1500K,Li13Si5O8,1.75525e-05,5.093418481846423e-06,1.528025544553927e-05,39.7
Li-O-Si,2000.0,Li,Li13Si5O8-2000K,Li13Si5O8,0.000550468,0.00017833222197329742,0.0005349966659198923,34.5
Li-O-Si,2000.0,O,Li13Si5O8-2000K,Li13Si5O8,0.000111006,1.750564263476163e-05,5.2516927904284886e-05,34.5
Li-O-Si,2000.0,Si,Li13Si5O8-2000K,Li13Si5O8,9.4341e-05,3.3520094804762976e-05,0.00010056028441428893,34.5
Li-O-Si,2500.0,Li,Li13Si5O8-2500K,Li13Si5O8,0.000928683,0.00023022255204996803,0.000690667656149904,37.3
Li-O-Si,2500.0,O,Li13Si5O8-2500K,Li13Si5O8,0.000241173,8.188254721866327e-05,0.00024564764165598983,37.3
Li-O-Si,2500.0,Si,Li13Si5O8-2500K,Li13Si5O8,0.000258279,0.00010408689770624246,0.00031226069311872737,37.3
Li-O-Si-Sn,1000.0,Li,Li10Si9SnO20-1000K,Li10Si9SnO20,5.74788e-06,2.8428990535608173e-06,8.528697160682454e-06,25.6
Li-O-Si-Sn,1000.0,O,Li10Si9SnO20-1000K,Li10Si9SnO20,9.4905e-07,4.782350070809822e-07,1.4347050212429467e-06,25.6
Li-O-Si-Sn,1000.0,Si,Li10Si9SnO20-1000K,Li10Si9SnO20,,1.8335190695097815e-07,5.500557208529345e-07,25.6
Li-O-Si-Sn,1000.0,Sn,Li10Si9SnO20-1000K,Li10Si9SnO20,,1.5371531826446686e-07,4.611459547934006e-07,25.6
Li-O-Si-Sn,1500.0,Li,Li10Si9SnO20-1500K,Li10Si9SnO20,0.000153572,3.750619696404129e-05,0.00011251859089212387,31.4
Li-O-Si-Sn,1500.0,O,Li10Si9SnO20-1500K,Li10Si9SnO20,3.5796e-06,7.923939399325739e-07,2.3771818197977217e-06,31.4
Li-O-Si-Sn,1500.0,Si,Li10Si9SnO20-1500K,Li10Si9SnO20,,3.226050383049821e-07,9.678151149149464e-07,31.4
Li-O-Si-Sn,1500.0,Sn,Li10Si9SnO20-1500K,Li10Si9SnO20,,2.2851751334601276e-07,6.855525400380382e-07,31.4
Li-O-Si-Sn,2000.0,Li,Li10Si9SnO20-2000K,Li10Si9SnO20,0.000352652,0.00013967080690135942,0.0004190124207040782,25.2
Li-O-Si-Sn,2000.0,O,Li10Si9SnO20-2000K,Li10Si9SnO20,2.1202e-05,2.423457784361566e-06,7.270373353084699e-06,25.2
Li-O-Si-Sn,2000.0,Si,Li10Si9SnO20-2000K,Li10Si9SnO20,6.00546e-06,1.7012543801556879e-06,5.103763140467063e-06,25.2
Li-O-Si-Sn,2000.0,Sn,Li10Si9SnO20-2000K,Li10Si9SnO20,2.44884e-05,4.2259414023469274e-06,1.2677824207040781e-05,25.2
Li-O-Si-Sn,2500.0,Li,Li10Si9SnO20-2500K,Li10Si9SnO20,0.00050323,0.0001712670761518364,0.0005138012284555091,23.1
Li-O-Si-Sn,2500.0,O,Li10Si9SnO20-2500K,Li10Si9SnO20,8.78554e-05,3.54161398155357e-05,0.0001062484194466071,23.1
Li-O-Si-Sn,2500.0,Si,Li10Si9SnO20-2500K,Li10Si9SnO20,7.90604e-05,3.222021989517241e-05,9.666065968551723e-05,23.1
Li-O-Si-Sn,2500.0,Sn,Li10Si9SnO20-2500K,Li10Si9SnO20,0.000155701,6.49882731834209e-05,0.0001949648195502627,23.1
Li-O-Si-Ti,1000.0,Li,LiTiSiO4-1000K,LiTiSiO4,1.93948e-05,2.7796699690795703e-06,8.339009907238711e-06,35.9
Li-O-Si-Ti,1000.0,O,LiTiSiO4-1000K,LiTiSiO4,3.19721e-06,1.025483869776968e-06,3.0764516093309042e-06,35.9
Li-O-Si-Ti,1000.0,Si,LiTiSiO4-1000K,LiTiSiO4,,3.519806091403804e-07,1.055941827421141e-06,35.9
Li-O-Si-Ti,1000.0,Ti,LiTiSiO4-1000K,LiTiSiO4,4.31831e-06,1.503707451069117e-06,4.511122353207351e-06,35.9
Li-O-Si-Ti,1500.0,Li,LiTiSiO4-1500K,LiTiSiO4,8.44239e-05,2.609606281604548e-05,7.828818844813643e-05,26.9
Li-O-Si-Ti,1500.0,O,LiTiSiO4-1500K,LiTiSiO4,9.90049e-06,2.7550694412101905e-06,8.265208323630571e-06,26.9
Li-O-Si-Ti,1500.0,Si,LiTiSiO4-1500K,LiTiSiO4,8.59294e-06,3.0522531153516307e-06,9.156759346054892e-06,26.9
Li-O-Si-Ti,1500.0,Ti,LiTiSiO4-1500K,LiTiSiO4,6.48972e-07,8.285175423616791e-07,2.4855526270850376e-06,26.9
Li-O-Si-Ti,2000.0,Li,LiTiSiO4-2000K,LiTiSiO4,0.000322784,0.00020555833182168512,0.0006166749954650554,35.0
Li-O-Si-Ti,2000.0,O,LiTiSiO4-2000K,LiTiSiO4,3.37553e-05,8.594851502918972e-06,2.578455450875692e-05,35.0
Li-O-Si-Ti,2000.0,Si,LiTiSiO4-2000K,LiTiSiO4,1.78469e-05,3.688358763088531e-06,1.1065076289265595e-05,35.0
Li-O-Si-Ti,2000.0,Ti,LiTiSiO4-2000K,LiTiSiO4,2.17165e-05,5.896615958321091e-06,1.7689847874963272e-05,35.0
Li-O-Si-Ti,2500.0,Li,LiTiSiO4-2500K,LiTiSiO4,0.000403706,7.97454289036208e-05,0.0002392362867108624,28.5
Li-O-Si-Ti,2500.0,O,LiTiSiO4-2500K,LiTiSiO4,0.000111292,3.232714367302404e-05,9.69814310190721e-05,28.5
Li-O-Si-Ti,2500.0,Si,LiTiSiO4-2500K,LiTiSiO4,8.22093e-05,2.6498666298762105e-05,7.949599889628631e-05,28.5
Li-O-Si-Ti,2500.0,Ti,LiTiSiO4-2500K,LiTiSiO4,8.30879e-05,2.138408321207419e-05,6.415224963622257e-05,28.5
Li-O-Sn,1000.0,Li,Li2SnO2-1000K,Li2SnO2,3.59264e-05,1.5077823506989114e-05,4.523347052096734e-05,37.7
Li-O-Sn,1000.0,O,Li2SnO2-1000K,Li2SnO2,1.08788e-05,3.3930737445800255e-06,1.0179221233740077e-05,37.7
Li-O-Sn,1000.0,Sn,Li2SnO2-1000K,Li2SnO2,6.17147e-06,1.7653456300165908e-06,5.296036890049772e-06,37.7
Li-O-Sn,1500.0,Li,Li2SnO2-1500K,Li2SnO2,0.000218579,6.485011783030758e-05,0.00019455035349092274,36.5
Li-O-Sn,1500.0,O,Li2SnO2-1500K,Li2SnO2,7.05522e-05,2.2417598493417266e-05,6.725279548025179e-05,36.5
Li-O-Sn,1500.0,Sn,Li2SnO2-1500K,Li2SnO2,5.40028e-05,1.7993116312680657e-05,5.397934893804196e-05,36.5
Li-O-Sn,2000.0,Li,Li2SnO2-2000K,Li2SnO2,0.000419262,0.00012615318314099328,0.00037845954942297987,35.3
Li-O-Sn,2000.0,O,Li2SnO2-2000K,Li2SnO2,0.000206359,8.859988236672112e-05,0.0002657996471001634,35.3
Li-O-Sn,2000.0,Sn,Li2SnO2-2000K,Li2SnO2,0.000141908,4.650322067281029e-05,0.0001395096620184309,35.3
Li-O-Sn,2500.0,Li,Li2SnO2-2500K,Li2SnO2,0.000702047,0.00022311402006792652,0.0006693420602037795,36.0
Li-O-Sn,2500.0,O,Li2SnO2-2500K,Li2SnO2,0.000404168,0.00012294357003496536,0.0003688307101048961,36.0
Li-O-Sn,2500.0,Sn,Li2SnO2-2500K,Li2SnO2,0.000250912,6.474186216297046e-05,0.00019422558648891138,36.0
Li-O-Tl,1000.0,Li,mp-27483,Li5TlO4,5.65226e-05,1.7370079822884398e-05,5.211023946865319e-05,32.8
Li-O-Tl,1000.0,O,mp-27483,Li5TlO4,9.80591e-06,3.422744407715401e-06,1.0268233223146203e-05,32.8
Li-O-Tl,1000.0,Tl,mp-27483,Li5TlO4,2.07955e-06,1.9422475087558488e-06,5.8267425262675455e-06,32.8
Li-O-Tl,2000.0,Li,mp-27483,Li5TlO4,0.00045253,0.0001661035905493212,0.0004983107716479636,31.1
Li-O-Tl,2000.0,O,mp-27483,Li5TlO4,0.000179292,6.209587781502397e-05,0.00018628763344507188,31.1
Li-O-Tl,2000.0,Tl,mp-27483,Li5TlO4,0.000163302,5.831777270629266e-05,0.000174953318118878,31.1
Li-O-Tl,2500.0,Li,mp-27483,Li5TlO4,0.000761097,0.0002387100992871099,0.0007161302978613297,31.0
Li-O-Tl,2500.0,O,mp-27483,Li5TlO4,0.000385893,0.00013289868790655965,0.0003986960637196789,31.0
Li-O-Tl,2500.0,Tl,mp-27483,Li5TlO4,0.00038581,0.00012823997099869463,0.00038471991299608385,31.0
Li-O-Tl,1500.0,Li,mp-27483,Li5TlO4,0.000203624,6.830748513256057e-05,0.0002049224553976817,32.0
Li-O-Tl,1500.0,O,mp-27483,Li5TlO4,5.32461e-05,1.8900873709670956e-05,5.670262112901287e-05,32.0
Li-O-Tl,1500.0,Tl,mp-27483,Li5TlO4,3.13893e-05,9.20313373016933e-06,2.760940119050799e-05,32.0
Li-O-V,2500.0,Li,mp-19373,LiVO3,0.00055507,0.0001829562796685423,0.0005488688390056269,37.5
Li-O-V,2500.0,O,mp-19373,LiVO3,0.000214461,6.201486172945391e-05,0.00018604458518836175,37.5
Li-O-V,2500.0,V,mp-19373,LiVO3,0.000136353,4.822251055406113e-05,0.0001446675316621834,37.5
Li-O-V,1000.0,Li,mp-19373,LiVO3,2.74326e-05,7.2529366706308565e-06,2.1758810011892573e-05,39.9
Li-O-V,1000.0,O,mp-19373,LiVO3,1.83366e-06,7.427843259720946e-07,2.228352977916284e-06,39.9
Li-O-V,1000.0,V,mp-19373,LiVO3,,5.585503969976332e-07,1.6756511909928995e-06,39.9
Li-O-V,1500.0,Li,mp-19373,LiVO3,0.000216934,6.646276713195738e-05,0.00019938830139587215,39.8
Li-O-V,1500.0,O,mp-19373,LiVO3,4.18993e-05,1.41684403809641e-05,4.25053211428923e-05,39.8
Li-O-V,1500.0,V,mp-19373,LiVO3,2.48044e-05,8.226845040317383e-06,2.468053512095215e-05,39.8
Li-O-V,2000.0,Li,mp-19373,LiVO3,0.000397789,0.0001443215572189085,0.0004329646716567255,37.5
Li-O-V,2000.0,O,mp-19373,LiVO3,0.000123674,3.838473222183237e-05,0.00011515419666549712,37.5
Li-O-V,2000.0,V,mp-19373,LiVO3,9.43676e-05,3.547190170623628e-05,0.00010641570511870884,37.5
Li-O-W,1000.0,Li,Li16WO3-1000K,Li16WO3,0.000266939,8.761067596761163e-05,0.0002628320279028349,34.0
Li-O-W,1000.0,O,Li16WO3-1000K,Li16WO3,8.30991e-05,3.135325655577623e-05,9.40597696673287e-05,34.0
Li-O-W,1000.0,W,Li16WO3-1000K,Li16WO3,1.35805e-05,4.538139510640254e-06,1.361441853192076e-05,34.0
Li-O-W,1500.0,Li,Li16WO3-1500K,Li16WO3,0.000712144,0.0002637185841994243,0.0007911557525982731,33.5
Li-O-W,1500.0,O,Li16WO3-1500K,Li16WO3,0.00031519,8.726744986718363e-05,0.0002618023496015509,33.5
Li-O-W,1500.0,W,Li16WO3-1500K,Li16WO3,1.55624e-05,3.975264196260079e-06,1.1925792588780238e-05,33.5
Li-O-W,2000.0,Li,Li16WO3-2000K,Li16WO3,0.00129104,0.00045213996362138993,0.0013564198908641697,33.5
Li-O-W,2000.0,O,Li16WO3-2000K,Li16WO3,0.000635555,0.0002629516621884967,0.00078885498656549,33.5
Li-O-W,2000.0,W,Li16WO3-2000K,Li16WO3,5.98354e-05,1.9621341798542778e-05,5.886402539562833e-05,33.5
Li-O-W,2500.0,Li,Li16WO3-2500K,Li16WO3,0.00195671,0.0007075197473030888,0.0021225592419092665,33.4
Li-O-W,2500.0,O,Li16WO3-2500K,Li16WO3,0.00103092,0.00030359538224717996,0.0009107861467415399,33.4
Li-O-W,2500.0,W,Li16WO3-2500K,Li16WO3,0.000120318,4.4331814615043606e-05,0.0001329954438451308,33.4
Li-O-Zn,2500.0,Li,mp-3297,Li10Zn4O9,0.00070738,0.0002285012509731891,0.0006855037529195673,34.9
Li-O-Zn,2500.0,O,mp-3297,Li10Zn4O9,0.000251151,9.592106889369047e-05,0.0002877632066810714,34.9
Li-O-Zn,2500.0,Zn,mp-3297,Li10Zn4O9,0.000303461,8.94033085082374e-05,0.0002682099255247122,34.9
Li-O-Zn,1000.0,Li,mp-3297,Li10Zn4O9,2.49885e-05,7.647591977027498e-06,2.2942775931082497e-05,28.2
Li-O-Zn,1000.0,O,mp-3297,Li10Zn4O9,2.53802e-06,8.574203934828371e-07,2.5722611804485113e-06,28.2
Li-O-Zn,1000.0,Zn,mp-3297,Li10Zn4O9,7.16335e-06,2.413856645616827e-06,7.24156993685048e-06,28.2
Li-O-Zn,1500.0,Li,mp-3297,Li10Zn4O9,0.000196383,6.0409707826822956e-05,0.0001812291234804689,31.3
Li-O-Zn,1500.0,O,mp-3297,Li10Zn4O9,1.76958e-05,4.610738325203281e-06,1.3832214975609843e-05,31.3
Li-O-Zn,1500.0,Zn,mp-3297,Li10Zn4O9,6.04648e-05,1.912122133637466e-05,5.736366400912398e-05,31.3
Li-O-Zn,2000.0,Li,mp-3297,Li10Zn4O9,0.000410233,0.00013281993059473143,0.0003984597917841943,31.1
Li-O-Zn,2000.0,O,mp-3297,Li10Zn4O9,0.000101734,3.0617326141045325e-05,9.185197842313598e-05,31.1
Li-O-Zn,2000.0,Zn,mp-3297,Li10Zn4O9,0.000172969,7.159793835581315e-05,0.00021479381506743947,31.1
Li-O-Zr,1000.0,Li,mp-5418,Li6Zr2O7,1.96756e-05,5.6538075445230736e-06,1.696142263356922e-05,37.8
Li-O-Zr,1000.0,O,mp-5418,Li6Zr2O7,9.64656e-07,2.5924306890672166e-07,7.77729206720165e-07,37.8
Li-O-Zr,1000.0,Zr,mp-5418,Li6Zr2O7,,3.0450733000389177e-07,9.135219900116752e-07,37.8
Li-O-Zr,2000.0,Li,mp-5418,Li6Zr2O7,0.000354084,9.123995567967943e-05,0.0002737198670390383,30.0
Li-O-Zr,2000.0,O,mp-5418,Li6Zr2O7,4.16956e-05,1.407772591558227e-05,4.223317774674681e-05,30.0
Li-O-Zr,2000.0,Zr,mp-5418,Li6Zr2O7,2.33559e-05,7.887702821119946e-06,2.366310846335984e-05,30.0
Li-O-Zr,2500.0,Li,mp-5418,Li6Zr2O7,0.000585597,0.00017010244989410392,0.0005103073496823119,29.4
Li-O-Zr,2500.0,O,mp-5418,Li6Zr2O7,0.000136809,5.3616624358708014e-05,0.00016084987307612406,29.4
Li-O-Zr,2500.0,Zr,mp-5418,Li6Zr2O7,6.45206e-05,2.1497464321370253e-05,6.449239296411076e-05,29.4
Li-O-Zr,1500.0,Li,mp-5418,Li6Zr2O7,0.00010701,3.845008382671424e-05,0.00011535025148014271,31.9
Li-O-Zr,1500.0,O,mp-5418,Li6Zr2O7,1.50375e-06,4.677468306070223e-07,1.4032404918210667e-06,31.9
Li-O-Zr,1500.0,Zr,mp-5418,Li6Zr2O7,,9.367413047974937e-07,2.8102239143924807e-06,31.9
Li-Os,1000.0,Li,Li4Os-1000K,Li4Os,0.000190832,5.953097842857338e-05,0.00017859293528572014,31.9
Li-Os,1000.0,Os,Li4Os-1000K,Li4Os,1172.04,3.744491982984294e-06,1.1233475948952881e-05,31.9
Li-Os,1500.0,Li,Li4Os-1500K,Li4Os,0.000548055,0.00018619918402321565,0.0005585975520696469,36.5
Li-Os,1500.0,Os,Li4Os-1500K,Li4Os,3659.78,1.2811117653219385e-05,3.8433352959658154e-05,36.5
Li-Os,2000.0,Li,Li4Os-2000K,Li4Os,0.001027,0.0003572492676690026,0.0010717478030070077,32.4
Li-Os,2000.0,Os,Li4Os-2000K,Li4Os,4015.89,1.3708171602820353e-05,4.112451480846106e-05,32.4
Li-Os,2500.0,Li,Li4Os-2500K,Li4Os,0.00144827,0.0004986980090553306,0.0014960940271659918,31.3
Li-Os,2500.0,Os,Li4Os-2500K,Li4Os,0.000155358,5.087395007648449e-05,0.00015262185022945347,31.3
Li-P-Si,1000.0,Li,Li9(SiP2)2-1000K,Li9(SiP2)2,8.32495e-05,2.5199925190287792e-05,7.559977557086337e-05,33.8
Li-P-Si,1000.0,P,Li9(SiP2)2-1000K,Li9(SiP2)2,,3.3715855331548825e-07,1.0114756599464647e-06,33.8
Li-P-Si,1000.0,Si,Li9(SiP2)2-1000K,Li9(SiP2)2,3.5527e-06,1.2748735718254525e-06,3.824620715476357e-06,33.8
Li-P-Si,1500.0,Li,Li9(SiP2)2-1500K,Li9(SiP2)2,0.000356499,0.00011447992243627522,0.0003434397673088256,38.3
Li-P-Si,1500.0,P,Li9(SiP2)2-1500K,Li9(SiP2)2,6.62848e-05,2.0541765622264577e-05,6.162529686679374e-05,38.3
Li-P-Si,1500.0,Si,Li9(SiP2)2-1500K,Li9(SiP2)2,0.000101627,3.446078407827222e-05,0.00010338235223481665,38.3
Li-P-Si,2000.0,Li,Li9(SiP2)2-2000K,Li9(SiP2)2,0.000775771,0.00025101742982589723,0.0007530522894776917,33.2
Li-P-Si,2000.0,P,Li9(SiP2)2-2000K,Li9(SiP2)2,0.000284925,0.00010288561001979598,0.0003086568300593879,33.2
Li-P-Si,2000.0,Si,Li9(SiP2)2-2000K,Li9(SiP2)2,0.000366311,0.00013342410930917216,0.00040027232792751643,33.2
Li-P-Si,2500.0,Li,Li9(SiP2)2-2500K,Li9(SiP2)2,0.00127621,0.00048070762724615907,0.001442122881738477,37.8
Li-P-Si,2500.0,P,Li9(SiP2)2-2500K,Li9(SiP2)2,0.00058922,0.00023127508036347542,0.0006938252410904263,37.8
Li-P-Si,2500.0,Si,Li9(SiP2)2-2500K,Li9(SiP2)2,0.000653365,0.00020335409150971847,0.0006100622745291554,37.8
Li-P-Sn,1000.0,Li,Li14(Sn4P3)3-1000K,Li14(Sn4P3)3,0.000150213,4.8223040353281564e-05,0.0001446691210598447,33.2
Li-P-Sn,1000.0,P,Li14(Sn4P3)3-1000K,Li14(Sn4P3)3,6.2696e-05,2.008981831379118e-05,6.0269454941373536e-05,33.2
Li-P-Sn,1000.0,Sn,Li14(Sn4P3)3-1000K,Li14(Sn4P3)3,7346.8,2.4464923379523886e-05,7.339477013857166e-05,33.2
Li-P-Sn,1500.0,Li,Li14(Sn4P3)3-1500K,Li14(Sn4P3)3,0.000451419,0.0001484866220958293,0.00044545986628748797,35.7
Li-P-Sn,1500.0,P,Li14(Sn4P3)3-1500K,Li14(Sn4P3)3,0.000259444,7.699213743082999e-05,0.00023097641229248998,35.7
Li-P-Sn,1500.0,Sn,Li14(Sn4P3)3-1500K,Li14(Sn4P3)3,26256.5,8.981741377920495e-05,0.00026945224133761487,35.7
Li-P-Sn,2000.0,Li,Li14(Sn4P3)3-2000K,Li14(Sn4P3)3,0.000946299,0.00034755768266491046,0.0010426730479947313,37.1
Li-P-Sn,2000.0,P,Li14(Sn4P3)3-2000K,Li14(Sn4P3)3,0.000594667,0.00020981885027693525,0.0006294565508308057,37.1
Li-P-Sn,2000.0,Sn,Li14(Sn4P3)3-2000K,Li14(Sn4P3)3,53948.3,0.00018168427638827272,0.0005450528291648182,37.1
Li-P-Sn,2500.0,Li,Li14(Sn4P3)3-2500K,Li14(Sn4P3)3,0.00130849,0.00042167694277553424,0.001265030828326603,23.5
Li-P-Sn,2500.0,P,Li14(Sn4P3)3-2500K,Li14(Sn4P3)3,0.000858077,0.00031150419063505667,0.00093451257190517,23.5
Li-P-Sn,2500.0,Sn,Li14(Sn4P3)3-2500K,Li14(Sn4P3)3,75650.7,0.00024749036329268565,0.000742471089878057,23.5
Li-Pb-Si,1000.0,Li,Li2SiPb-1000K,Li2SiPb,0.000134157,3.480718404399383e-05,0.00010442155213198149,39.9
Li-Pb-Si,1000.0,Pb,Li2SiPb-1000K,Li2SiPb,5.36404e-05,1.743816938806808e-05,5.2314508164204246e-05,39.9
Li-Pb-Si,1000.0,Si,Li2SiPb-1000K,Li2SiPb,6.67828e-05,2.2117300379925586e-05,6.635190113977676e-05,39.9
Li-Pb-Si,1500.0,Li,Li2SiPb-1500K,Li2SiPb,0.000526935,0.00014676623544490134,0.00044029870633470404,33.2
Li-Pb-Si,1500.0,Pb,Li2SiPb-1500K,Li2SiPb,0.000232612,8.317950591340542e-05,0.00024953851774021625,33.2
Li-Pb-Si,1500.0,Si,Li2SiPb-1500K,Li2SiPb,0.000240512,6.068074158672149e-05,0.0001820422247601645,33.2
Li-Pb-Si,2000.0,Li,Li2SiPb-2000K,Li2SiPb,0.000926432,0.0002072428652551839,0.0006217285957655517,39.9
Li-Pb-Si,2000.0,Pb,Li2SiPb-2000K,Li2SiPb,0.000541721,0.00018894482904072412,0.0005668344871221724,39.9
Li-Pb-Si,2000.0,Si,Li2SiPb-2000K,Li2SiPb,0.000566673,0.00017308282041210213,0.0005192484612363064,39.9
Li-Pb-Si,2500.0,Li,Li2SiPb-2500K,Li2SiPb,0.00142943,0.0003643183367600827,0.001092955010280248,31.1
Li-Pb-Si,2500.0,Pb,Li2SiPb-2500K,Li2SiPb,0.000583753,0.00019300362144445646,0.0005790108643333693,31.1
Li-Pb-Si,2500.0,Si,Li2SiPb-2500K,Li2SiPb,0.000855134,0.00025449965281824883,0.0007634989584547465,31.1
Li-Pd,1500.0,Li,mp-728,Li2Pd,0.000431037,0.00011921873522781897,0.0003576562056834569,28.2
Li-Pd,1500.0,Pd,mp-728,Li2Pd,0.000173544,5.190029602373494e-05,0.0001557008880712048,28.2
Li-Pd,2000.0,Li,mp-728,Li2Pd,0.000782351,0.0002580786067638793,0.0007742358202916377,32.6
Li-Pd,2000.0,Pd,mp-728,Li2Pd,0.000368895,0.00011165570398183068,0.000334967111945492,32.6
Li-Pd,2500.0,Li,mp-728,Li2Pd,0.00115995,0.00021788243080243032,0.0006536472924072909,33.9
Li-Pd,2500.0,Pd,mp-728,Li2Pd,0.000682152,0.0002835869417018279,0.0008507608251054837,33.9
Li-Pd,1000.0,Li,mp-728,Li2Pd,0.000126468,3.873509353631992e-05,0.00011620528060895976,38.9
Li-Pd,1000.0,Pd,mp-728,Li2Pd,5.59141e-05,1.7404411160983625e-05,5.221323348295087e-05,38.9
Li-Pd-Si,1000.0,Li,Li16SiPd3-1000K,Li16SiPd3,0.000266322,8.889456374608182e-05,0.00026668369123824544,31.1
Li-Pd-Si,1000.0,Pd,Li16SiPd3-1000K,Li16SiPd3,7.68506e-05,2.267630893270363e-05,6.802892679811089e-05,31.1
Li-Pd-Si,1000.0,Si,Li16SiPd3-1000K,Li16SiPd3,1.84204e-05,2.0223453339487516e-06,6.067036001846254e-06,31.1
Li-Pd-Si,1500.0,Li,Li16SiPd3-1500K,Li16SiPd3,0.000734484,0.00023058954383411523,0.0006917686315023457,37.5
Li-Pd-Si,1500.0,Pd,Li16SiPd3-1500K,Li16SiPd3,0.000379154,0.0001091033971904929,0.00032731019157147866,37.5
Li-Pd-Si,1500.0,Si,Li16SiPd3-1500K,Li16SiPd3,0.00026821,0.00012932419061851606,0.0003879725718555482,37.5
Li-Pd-Si,2000.0,Li,Li16SiPd3-2000K,Li16SiPd3,0.00125725,0.00047860691883445076,0.0014358207565033523,33.8
Li-Pd-Si,2000.0,Pd,Li16SiPd3-2000K,Li16SiPd3,0.000587733,0.0002480865134992201,0.0007442595404976602,33.8
Li-Pd-Si,2000.0,Si,Li16SiPd3-2000K,Li16SiPd3,0.000591017,0.00010917948781766039,0.0003275384634529811,33.8
Li-Pd-Si,2500.0,Li,Li16SiPd3-2500K,Li16SiPd3,0.00176285,0.000571641242872898,0.0017149237286186944,35.0
Li-Pd-Si,2500.0,Pd,Li16SiPd3-2500K,Li16SiPd3,0.000805361,0.00019619430981549375,0.0005885829294464813,35.0
Li-Pd-Si,2500.0,Si,Li16SiPd3-2500K,Li16SiPd3,0.000707283,0.00020919202707766465,0.000627576081232994,35.0
Li-Pd-Sn,1000.0,Li,Li15Sn4Pd-1000K,Li15Sn4Pd,0.000113826,3.379916061761633e-05,0.00010139748185284898,37.2
Li-Pd-Sn,1000.0,Pd,Li15Sn4Pd-1000K,Li15Sn4Pd,1.63826e-05,5.723366906103734e-06,1.7170100718311204e-05,37.2
Li-Pd-Sn,1000.0,Sn,Li15Sn4Pd-1000K,Li15Sn4Pd,,1.2042459878600583e-07,3.6127379635801754e-07,37.2
Li-Pd-Sn,1500.0,Li,Li15Sn4Pd-1500K,Li15Sn4Pd,0.00048028,0.0001763652159619105,0.0005290956478857314,34.0
Li-Pd-Sn,1500.0,Pd,Li15Sn4Pd-1500K,Li15Sn4Pd,0.000114375,4.7169406782056805e-05,0.00014150822034617042,34.0
Li-Pd-Sn,1500.0,Sn,Li15Sn4Pd-1500K,Li15Sn4Pd,0.000104617,3.67417132067293e-05,0.00011022513962018788,34.0
Li-Pd-Sn,2000.0,Li,Li15Sn4Pd-2000K,Li15Sn4Pd,0.000966689,0.00028784259781709174,0.0008635277934512753,39.9
Li-Pd-Sn,2000.0,Pd,Li15Sn4Pd-2000K,Li15Sn4Pd,0.000385747,0.00018859565325208196,0.0005657869597562459,39.9
Li-Pd-Sn,2000.0,Sn,Li15Sn4Pd-2000K,Li15Sn4Pd,0.000201283,6.289478641845635e-05,0.00018868435925536905,39.9
Li-Pd-Sn,2500.0,Li,Li15Sn4Pd-2500K,Li15Sn4Pd,0.00155698,0.0006137726907541501,0.0018413180722624504,33.6
Li-Pd-Sn,2500.0,Pd,Li15Sn4Pd-2500K,Li15Sn4Pd,0.00073391,0.0001810803493916556,0.0005432410481749668,33.6
Li-Pd-Sn,2500.0,Sn,Li15Sn4Pd-2500K,Li15Sn4Pd,0.00074012,0.00023836794367272554,0.0007151038310181766,33.6
Li-Pt,1000.0,Li,Li4Pt-1000K,Li4Pt,0.000174622,5.293349805748984e-05,0.0001588004941724695,38.7
Li-Pt,1000.0,Pt,Li4Pt-1000K,Li4Pt,5.65394e-05,1.987650617813689e-05,5.962951853441067e-05,38.7
Li-Pt,1500.0,Li,Li4Pt-1500K,Li4Pt,0.000531562,0.00017358812820138212,0.0005207643846041463,35.3
Li-Pt,1500.0,Pt,Li4Pt-1500K,Li4Pt,0.000130304,4.335340336753599e-05,0.00013006021010260796,35.3
Li-Pt,2000.0,Li,Li4Pt-2000K,Li4Pt,0.000968057,0.0003075879969499239,0.0009227639908497716,33.3
Li-Pt,2000.0,Pt,Li4Pt-2000K,Li4Pt,0.000300346,9.721326410660267e-05,0.000291639792319808,33.3
Li-Pt,2500.0,Li,Li4Pt-2500K,Li4Pt,0.00142709,0.00047877515042782994,0.0014363254512834898,33.0
Li-Pt,2500.0,Pt,Li4Pt-2500K,Li4Pt,0.000496905,0.00018086387034387438,0.0005425916110316231,33.0
Li-Pt-Si,1000.0,Li,Li12SiPt2-1000K,Li12SiPt2,0.000203777,6.755432498924142e-05,0.00020266297496772428,36.4
Li-Pt-Si,1000.0,Pt,Li12SiPt2-1000K,Li12SiPt2,3.82782e-05,1.2252874511103243e-05,3.6758623533309725e-05,36.4
Li-Pt-Si,1000.0,Si,Li12SiPt2-1000K,Li12SiPt2,3.73536e-05,1.1565105672154499e-05,3.4695317016463494e-05,36.4
Li-Pt-Si,1500.0,Li,Li12SiPt2-1500K,Li12SiPt2,0.000600488,0.00022958009122992312,0.0006887402736897693,37.0
Li-Pt-Si,1500.0,Pt,Li12SiPt2-1500K,Li12SiPt2,0.000223334,7.939107099572346e-05,0.00023817321298717038,37.0
Li-Pt-Si,1500.0,Si,Li12SiPt2-1500K,Li12SiPt2,0.000198668,7.293784541267724e-05,0.00021881353623803173,37.0
Li-Pt-Si,2000.0,Li,Li12SiPt2-2000K,Li12SiPt2,0.00109497,0.0003139136012318168,0.0009417408036954504,32.9
Li-Pt-Si,2000.0,Pt,Li12SiPt2-2000K,Li12SiPt2,0.000365266,8.998449094418413e-05,0.0002699534728325524,32.9
Li-Pt-Si,2000.0,Si,Li12SiPt2-2000K,Li12SiPt2,0.00037589,0.00010441343567295541,0.0003132403070188662,32.9
Li-Pt-Si,2500.0,Li,Li12SiPt2-2500K,Li12SiPt2,0.00161602,0.0005032905419524427,0.001509871625857328,33.0
Li-Pt-Si,2500.0,Pt,Li12SiPt2-2500K,Li12SiPt2,0.000631351,0.00014911009764764958,0.0004473302929429488,33.0
Li-Pt-Si,2500.0,Si,Li12SiPt2-2500K,Li12SiPt2,0.000597324,0.00014432462151809137,0.0004329738645542741,33.0
Li-Pt-Sn,1000.0,Li,Li15(Sn4Pt)2-1000K,Li15(Sn4Pt)2,5.06151e-05,1.5833014657106623e-05,4.7499043971319865e-05,22.4
Li-Pt-Sn,1000.0,Pt,Li15(Sn4Pt)2-1000K,Li15(Sn4Pt)2,1.33962e-05,4.267374215523689e-06,1.2802122646571068e-05,22.4
Li-Pt-Sn,1000.0,Sn,Li15(Sn4Pt)2-1000K,Li15(Sn4Pt)2,1.79231e-05,6.080496862094755e-06,1.8241490586284267e-05,22.4
Li-Pt-Sn,1500.0,Li,Li15(Sn4Pt)2-1500K,Li15(Sn4Pt)2,0.000338622,0.00010766742312572968,0.0003230022693771891,33.2
Li-Pt-Sn,1500.0,Pt,Li15(Sn4Pt)2-1500K,Li15(Sn4Pt)2,0.000135554,4.057201695345414e-05,0.00012171605086036241,33.2
Li-Pt-Sn,1500.0,Sn,Li15(Sn4Pt)2-1500K,Li15(Sn4Pt)2,0.00010259,3.159888340693367e-05,9.479665022080101e-05,33.2
Li-Pt-Sn,2000.0,Li,Li15(Sn4Pt)2-2000K,Li15(Sn4Pt)2,0.000801052,0.0002577823660629993,0.0007733470981889981,32.4
Li-Pt-Sn,2000.0,Pt,Li15(Sn4Pt)2-2000K,Li15(Sn4Pt)2,0.000292665,0.00010172455679813562,0.00030517367039440687,32.4
Li-Pt-Sn,2000.0,Sn,Li15(Sn4Pt)2-2000K,Li15(Sn4Pt)2,0.00034258,0.00011877596559797594,0.0003563278967939279,32.4
Li-Pt-Sn,2500.0,Li,Li15(Sn4Pt)2-2500K,Li15(Sn4Pt)2,0.0011967,0.0004778689209934755,0.0014336067629804267,30.4
Li-Pt-Sn,2500.0,Pt,Li15(Sn4Pt)2-2500K,Li15(Sn4Pt)2,0.00030214,7.21386236061396e-05,0.00021641587081841883,30.4
Li-Pt-Sn,2500.0,Sn,Li15(Sn4Pt)2-2500K,Li15(Sn4Pt)2,0.000657437,0.00024088157659933322,0.0007226447297979996,30.4
Li-Rb,1000.0,Li,RbLi2-1000K,RbLi2,0.000653836,0.0001847096264367816,0.0005541288793103448,14.4
Li-Rb,1000.0,Rb,RbLi2-1000K,RbLi2,0.000331135,0.00012129175536438968,0.0003638752660931691,14.4
Li-Rb,1500.0,Li,RbLi2-1500K,RbLi2,0.00124182,0.0004574693049276417,0.001372407914782925,28.7
Li-Rb,1500.0,Rb,RbLi2-1500K,RbLi2,0.000684642,0.0002644765436269575,0.0007934296308808725,28.7
Li-Rb,2000.0,Li,RbLi2-2000K,RbLi2,0.00206121,0.0006481048686464878,0.0019443146059394633,17.2
Li-Rb,2000.0,Rb,RbLi2-2000K,RbLi2,0.00123047,0.0004438090184729606,0.0013314270554188818,17.2
Li-Rb,2500.0,Li,RbLi2-2500K,RbLi2,0.00302272,0.0010507435967967284,0.003152230790390185,30.9
Li-Rb,2500.0,Rb,RbLi2-2500K,RbLi2,0.00154967,0.0006712581734572249,0.002013774520371675,30.9
Li-Rb-S,2500.0,Li,mp-8751,RbLiS,0.0010066,0.0003497972485927994,0.0010493917457783982,27.0
Li-Rb-S,2500.0,Rb,mp-8751,RbLiS,0.000622345,0.00018527826718059268,0.0005558348015417781,27.0
Li-Rb-S,2500.0,S,mp-8751,RbLiS,0.000555324,0.0002209929078387579,0.0006629787235162737,27.0
Li-Rb-S,1000.0,Li,mp-8751,RbLiS,3.42805e-05,1.1221807196634778e-05,3.3665421589904335e-05,24.1
Li-Rb-S,1000.0,Rb,mp-8751,RbLiS,4.91269e-05,1.666305489577472e-05,4.998916468732416e-05,24.1
Li-Rb-S,1000.0,S,mp-8751,RbLiS,1.91009e-05,6.523948938992041e-06,1.9571846816976126e-05,24.1
Li-Rb-S,2000.0,Li,mp-8751,RbLiS,0.00054132,0.00021055628691897692,0.0006316688607569307,28.0
Li-Rb-S,2000.0,Rb,mp-8751,RbLiS,0.00046868,0.00017316664367798633,0.000519499931033959,28.0
Li-Rb-S,2000.0,S,mp-8751,RbLiS,0.000359971,0.00010556144302687945,0.00031668432908063836,28.0
Li-Rb-S,1500.0,Li,mp-8751,RbLiS,0.000277635,5.086663522288524e-05,0.00015259990566865572,18.6
Li-Rb-S,1500.0,Rb,mp-8751,RbLiS,0.000318012,9.931882868257872e-05,0.0002979564860477362,18.6
Li-Rb-S,1500.0,S,mp-8751,RbLiS,0.000159184,4.8544743330993344e-05,0.00014563422999298005,18.6
Li-Rb-Se,1000.0,Li,mp-9250,RbLiSe,5.78296e-05,1.2928246315175237e-05,3.8784738945525714e-05,38.1
Li-Rb-Se,1000.0,Rb,mp-9250,RbLiSe,6.13714e-05,2.0271941789505407e-05,6.081582536851622e-05,38.1
Li-Rb-Se,1000.0,Se,mp-9250,RbLiSe,1.98351e-05,5.913003323286187e-06,1.773900996985856e-05,38.1
Li-Rb-Se,1500.0,Li,mp-9250,RbLiSe,0.000245619,6.261133332921076e-05,0.0001878339999876323,33.1
Li-Rb-Se,1500.0,Rb,mp-9250,RbLiSe,0.000236139,8.089948559646922e-05,0.00024269845678940764,33.1
Li-Rb-Se,1500.0,Se,mp-9250,RbLiSe,7.24855e-05,2.032998752672247e-05,6.0989962580167404e-05,33.1
Li-Rb-Se,2500.0,Li,mp-9250,RbLiSe,0.00101766,0.00033795672431833577,0.0010138701729550074,35.1
Li-Rb-Se,2500.0,Rb,mp-9250,RbLiSe,0.00075121,0.00026281763275055366,0.0007884528982516609,35.1
Li-Rb-Se,2500.0,Se,mp-9250,RbLiSe,0.000400796,0.00014410142722165177,0.00043230428166495525,35.1
Li-Rb-Se,2000.0,Li,mp-9250,RbLiSe,0.000602433,0.00020546738702853387,0.0006164021610856017,28.5
Li-Rb-Se,2000.0,Rb,mp-9250,RbLiSe,0.000499776,0.0001817219064767713,0.000545165719430314,28.5
Li-Rb-Se,2000.0,Se,mp-9250,RbLiSe,0.000254661,9.187032993100217e-05,0.0002756109897930065,28.5
Li-Rb-Si,1000.0,Li,Rb3Li2Si3-1000K,Rb3Li2Si3,0.000102673,3.011450079033972e-05,9.034350237101915e-05,24.7
Li-Rb-Si,1000.0,Rb,Rb3Li2Si3-1000K,Rb3Li2Si3,0.000146608,4.996065187910826e-05,0.00014988195563732476,24.7
Li-Rb-Si,1000.0,Si,Rb3Li2Si3-1000K,Rb3Li2Si3,4.29028e-05,1.4109769496588768e-05,4.23293084897663e-05,24.7
Li-Rb-Si,1500.0,Li,Rb3Li2Si3-1500K,Rb3Li2Si3,0.000488898,0.00012715395126964348,0.00038146185380893044,32.4
Li-Rb-Si,1500.0,Rb,Rb3Li2Si3-1500K,Rb3Li2Si3,0.000420398,0.0001423412735546241,0.0004270238206638722,32.4
Li-Rb-Si,1500.0,Si,Rb3Li2Si3-1500K,Rb3Li2Si3,0.000195248,6.445054653740959e-05,0.00019335163961222874,32.4
Li-Rb-Si,2000.0,Li,Rb3Li2Si3-2000K,Rb3Li2Si3,0.00104065,0.00023606903309640007,0.0007082070992892002,19.1
Li-Rb-Si,2000.0,Rb,Rb3Li2Si3-2000K,Rb3Li2Si3,0.000569975,0.00016802603308964983,0.0005040780992689495,19.1
Li-Rb-Si,2000.0,Si,Rb3Li2Si3-2000K,Rb3Li2Si3,0.000499121,0.00020038592306082634,0.000601157769182479,19.1
Li-Rb-Si,2500.0,Li,Rb3Li2Si3-2500K,Rb3Li2Si3,0.00145063,0.0004363050031853269,0.0013089150095559807,25.1
Li-Rb-Si,2500.0,Rb,Rb3Li2Si3-2500K,Rb3Li2Si3,0.000860707,0.0003481124927922723,0.0010443374783768169,25.1
Li-Rb-Si,2500.0,Si,Rb3Li2Si3-2500K,Rb3Li2Si3,0.000789267,0.00031533337120168316,0.0009460001136050494,25.1
Li-Rb-Sn,1000.0,Li,RbLi2Sn-1000K,RbLi2Sn,0.00013434,4.008799668048247e-05,0.0001202639900414474,30.9
Li-Rb-Sn,1000.0,Rb,RbLi2Sn-1000K,RbLi2Sn,0.000122677,4.1197654254219735e-05,0.0001235929627626592,30.9
Li-Rb-Sn,1000.0,Sn,RbLi2Sn-1000K,RbLi2Sn,5.3044e-05,1.7825044373681954e-05,5.347513312104586e-05,30.9
Li-Rb-Sn,1500.0,Li,RbLi2Sn-1500K,RbLi2Sn,0.00063527,0.00014869630967292318,0.00044608892901876955,32.8
Li-Rb-Sn,1500.0,Rb,RbLi2Sn-1500K,RbLi2Sn,0.000508028,0.00018274210121519772,0.0005482263036455931,32.8
Li-Rb-Sn,1500.0,Sn,RbLi2Sn-1500K,RbLi2Sn,0.000329318,0.00011617951118456923,0.00034853853355370763,32.8
Li-Rb-Sn,2000.0,Li,RbLi2Sn-2000K,RbLi2Sn,0.000986682,0.00030195098650512476,0.0009058529595153742,22.1
Li-Rb-Sn,2000.0,Rb,RbLi2Sn-2000K,RbLi2Sn,0.000649906,0.00018883887851133734,0.0005665166355340119,22.1
Li-Rb-Sn,2000.0,Sn,RbLi2Sn-2000K,RbLi2Sn,0.000530326,0.0001996965833215933,0.00059908974996478,22.1
Li-Rb-Sn,2500.0,Li,RbLi2Sn-2500K,RbLi2Sn,0.00166215,0.000574595622677511,0.0017237868680325332,26.9
Li-Rb-Sn,2500.0,Rb,RbLi2Sn-2500K,RbLi2Sn,0.000890569,0.00036805182005030863,0.001104155460150926,26.9
Li-Rb-Sn,2500.0,Sn,RbLi2Sn-2500K,RbLi2Sn,0.00085455,0.00027886027853165317,0.0008365808355949595,26.9
Li-Re-Si,1000.0,Li,Li44Re4Si7-1000K,Li44Re4Si7,0.000206464,7.437272350648451e-05,0.00022311817051945352,39.9
Li-Re-Si,1000.0,Re,Li44Re4Si7-1000K,Li44Re4Si7,,8.906173119324989e-07,2.671851935797497e-06,39.9
Li-Re-Si,1000.0,Si,Li44Re4Si7-1000K,Li44Re4Si7,3.79959e-05,1.5053371560270146e-05,4.516011468081044e-05,39.9
Li-Re-Si,1500.0,Li,Li44Re4Si7-1500K,Li44Re4Si7,0.000633977,0.0001883175906360825,0.0005649527719082475,31.3
Li-Re-Si,1500.0,Re,Li44Re4Si7-1500K,Li44Re4Si7,8.07664e-06,1.948788878113033e-06,5.846366634339101e-06,31.3
Li-Re-Si,1500.0,Si,Li44Re4Si7-1500K,Li44Re4Si7,9.73967e-05,2.895362238813427e-05,8.686086716440282e-05,31.3
Li-Re-Si,2000.0,Li,Li44Re4Si7-2000K,Li44Re4Si7,0.00114007,0.0003711851128007425,0.0011135553384022275,38.6
Li-Re-Si,2000.0,Re,Li44Re4Si7-2000K,Li44Re4Si7,2.00489e-05,3.8342492552425065e-06,1.150274776572752e-05,38.6
Li-Re-Si,2000.0,Si,Li44Re4Si7-2000K,Li44Re4Si7,0.000290202,0.00010222379642970723,0.00030667138928912167,38.6
Li-Re-Si,2500.0,Li,Li44Re4Si7-2500K,Li44Re4Si7,0.00178828,0.0005849329875518672,0.0017547989626556018,39.9
Li-Re-Si,2500.0,Re,Li44Re4Si7-2500K,Li44Re4Si7,4.53365e-05,1.4872972852537956e-05,4.461891855761387e-05,39.9
Li-Re-Si,2500.0,Si,Li44Re4Si7-2500K,Li44Re4Si7,0.000659451,0.0001340321391430407,0.0004020964174291221,39.9
Li-Rh-Si,1000.0,Li,Li21(Si4Rh3)2-1000K,Li21(Si4Rh3)2,6.78013e-05,2.173461032921853e-05,6.520383098765559e-05,34.3
Li-Rh-Si,1000.0,Rh,Li21(Si4Rh3)2-1000K,Li21(Si4Rh3)2,,5.900589084848216e-07,1.7701767254544647e-06,34.3
Li-Rh-Si,1000.0,Si,Li21(Si4Rh3)2-1000K,Li21(Si4Rh3)2,3.19962e-06,1.0595383745099588e-06,3.1786151235298766e-06,34.3
Li-Rh-Si,1500.0,Li,Li21(Si4Rh3)2-1500K,Li21(Si4Rh3)2,0.000302124,9.761314866993792e-05,0.00029283944600981375,38.7
Li-Rh-Si,1500.0,Rh,Li21(Si4Rh3)2-1500K,Li21(Si4Rh3)2,4.20217e-05,1.3077729397347758e-05,3.923318819204327e-05,38.7
Li-Rh-Si,1500.0,Si,Li21(Si4Rh3)2-1500K,Li21(Si4Rh3)2,5.76962e-05,1.8340307630310593e-05,5.502092289093178e-05,38.7
Li-Rh-Si,2000.0,Li,Li21(Si4Rh3)2-2000K,Li21(Si4Rh3)2,0.0007012,0.00022032758469210157,0.0006609827540763047,32.2
Li-Rh-Si,2000.0,Rh,Li21(Si4Rh3)2-2000K,Li21(Si4Rh3)2,0.000122333,4.092434943824227e-05,0.0001227730483147268,32.2
Li-Rh-Si,2000.0,Si,Li21(Si4Rh3)2-2000K,Li21(Si4Rh3)2,0.000212426,6.324470478228552e-05,0.00018973411434685652,32.2
Li-Rh-Si,2500.0,Li,Li21(Si4Rh3)2-2500K,Li21(Si4Rh3)2,0.001064,0.0003942184115835074,0.001182655234750522,32.6
Li-Rh-Si,2500.0,Rh,Li21(Si4Rh3)2-2500K,Li21(Si4Rh3)2,0.000286428,9.202185399774502e-05,0.0002760655619932351,32.6
Li-Rh-Si,2500.0,Si,Li21(Si4Rh3)2-2500K,Li21(Si4Rh3)2,0.000356758,0.00010848195924840992,0.00032544587774522974,32.6
Li-Rh-Sn,1000.0,Li,Li9Sn2Rh-1000K,Li9Sn2Rh,0.000168805,5.0946711324559215e-05,0.00015284013397367765,31.7
Li-Rh-Sn,1000.0,Rh,Li9Sn2Rh-1000K,Li9Sn2Rh,4.93848e-05,1.7557766395336802e-05,5.267329918601041e-05,31.7
Li-Rh-Sn,1000.0,Sn,Li9Sn2Rh-1000K,Li9Sn2Rh,1.33519e-05,4.400454529284235e-06,1.3201363587852706e-05,31.7
Li-Rh-Sn,1500.0,Li,Li9Sn2Rh-1500K,Li9Sn2Rh,0.000535655,0.00018706585611049845,0.0005611975683314953,27.8
Li-Rh-Sn,1500.0,Rh,Li9Sn2Rh-1500K,Li9Sn2Rh,0.000148105,4.855093457662987e-05,0.0001456528037298896,27.8
Li-Rh-Sn,1500.0,Sn,Li9Sn2Rh-1500K,Li9Sn2Rh,9.04478e-05,2.706398334999536e-05,8.119195004998607e-05,27.8
Li-Rh-Sn,2000.0,Li,Li9Sn2Rh-2000K,Li9Sn2Rh,0.000979586,0.0003327524314402032,0.0009982572943206096,36.6
Li-Rh-Sn,2000.0,Rh,Li9Sn2Rh-2000K,Li9Sn2Rh,0.000272176,8.571809670158922e-05,0.0002571542901047677,36.6
Li-Rh-Sn,2000.0,Sn,Li9Sn2Rh-2000K,Li9Sn2Rh,0.000307742,0.00011978740672402037,0.00035936222017206114,36.6
Li-Rh-Sn,2500.0,Li,Li9Sn2Rh-2500K,Li9Sn2Rh,0.00145469,0.0005084138657216432,0.0015252415971649296,33.3
Li-Rh-Sn,2500.0,Rh,Li9Sn2Rh-2500K,Li9Sn2Rh,0.000508632,0.00020709425920648023,0.0006212827776194406,33.3
Li-Rh-Sn,2500.0,Sn,Li9Sn2Rh-2500K,Li9Sn2Rh,0.000406184,0.00012051472110552766,0.00036154416331658296,33.3
Li-Ru,1000.0,Li,Li4Ru-1000K,Li4Ru,0.000255089,8.884702772333948e-05,0.0002665410831700184,39.0
Li-Ru,1000.0,Ru,Li4Ru-1000K,Li4Ru,8.24932e-06,2.016310171884548e-06,6.048930515653642e-06,39.0
Li-Ru,1500.0,Li,Li4Ru-1500K,Li4Ru,0.000632484,0.00022504867535650105,0.0006751460260695032,28.8
Li-Ru,1500.0,Ru,Li4Ru-1500K,Li4Ru,7.36002e-05,2.463787911797563e-05,7.391363735392689e-05,28.8
Li-Ru,2000.0,Li,Li4Ru-2000K,Li4Ru,0.00108194,0.00039877150425151275,0.0011963145127545382,37.7
Li-Ru,2000.0,Ru,Li4Ru-2000K,Li4Ru,0.000144521,4.187530369619552e-05,0.00012562591108858655,37.7
Li-Ru,2500.0,Li,Li4Ru-2500K,Li4Ru,0.0015787,0.0004642380579107342,0.0013927141737322026,31.6
Li-Ru,2500.0,Ru,Li4Ru-2500K,Li4Ru,0.000270059,8.587381032368154e-05,0.0002576214309710446,31.6
Li-Ru-Si,1000.0,Li,Li5Si3Ru2-1000K,Li5Si3Ru2,3.78341e-05,1.0426247032588848e-05,3.1278741097766536e-05,37.6
Li-Ru-Si,1000.0,Ru,Li5Si3Ru2-1000K,Li5Si3Ru2,,4.589832855738166e-07,1.3769498567214498e-06,37.6
Li-Ru-Si,1000.0,Si,Li5Si3Ru2-1000K,Li5Si3Ru2,3.04266e-06,1.023965285854755e-06,3.0718958575642653e-06,37.6
Li-Ru-Si,1500.0,Li,Li5Si3Ru2-1500K,Li5Si3Ru2,0.000211481,7.816202173561419e-05,0.0002344860652068426,25.3
Li-Ru-Si,1500.0,Ru,Li5Si3Ru2-1500K,Li5Si3Ru2,2762.65,9.75515582676663e-06,2.926546748029989e-05,25.3
Li-Ru-Si,1500.0,Si,Li5Si3Ru2-1500K,Li5Si3Ru2,4.93053e-05,1.834420788653558e-05,5.503262365960674e-05,25.3
Li-Ru-Si,2000.0,Li,Li5Si3Ru2-2000K,Li5Si3Ru2,0.000548239,0.00016672424488617336,0.0005001727346585201,25.3
Li-Ru-Si,2000.0,Ru,Li5Si3Ru2-2000K,Li5Si3Ru2,8268.06,2.827419778588792e-05,8.482259335766375e-05,25.3
Li-Ru-Si,2000.0,Si,Li5Si3Ru2-2000K,Li5Si3Ru2,0.000126419,4.4549371094435213e-05,0.00013364811328330563,25.3
Li-Ru-Si,2500.0,Li,Li5Si3Ru2-2500K,Li5Si3Ru2,0.000849674,0.00026206916088671294,0.0007862074826601389,28.6
Li-Ru-Si,2500.0,Ru,Li5Si3Ru2-2500K,Li5Si3Ru2,0.000198128,7.339725878192977e-05,0.00022019177634578928,28.6
Li-Ru-Si,2500.0,Si,Li5Si3Ru2-2500K,Li5Si3Ru2,0.000249136,8.708902792777659e-05,0.00026126708378332975,28.6
Li-Ru-Sn,1000.0,Li,Li40Sn7Ru3-1000K,Li40Sn7Ru3,0.000196026,7.09073155791577e-05,0.00021272194673747308,34.8
Li-Ru-Sn,1000.0,Ru,Li40Sn7Ru3-1000K,Li40Sn7Ru3,1.07393e-05,4.120157785197259e-06,1.2360473355591778e-05,34.8
Li-Ru-Sn,1000.0,Sn,Li40Sn7Ru3-1000K,Li40Sn7Ru3,2.48696e-05,9.000787313563628e-06,2.7002361940690885e-05,34.8
Li-Ru-Sn,1500.0,Li,Li40Sn7Ru3-1500K,Li40Sn7Ru3,0.000570239,0.0001693680136662654,0.0005081040409987962,32.3
Li-Ru-Sn,1500.0,Ru,Li40Sn7Ru3-1500K,Li40Sn7Ru3,9.78434e-05,2.8952659388401082e-05,8.685797816520324e-05,32.3
Li-Ru-Sn,1500.0,Sn,Li40Sn7Ru3-1500K,Li40Sn7Ru3,8.63755e-05,2.7568042031504465e-05,8.27041260945134e-05,32.3
Li-Ru-Sn,2000.0,Li,Li40Sn7Ru3-2000K,Li40Sn7Ru3,0.00112234,0.0004273759723233279,0.0012821279169699838,33.9
Li-Ru-Sn,2000.0,Ru,Li40Sn7Ru3-2000K,Li40Sn7Ru3,0.000161168,5.3927517274361386e-05,0.00016178255182308415,33.9
Li-Ru-Sn,2000.0,Sn,Li40Sn7Ru3-2000K,Li40Sn7Ru3,0.000412251,0.00013697905354404167,0.00041093716063212506,33.9
Li-Ru-Sn,2500.0,Li,Li40Sn7Ru3-2500K,Li40Sn7Ru3,0.00170994,0.0005287106037368691,0.0015861318112106073,34.0
Li-Ru-Sn,2500.0,Ru,Li40Sn7Ru3-2500K,Li40Sn7Ru3,0.000275255,5.503369738475711e-05,0.00016510109215427135,34.0
Li-Ru-Sn,2500.0,Sn,Li40Sn7Ru3-2500K,Li40Sn7Ru3,0.000542337,0.00014640271777003485,0.00043920815331010453,34.0
Li-S-Sb,1000.0,Li,Li5SbS4-1000K,Li5SbS4,0.000167299,4.663230353428428e-05,0.00013989691060285284,32.9
Li-S-Sb,1000.0,S,Li5SbS4-1000K,Li5SbS4,1334.23,4.760127968973723e-06,1.4280383906921168e-05,32.9
Li-S-Sb,1000.0,Sb,Li5SbS4-1000K,Li5SbS4,1.14584e-05,3.4360358179659026e-06,1.0308107453897707e-05,32.9
Li-S-Sb,1500.0,Li,Li5SbS4-1500K,Li5SbS4,0.000478919,0.00014486212158037757,0.0004345863647411327,32.7
Li-S-Sb,1500.0,S,Li5SbS4-1500K,Li5SbS4,12810.0,3.692084182677366e-05,0.00011076252548032098,32.7
Li-S-Sb,1500.0,Sb,Li5SbS4-1500K,Li5SbS4,0.000100853,2.763254596020368e-05,8.289763788061105e-05,32.7
Li-S-Sb,2000.0,Li,Li5SbS4-2000K,Li5SbS4,0.000923418,0.00031600499049946185,0.0009480149714983855,34.3
Li-S-Sb,2000.0,S,Li5SbS4-2000K,Li5SbS4,25110.4,7.810372564092885e-05,0.00023431117692278655,34.3
Li-S-Sb,2000.0,Sb,Li5SbS4-2000K,Li5SbS4,0.000282831,9.136626868505917e-05,0.0002740988060551775,34.3
Li-S-Sb,2500.0,Li,Li5SbS4-2500K,Li5SbS4,0.00139099,0.0005433946445502376,0.001630183933650713,32.0
Li-S-Sb,2500.0,S,Li5SbS4-2500K,Li5SbS4,54229.6,0.00015856493629591545,0.0004756948088877464,32.0
Li-S-Sb,2500.0,Sb,Li5SbS4-2500K,Li5SbS4,0.000501223,0.00014871071390417176,0.0004461321417125152,32.0
Li-S-Si,1000.0,Li,LiSiS2-1000K,LiSiS2,0.00015376,5.5163423417362594e-05,0.00016549027025208776,39.9
Li-S-Si,1000.0,S,LiSiS2-1000K,LiSiS2,3.92445e-06,1.5669798831866295e-06,4.700939649559888e-06,39.9
Li-S-Si,1000.0,Si,LiSiS2-1000K,LiSiS2,4.23508e-06,7.1883574881219e-07,2.15650724643657e-06,39.9
Li-S-Si,1500.0,Li,LiSiS2-1500K,LiSiS2,0.000592225,0.000180973058189823,0.000542919174569469,36.8
Li-S-Si,1500.0,S,LiSiS2-1500K,LiSiS2,3.63606e-05,9.97661306658366e-06,2.992983919975098e-05,36.8
Li-S-Si,1500.0,Si,LiSiS2-1500K,LiSiS2,2.6463e-05,7.484742789272205e-06,2.2454228367816616e-05,36.8
Li-S-Si,2000.0,Li,LiSiS2-2000K,LiSiS2,0.00106256,0.00033058590103641583,0.0009917577031092475,34.5
Li-S-Si,2000.0,S,LiSiS2-2000K,LiSiS2,0.00015652,4.674812170730361e-05,0.00014024436512191085,34.5
Li-S-Si,2000.0,Si,LiSiS2-2000K,LiSiS2,0.00014235,4.0213586011941266e-05,0.00012064075803582379,34.5
Li-S-Si,2500.0,Li,LiSiS2-2500K,LiSiS2,0.00154696,0.0005405574798009006,0.001621672439402702,34.8
Li-S-Si,2500.0,S,LiSiS2-2500K,LiSiS2,0.00043692,0.0001245964498659235,0.0003737893495977705,34.8
Li-S-Si,2500.0,Si,LiSiS2-2500K,LiSiS2,0.000476627,0.00013357052552710446,0.0004007115765813134,34.8
Li-S-Sn,1000.0,Li,Li9SnS2-1000K,Li9SnS2,0.000180302,5.610860449380495e-05,0.00016832581348141486,29.4
Li-S-Sn,1000.0,S,Li9SnS2-1000K,Li9SnS2,1.13887e-05,3.1834663274816344e-06,9.550398982444903e-06,29.4
Li-S-Sn,1000.0,Sn,Li9SnS2-1000K,Li9SnS2,6.4896e-06,2.1517781966494125e-06,6.455334589948238e-06,29.4
Li-S-Sn,1500.0,Li,Li9SnS2-1500K,Li9SnS2,0.000592782,0.00019301940052894503,0.0005790582015868351,27.6
Li-S-Sn,1500.0,S,Li9SnS2-1500K,Li9SnS2,7.85435e-05,2.7008220736604955e-05,8.102466220981486e-05,27.6
Li-S-Sn,1500.0,Sn,Li9SnS2-1500K,Li9SnS2,6.17255e-05,2.2175325773159154e-05,6.652597731947747e-05,27.6
Li-S-Sn,2000.0,Li,Li9SnS2-2000K,Li9SnS2,0.000910167,0.00026793927533985484,0.0008038178260195646,31.8
Li-S-Sn,2000.0,S,Li9SnS2-2000K,Li9SnS2,0.000397998,0.0001273740489517314,0.00038212214685519417,31.8
Li-S-Sn,2000.0,Sn,Li9SnS2-2000K,Li9SnS2,0.000276976,0.00010003616891131624,0.00030010850673394874,31.8
Li-S-Sn,2500.0,Li,Li9SnS2-2500K,Li9SnS2,0.00156935,0.0005201857767791964,0.0015605573303375893,32.2
Li-S-Sn,2500.0,S,Li9SnS2-2500K,Li9SnS2,0.000556412,0.00016554980455882882,0.0004966494136764865,32.2
Li-S-Sn,2500.0,Sn,Li9SnS2-2500K,Li9SnS2,0.000493802,0.00017281154972468532,0.0005184346491740559,32.2
Li-S-Ti,2500.0,Li,mp-766540,Li4TiS4,0.00120228,0.00040978264284148537,0.001229347928524456,34.9
Li-S-Ti,2500.0,S,mp-766540,Li4TiS4,0.000222014,6.006161486223096e-05,0.00018018484458669288,34.9
Li-S-Ti,2500.0,Ti,mp-766540,Li4TiS4,0.000153983,3.2862115780619146e-05,9.858634734185743e-05,34.9
Li-S-Ti,1500.0,Li,mp-766540,Li4TiS4,0.000451554,0.00012196583378603628,0.00036589750135810885,34.2
Li-S-Ti,1500.0,S,mp-766540,Li4TiS4,5.34332e-05,1.8697378018600286e-05,5.609213405580086e-05,34.2
Li-S-Ti,1500.0,Ti,mp-766540,Li4TiS4,4.47514e-05,1.4320517297897131e-05,4.2961551893691396e-05,34.2
Li-S-Ti,2000.0,Li,mp-766540,Li4TiS4,0.000781136,0.00030375950972456775,0.0009112785291737032,38.2
Li-S-Ti,2000.0,S,mp-766540,Li4TiS4,0.00010143,3.4921105542953656e-05,0.00010476331662886096,38.2
Li-S-Ti,2000.0,Ti,mp-766540,Li4TiS4,6.65662e-05,2.2194940343549207e-05,6.658482103064763e-05,38.2
Li-S-Ti,1000.0,Li,mp-766540,Li4TiS4,0.000117483,3.5212599287817655e-05,0.00010563779786345296,31.6
Li-S-Ti,1000.0,S,mp-766540,Li4TiS4,4.38902e-06,1.3825241976098636e-06,4.14757259282959e-06,31.6
Li-S-Ti,1000.0,Ti,mp-766540,Li4TiS4,,1.0763939111964306e-06,3.229181733589292e-06,31.6
Li-Sb-Sn,1000.0,Li,Li8SnSb-1000K,Li8SnSb,0.000149808,4.6417274103706285e-05,0.00013925182231111884,32.5
Li-Sb-Sn,1000.0,Sb,Li8SnSb-1000K,Li8SnSb,,-7.355755617358317e-09,-2.2067266852074954e-08,32.5
Li-Sb-Sn,1000.0,Sn,Li8SnSb-1000K,Li8SnSb,,-2.313443065394842e-07,-6.940329196184526e-07,32.5
Li-Sb-Sn,1500.0,Li,Li8SnSb-1500K,Li8SnSb,0.00051066,0.00017514841129307647,0.0005254452338792294,28.8
Li-Sb-Sn,1500.0,Sb,Li8SnSb-1500K,Li8SnSb,4.293e-05,1.3582546539440325e-05,4.074763961832097e-05,28.8
Li-Sb-Sn,1500.0,Sn,Li8SnSb-1500K,Li8SnSb,4.56813e-05,1.81469270990261e-05,5.4440781297078304e-05,28.8
Li-Sb-Sn,2000.0,Li,Li8SnSb-2000K,Li8SnSb,0.000939038,0.0003375586757621368,0.0010126760272864104,32.4
Li-Sb-Sn,2000.0,Sb,Li8SnSb-2000K,Li8SnSb,0.000125074,4.1236077025576296e-05,0.0001237082310767289,32.4
Li-Sb-Sn,2000.0,Sn,Li8SnSb-2000K,Li8SnSb,0.000226232,8.460664802796615e-05,0.0002538199440838985,32.4
Li-Sb-Sn,2500.0,Li,Li8SnSb-2500K,Li8SnSb,0.00161754,0.0004740127833854367,0.00142203835015631,31.3
Li-Sb-Sn,2500.0,Sb,Li8SnSb-2500K,Li8SnSb,0.000470373,0.00016483035886609098,0.0004944910765982729,31.3
Li-Sb-Sn,2500.0,Sn,Li8SnSb-2500K,Li8SnSb,0.000470841,0.00011987530225070897,0.00035962590675212697,31.3
Li-Sc,1000.0,Li,Li3Sc-1000K,Li3Sc,0.000393091,0.0001277854340451132,0.00038335630213533954,26.2
Li-Sc,1000.0,Sc,Li3Sc-1000K,Li3Sc,6.28541e-05,2.1477366373313325e-05,6.443209911993998e-05,26.2
Li-Sc,1500.0,Li,Li3Sc-1500K,Li3Sc,0.000875148,0.00026460235163574836,0.0007938070549072451,30.9
Li-Sc,1500.0,Sc,Li3Sc-1500K,Li3Sc,0.000135583,4.62646922686012e-05,0.0001387940768058036,30.9
Li-Sc,2000.0,Li,Li3Sc-2000K,Li3Sc,0.00139992,0.0004517288704501394,0.0013551866113504184,28.0
Li-Sc,2000.0,Sc,Li3Sc-2000K,Li3Sc,0.000469868,0.00013668239100834677,0.00041004717302504034,28.0
Li-Sc,2500.0,Li,Li3Sc-2500K,Li3Sc,0.00190154,0.000608201431752861,0.0018246042952585828,37.2
Li-Sc,2500.0,Sc,Li3Sc-2500K,Li3Sc,0.000641873,0.0001666225966116661,0.0004998677898349983,37.2
Li-Sc-Si,1000.0,Li,Li4(ScSi)3-1000K,Li4(ScSi)3,5.31209e-05,1.666225579581822e-05,4.998676738745466e-05,39.9
Li-Sc-Si,1000.0,Sc,Li4(ScSi)3-1000K,Li4(ScSi)3,5.753e-06,2.047077561748758e-06,6.141232685246274e-06,39.9
Li-Sc-Si,1000.0,Si,Li4(ScSi)3-1000K,Li4(ScSi)3,5.73684e-06,1.824385871137809e-06,5.473157613413427e-06,39.9
Li-Sc-Si,1500.0,Li,Li4(ScSi)3-1500K,Li4(ScSi)3,0.000212519,5.885705245172084e-05,0.00017657115735516252,39.9
Li-Sc-Si,1500.0,Sc,Li4(ScSi)3-1500K,Li4(ScSi)3,2.40725e-05,7.513633463688606e-06,2.254090039106582e-05,39.9
Li-Sc-Si,1500.0,Si,Li4(ScSi)3-1500K,Li4(ScSi)3,3.2367e-05,9.578278594969821e-06,2.8734835784909464e-05,39.9
Li-Sc-Si,2000.0,Li,Li4(ScSi)3-2000K,Li4(ScSi)3,0.000514807,0.00018953218941156392,0.0005685965682346917,39.9
Li-Sc-Si,2000.0,Sc,Li4(ScSi)3-2000K,Li4(ScSi)3,0.000166362,5.573781084885733e-05,0.000167213432546572,39.9
Li-Sc-Si,2000.0,Si,Li4(ScSi)3-2000K,Li4(ScSi)3,0.000209202,8.176448634814264e-05,0.00024529345904442796,39.9
Li-Sc-Si,2500.0,Li,Li4(ScSi)3-2500K,Li4(ScSi)3,0.000884797,0.0003437366173168517,0.0010312098519505552,39.9
Li-Sc-Si,2500.0,Sc,Li4(ScSi)3-2500K,Li4(ScSi)3,0.000305005,0.00010065806565652184,0.0003019741969695656,39.9
Li-Sc-Si,2500.0,Si,Li4(ScSi)3-2500K,Li4(ScSi)3,0.000382934,0.00012786531568835112,0.0003835959470650533,39.9
Li-Sc-Sn,1000.0,Li,Li32Sc5Sn3-1000K,Li32Sc5Sn3,0.000311275,9.280951039657391e-05,0.0002784285311897217,31.8
Li-Sc-Sn,1000.0,Sc,Li32Sc5Sn3-1000K,Li32Sc5Sn3,4.23733e-05,1.5540704857283912e-05,4.662211457185174e-05,31.8
Li-Sc-Sn,1000.0,Sn,Li32Sc5Sn3-1000K,Li32Sc5Sn3,5.16383e-05,2.0365663624047027e-05,6.109699087214108e-05,31.8
Li-Sc-Sn,1500.0,Li,Li32Sc5Sn3-1500K,Li32Sc5Sn3,0.000833332,0.00026140810469960855,0.0007842243140988256,31.9
Li-Sc-Sn,1500.0,Sc,Li32Sc5Sn3-1500K,Li32Sc5Sn3,0.000165797,5.603932699285193e-05,0.00016811798097855578,31.9
Li-Sc-Sn,1500.0,Sn,Li32Sc5Sn3-1500K,Li32Sc5Sn3,0.000193779,7.236509855749671e-05,0.0002170952956724901,31.9
Li-Sc-Sn,2000.0,Li,Li32Sc5Sn3-2000K,Li32Sc5Sn3,0.00136516,0.00039662089899164174,0.0011898626969749251,26.8
Li-Sc-Sn,2000.0,Sc,Li32Sc5Sn3-2000K,Li32Sc5Sn3,0.000371668,0.00013217639114140018,0.0003965291734242006,26.8
Li-Sc-Sn,2000.0,Sn,Li32Sc5Sn3-2000K,Li32Sc5Sn3,0.000319639,0.00011257524504447512,0.00033772573513342536,26.8
Li-Sc-Sn,2500.0,Li,Li32Sc5Sn3-2500K,Li32Sc5Sn3,0.00179979,0.0006606826041354509,0.0019820478124063525,23.4
Li-Sc-Sn,2500.0,Sc,Li32Sc5Sn3-2500K,Li32Sc5Sn3,0.000634347,0.0001975198244074375,0.0005925594732223126,23.4
Li-Sc-Sn,2500.0,Sn,Li32Sc5Sn3-2500K,Li32Sc5Sn3,0.000357206,0.00013181448271187406,0.0003954434481356222,23.4
Li-Se,1000.0,Li,Li3Se-1000K,Li3Se,0.000263488,7.712565733367084e-05,0.00023137697200101252,38.6
Li-Se,1000.0,Se,Li3Se-1000K,Li3Se,1.49094e-05,4.632179283734755e-06,1.3896537851204264e-05,38.6
Li-Se,1500.0,Li,Li3Se-1500K,Li3Se,0.00064845,0.00021764410807005442,0.0006529323242101633,32.3
Li-Se,1500.0,Se,Li3Se-1500K,Li3Se,0.000149112,5.130489407891045e-05,0.00015391468223673133,32.3
Li-Se,2000.0,Li,Li3Se-2000K,Li3Se,0.00106902,0.0003707564183039358,0.0011122692549118073,29.7
Li-Se,2000.0,Se,Li3Se-2000K,Li3Se,0.000257599,7.336945412898208e-05,0.00022010836238694624,29.7
Li-Se,2500.0,Li,Li3Se-2500K,Li3Se,0.00162648,0.0005460401312743257,0.0016381203938229771,28.7
Li-Se,2500.0,Se,Li3Se-2500K,Li3Se,0.000473199,0.00015311331103108405,0.00045933993309325215,28.7
Li-Se-Si,1000.0,Li,Li(SiSe2)3-1000K,Li(SiSe2)3,0.000131442,4.608853175653401e-05,0.00013826559526960202,34.2
Li-Se-Si,1000.0,Se,Li(SiSe2)3-1000K,Li(SiSe2)3,1.10614e-06,4.696388219507551e-07,1.4089164658522654e-06,34.2
Li-Se-Si,1000.0,Si,Li(SiSe2)3-1000K,Li(SiSe2)3,,2.1048790772288077e-07,6.314637231686423e-07,34.2
Li-Se-Si,1500.0,Li,Li(SiSe2)3-1500K,Li(SiSe2)3,0.000566544,0.00019548425259732503,0.0005864527577919751,26.4
Li-Se-Si,1500.0,Se,Li(SiSe2)3-1500K,Li(SiSe2)3,2.86617e-05,8.833463945943796e-06,2.650039183783139e-05,26.4
Li-Se-Si,1500.0,Si,Li(SiSe2)3-1500K,Li(SiSe2)3,1.94142e-05,6.124198745123793e-06,1.8372596235371377e-05,26.4
Li-Se-Si,2000.0,Li,Li(SiSe2)3-2000K,Li(SiSe2)3,0.00159356,0.00038360488691113986,0.0011508146607334196,23.3
Li-Se-Si,2000.0,Se,Li(SiSe2)3-2000K,Li(SiSe2)3,0.000347984,0.00011584590580423205,0.0003475377174126961,23.3
Li-Se-Si,2000.0,Si,Li(SiSe2)3-2000K,Li(SiSe2)3,0.000346091,0.00010785592730678682,0.00032356778192036046,23.3
Li-Se-Si,2500.0,Li,Li(SiSe2)3-2500K,Li(SiSe2)3,0.00237018,0.0011061395406265831,0.0033184186218797496,38.9
Li-Se-Si,2500.0,Se,Li(SiSe2)3-2500K,Li(SiSe2)3,0.0007042,0.0002496591197619232,0.0007489773592857697,38.9
Li-Se-Si,2500.0,Si,Li(SiSe2)3-2500K,Li(SiSe2)3,0.000844807,0.0002787683670148377,0.0008363051010445132,38.9
Li-Se-Sn,1000.0,Li,Li12SnSe2-1000K,Li12SnSe2,0.000231012,6.698722303681329e-05,0.0002009616691104399,32.7
Li-Se-Sn,1000.0,Se,Li12SnSe2-1000K,Li12SnSe2,1.33154e-05,3.845171870310015e-06,1.1535515610930044e-05,32.7
Li-Se-Sn,1000.0,Sn,Li12SnSe2-1000K,Li12SnSe2,,1.4701349255047597e-07,4.410404776514279e-07,32.7
Li-Se-Sn,1500.0,Li,Li12SnSe2-1500K,Li12SnSe2,0.000657406,0.00018762965930766475,0.0005628889779229943,33.1
Li-Se-Sn,1500.0,Se,Li12SnSe2-1500K,Li12SnSe2,0.000124989,2.41298652417087e-05,7.23895957251261e-05,33.1
Li-Se-Sn,1500.0,Sn,Li12SnSe2-1500K,Li12SnSe2,0.000137535,5.239786359372103e-05,0.00015719359078116308,33.1
Li-Se-Sn,2000.0,Li,Li12SnSe2-2000K,Li12SnSe2,0.00113008,0.00040501435860929995,0.0012150430758279,28.9
Li-Se-Sn,2000.0,Se,Li12SnSe2-2000K,Li12SnSe2,0.000346655,0.00011825319120703897,0.00035475957362111687,28.9
Li-Se-Sn,2000.0,Sn,Li12SnSe2-2000K,Li12SnSe2,0.00031585,8.562370441451449e-05,0.0002568711132435435,28.9
Li-Se-Sn,2500.0,Li,Li12SnSe2-2500K,Li12SnSe2,0.00175122,0.0004800865840106233,0.0014402597520318697,32.8
Li-Se-Sn,2500.0,Se,Li12SnSe2-2500K,Li12SnSe2,0.000598374,0.00019446683173807904,0.0005834004952142372,32.8
Li-Se-Sn,2500.0,Sn,Li12SnSe2-2500K,Li12SnSe2,0.000503745,0.0001434587268886943,0.0004303761806660829,32.8
Li-Se-Ti,2500.0,Li,mp-8132,Li(TiSe2)3,0.0013205,0.0005224759592560076,0.001567427877768023,22.4
Li-Se-Ti,2500.0,Se,mp-8132,Li(TiSe2)3,0.000274718,9.567631572529511e-05,0.0002870289471758853,22.4
Li-Se-Ti,2500.0,Ti,mp-8132,Li(TiSe2)3,0.000216544,7.59298474945534e-05,0.0002277895424836602,22.4
Li-Se-Ti,2000.0,Li,mp-8132,Li(TiSe2)3,0.00100728,0.0002148727033528457,0.0006446181100585372,23.2
Li-Se-Ti,2000.0,Se,mp-8132,Li(TiSe2)3,0.000145633,5.094017613238603e-05,0.0001528205283971581,23.2
Li-Se-Ti,2000.0,Ti,mp-8132,Li(TiSe2)3,0.000121812,4.135232144719008e-05,0.00012405696434157024,23.2
Li-Se-Ti,1500.0,Li,mp-8132,Li(TiSe2)3,0.000692317,9.54243613790687e-05,0.00028627308413720613,29.7
Li-Se-Ti,1500.0,Se,mp-8132,Li(TiSe2)3,3.05605e-05,9.431744383529676e-06,2.8295233150589027e-05,29.7
Li-Se-Ti,1500.0,Ti,mp-8132,Li(TiSe2)3,2.48814e-05,8.030434412244613e-06,2.409130323673384e-05,29.7
Li-Se-Ti,1000.0,Li,mp-8132,Li(TiSe2)3,0.000392799,9.973817331869589e-05,0.0002992145199560877,30.3
Li-Se-Ti,1000.0,Se,mp-8132,Li(TiSe2)3,3.71142e-06,1.3541947562747304e-06,4.062584268824191e-06,30.3
Li-Se-Ti,1000.0,Ti,mp-8132,Li(TiSe2)3,,7.523699792946235e-07,2.2571099378838707e-06,30.3
Li-Si-Sn,1000.0,Li,Li15Si2Sn3-1000K,Li15Si2Sn3,0.000102486,3.417038347035378e-05,0.00010251115041106134,37.3
Li-Si-Sn,1000.0,Si,Li15Si2Sn3-1000K,Li15Si2Sn3,6.41091e-06,1.7046784806747818e-06,5.1140354420243455e-06,37.3
Li-Si-Sn,1000.0,Sn,Li15Si2Sn3-1000K,Li15Si2Sn3,,2.8669273578190623e-07,8.600782073457187e-07,37.3
Li-Si-Sn,1500.0,Li,Li15Si2Sn3-1500K,Li15Si2Sn3,0.000470192,0.0001890725145467597,0.0005672175436402791,38.0
Li-Si-Sn,1500.0,Si,Li15Si2Sn3-1500K,Li15Si2Sn3,0.000139572,5.168505783435947e-05,0.0001550551735030784,38.0
Li-Si-Sn,1500.0,Sn,Li15Si2Sn3-1500K,Li15Si2Sn3,8.75643e-05,2.8283441364602652e-05,8.485032409380796e-05,38.0
Li-Si-Sn,2000.0,Li,Li15Si2Sn3-2000K,Li15Si2Sn3,0.000941348,0.0002798290647141947,0.0008394871941425842,26.4
Li-Si-Sn,2000.0,Si,Li15Si2Sn3-2000K,Li15Si2Sn3,0.000439593,7.240420184499641e-05,0.00021721260553498922,26.4
Li-Si-Sn,2000.0,Sn,Li15Si2Sn3-2000K,Li15Si2Sn3,0.000236263,5.5111717817052775e-05,0.00016533515345115834,26.4
Li-Si-Sn,2500.0,Li,Li15Si2Sn3-2500K,Li15Si2Sn3,0.00145466,0.000511312537588787,0.001533937612766361,35.7
Li-Si-Sn,2500.0,Si,Li15Si2Sn3-2500K,Li15Si2Sn3,0.000681625,0.0002405610249047716,0.0007216830747143148,35.7
Li-Si-Sn,2500.0,Sn,Li15Si2Sn3-2500K,Li15Si2Sn3,0.000431026,0.00014350627137599191,0.0004305188141279757,35.7
Li-Si-Sn-Sr,1000.0,Li,SrLi10Si8Sn-1000K,SrLi10Si8Sn,9.6833e-05,3.682591293734123e-05,0.0001104777388120237,36.5
Li-Si-Sn-Sr,1000.0,Si,SrLi10Si8Sn-1000K,SrLi10Si8Sn,3.26578e-05,1.1053077646516689e-05,3.315923293955007e-05,36.5
Li-Si-Sn-Sr,1000.0,Sn,SrLi10Si8Sn-1000K,SrLi10Si8Sn,8.53542e-06,1.8745433085409821e-06,5.623629925622946e-06,36.5
Li-Si-Sn-Sr,1000.0,Sr,SrLi10Si8Sn-1000K,SrLi10Si8Sn,1.65417e-05,5.553161369253676e-06,1.6659484107761027e-05,36.5
Li-Si-Sn-Sr,1500.0,Li,SrLi10Si8Sn-1500K,SrLi10Si8Sn,0.000410733,0.00015590781097457766,0.00046772343292373296,32.9
Li-Si-Sn-Sr,1500.0,Si,SrLi10Si8Sn-1500K,SrLi10Si8Sn,0.000195496,6.118745304484792e-05,0.00018356235913454376,32.9
Li-Si-Sn-Sr,1500.0,Sn,SrLi10Si8Sn-1500K,SrLi10Si8Sn,0.000152985,4.156161081518965e-05,0.00012468483244556895,32.9
Li-Si-Sn-Sr,1500.0,Sr,SrLi10Si8Sn-1500K,SrLi10Si8Sn,0.000142974,6.359957804455806e-05,0.00019079873413367418,32.9
Li-Si-Sn-Sr,2000.0,Li,SrLi10Si8Sn-2000K,SrLi10Si8Sn,0.000845881,0.00031461728886697597,0.0009438518666009278,31.3
Li-Si-Sn-Sr,2000.0,Si,SrLi10Si8Sn-2000K,SrLi10Si8Sn,0.000505326,0.00015505273893352736,0.00046515821680058207,31.3
Li-Si-Sn-Sr,2000.0,Sn,SrLi10Si8Sn-2000K,SrLi10Si8Sn,0.000464772,0.0002173454079805143,0.000652036223941543,31.3
Li-Si-Sn-Sr,2000.0,Sr,SrLi10Si8Sn-2000K,SrLi10Si8Sn,0.000244038,6.963244334699277e-05,0.00020889733004097831,31.3
Li-Si-Sn-Sr,2500.0,Li,SrLi10Si8Sn-2500K,SrLi10Si8Sn,0.00124199,0.00035967576647217837,0.0010790272994165352,39.2
Li-Si-Sn-Sr,2500.0,Si,SrLi10Si8Sn-2500K,SrLi10Si8Sn,0.000856935,0.00031419801874608955,0.0009425940562382688,39.2
Li-Si-Sn-Sr,2500.0,Sn,SrLi10Si8Sn-2500K,SrLi10Si8Sn,0.000655004,0.000282271257640064,0.0008468137729201921,39.2
Li-Si-Sn-Sr,2500.0,Sr,SrLi10Si8Sn-2500K,SrLi10Si8Sn,0.000417553,8.809122257976031e-05,0.00026427366773928095,39.2
Li-Si-Sn-Ti,1000.0,Li,Li15Ti(SiSn)2-1000K,Li15Ti(SiSn)2,0.000150626,5.254753693640516e-05,0.0001576426108092155,39.9
Li-Si-Sn-Ti,1000.0,Si,Li15Ti(SiSn)2-1000K,Li15Ti(SiSn)2,2.12418e-06,1.25932322754446e-06,3.7779696826333795e-06,39.9
Li-Si-Sn-Ti,1000.0,Sn,Li15Ti(SiSn)2-1000K,Li15Ti(SiSn)2,2.38462e-06,1.0463241288911266e-06,3.1389723866733797e-06,39.9
Li-Si-Sn-Ti,1000.0,Ti,Li15Ti(SiSn)2-1000K,Li15Ti(SiSn)2,,6.247711156733047e-07,1.874313347019914e-06,39.9
Li-Si-Sn-Ti,1500.0,Li,Li15Ti(SiSn)2-1500K,Li15Ti(SiSn)2,0.000500565,0.00017465532614860217,0.0005239659784458065,39.9
Li-Si-Sn-Ti,1500.0,Si,Li15Ti(SiSn)2-1500K,Li15Ti(SiSn)2,0.000102423,2.5813965259813545e-05,7.744189577944063e-05,39.9
Li-Si-Sn-Ti,1500.0,Sn,Li15Ti(SiSn)2-1500K,Li15Ti(SiSn)2,0.000127763,4.3594574052211565e-05,0.00013078372215663471,39.9
Li-Si-Sn-Ti,1500.0,Ti,Li15Ti(SiSn)2-1500K,Li15Ti(SiSn)2,5.45802e-05,1.7472355040162737e-05,5.2417065120488215e-05,39.9
Li-Si-Sn-Ti,2000.0,Li,Li15Ti(SiSn)2-2000K,Li15Ti(SiSn)2,0.000948779,0.0003097830753716789,0.0009293492261150366,39.9
Li-Si-Sn-Ti,2000.0,Si,Li15Ti(SiSn)2-2000K,Li15Ti(SiSn)2,0.000297664,0.00012803932518359694,0.0003841179755507908,39.9
Li-Si-Sn-Ti,2000.0,Sn,Li15Ti(SiSn)2-2000K,Li15Ti(SiSn)2,0.000287472,0.00013373726021719128,0.0004012117806515739,39.9
Li-Si-Sn-Ti,2000.0,Ti,Li15Ti(SiSn)2-2000K,Li15Ti(SiSn)2,0.000145833,9.521249366308446e-05,0.0002856374809892534,39.9
Li-Si-Sn-Ti,2500.0,Li,Li15Ti(SiSn)2-2500K,Li15Ti(SiSn)2,0.00148875,0.0006056945994432774,0.0018170837983298325,39.9
Li-Si-Sn-Ti,2500.0,Si,Li15Ti(SiSn)2-2500K,Li15Ti(SiSn)2,0.000579389,0.00026138096305925465,0.0007841428891777639,39.9
Li-Si-Sn-Ti,2500.0,Sn,Li15Ti(SiSn)2-2500K,Li15Ti(SiSn)2,0.000577924,0.00020430949897857028,0.0006129284969357109,39.9
Li-Si-Sn-Ti,2500.0,Ti,Li15Ti(SiSn)2-2500K,Li15Ti(SiSn)2,0.000358088,0.00016826882983356198,0.0005048064895006859,39.9
Li-Si-Sn-Zr,1000.0,Li,Li10Zr3(Si8Sn)3-1000K,Li10Zr3(Si8Sn)3,8.73439e-05,2.5948530443743264e-05,7.784559133122979e-05,35.2
Li-Si-Sn-Zr,1000.0,Si,Li10Zr3(Si8Sn)3-1000K,Li10Zr3(Si8Sn)3,6.97017e-05,2.215654863036156e-05,6.646964589108468e-05,35.2
Li-Si-Sn-Zr,1000.0,Sn,Li10Zr3(Si8Sn)3-1000K,Li10Zr3(Si8Sn)3,3.54188e-05,9.034513587801208e-06,2.7103540763403624e-05,35.2
Li-Si-Sn-Zr,1000.0,Zr,Li10Zr3(Si8Sn)3-1000K,Li10Zr3(Si8Sn)3,1.18386e-05,2.770571681932184e-06,8.311715045796554e-06,35.2
Li-Si-Sn-Zr,1500.0,Li,Li10Zr3(Si8Sn)3-1500K,Li10Zr3(Si8Sn)3,0.000366474,0.00012595053707553715,0.00037785161122661144,36.8
Li-Si-Sn-Zr,1500.0,Si,Li10Zr3(Si8Sn)3-1500K,Li10Zr3(Si8Sn)3,0.000262039,8.628424296159594e-05,0.0002588527288847878,36.8
Li-Si-Sn-Zr,1500.0,Sn,Li10Zr3(Si8Sn)3-1500K,Li10Zr3(Si8Sn)3,0.000242195,7.458121812474756e-05,0.0002237436543742427,36.8
Li-Si-Sn-Zr,1500.0,Zr,Li10Zr3(Si8Sn)3-1500K,Li10Zr3(Si8Sn)3,6.21391e-05,1.9675560756149005e-05,5.902668226844701e-05,36.8
Li-Si-Sn-Zr,2000.0,Li,Li10Zr3(Si8Sn)3-2000K,Li10Zr3(Si8Sn)3,0.000649816,0.0002991552934049726,0.0008974658802149177,37.4
Li-Si-Sn-Zr,2000.0,Si,Li10Zr3(Si8Sn)3-2000K,Li10Zr3(Si8Sn)3,0.000512607,0.00018420595245118696,0.0005526178573535609,37.4
Li-Si-Sn-Zr,2000.0,Sn,Li10Zr3(Si8Sn)3-2000K,Li10Zr3(Si8Sn)3,0.000483917,0.0001602686031394859,0.00048080580941845766,37.4
Li-Si-Sn-Zr,2000.0,Zr,Li10Zr3(Si8Sn)3-2000K,Li10Zr3(Si8Sn)3,0.000230987,7.933498535608933e-05,0.000238004956068268,37.4
Li-Si-Sn-Zr,2500.0,Li,Li10Zr3(Si8Sn)3-2500K,Li10Zr3(Si8Sn)3,0.00104479,0.0003722841167254211,0.0011168523501762634,30.8
Li-Si-Sn-Zr,2500.0,Si,Li10Zr3(Si8Sn)3-2500K,Li10Zr3(Si8Sn)3,0.000785085,0.00029510351894671677,0.0008853105568401503,30.8
Li-Si-Sn-Zr,2500.0,Sn,Li10Zr3(Si8Sn)3-2500K,Li10Zr3(Si8Sn)3,0.000601615,0.00019573252157487086,0.0005871975647246126,30.8
Li-Si-Sn-Zr,2500.0,Zr,Li10Zr3(Si8Sn)3-2500K,Li10Zr3(Si8Sn)3,0.000349602,0.00013131338248486917,0.0003939401474546075,30.8
Li-Si-Sr,1000.0,Li,SrLi8Si-1000K,SrLi8Si,0.000350318,0.00011719731810844523,0.0003515919543253357,29.3
Li-Si-Sr,1000.0,Si,SrLi8Si-1000K,SrLi8Si,0.000150882,3.55455243781642e-05,0.0001066365731344926,29.3
Li-Si-Sr,1000.0,Sr,SrLi8Si-1000K,SrLi8Si,0.000206551,7.907174400176095e-05,0.00023721523200528286,29.3
Li-Si-Sr,1500.0,Li,SrLi8Si-1500K,SrLi8Si,0.000863475,0.00029857780305787753,0.0008957334091736327,35.3
Li-Si-Sr,1500.0,Si,SrLi8Si-1500K,SrLi8Si,0.000368398,0.00010107935648257183,0.0003032380694477155,35.3
Li-Si-Sr,1500.0,Sr,SrLi8Si-1500K,SrLi8Si,0.000446797,0.00014724785916458538,0.0004417435774937562,35.3
Li-Si-Sr,2000.0,Li,SrLi8Si-2000K,SrLi8Si,0.00132984,0.00035616971541808945,0.0010685091462542683,32.9
Li-Si-Sr,2000.0,Si,SrLi8Si-2000K,SrLi8Si,0.000728267,0.000277749128931846,0.0008332473867955379,32.9
Li-Si-Sr,2000.0,Sr,SrLi8Si-2000K,SrLi8Si,0.000692927,0.00032441140234320366,0.000973234207029611,32.9
Li-Si-Sr,2500.0,Li,SrLi8Si-2500K,SrLi8Si,0.0019705,0.0007502178042600451,0.002250653412780135,27.7
Li-Si-Sr,2500.0,Si,SrLi8Si-2500K,SrLi8Si,0.000999036,0.0002880187860860973,0.0008640563582582917,27.7
Li-Si-Sr,2500.0,Sr,SrLi8Si-2500K,SrLi8Si,0.00087114,0.00036831379403296367,0.001104941382098891,27.7
Li-Si-Ta,1000.0,Li,Li4Ta3Si-1000K,Li4Ta3Si,0.000105465,3.5339096431472015e-05,0.00010601728929441603,28.2
Li-Si-Ta,1000.0,Si,Li4Ta3Si-1000K,Li4Ta3Si,,-1.0501036746059482e-08,-3.150311023817845e-08,28.2
Li-Si-Ta,1000.0,Ta,Li4Ta3Si-1000K,Li4Ta3Si,,5.2117713357531644e-09,1.563531400725949e-08,28.2
Li-Si-Ta,1500.0,Li,Li4Ta3Si-1500K,Li4Ta3Si,0.000304544,9.329171128697605e-05,0.00027987513386092816,37.5
Li-Si-Ta,1500.0,Si,Li4Ta3Si-1500K,Li4Ta3Si,2.33608e-05,9.451033683763684e-06,2.8353101051291054e-05,37.5
Li-Si-Ta,1500.0,Ta,Li4Ta3Si-1500K,Li4Ta3Si,6.37825e-06,1.9339338470668244e-06,5.801801541200473e-06,37.5
Li-Si-Ta,2000.0,Li,Li4Ta3Si-2000K,Li4Ta3Si,0.000703244,0.00018483862343826084,0.0005545158703147826,36.0
Li-Si-Ta,2000.0,Si,Li4Ta3Si-2000K,Li4Ta3Si,9.95363e-05,2.2205196780300362e-05,6.661559034090108e-05,36.0
Li-Si-Ta,2000.0,Ta,Li4Ta3Si-2000K,Li4Ta3Si,4.26184e-05,1.386179924518227e-05,4.158539773554681e-05,36.0
Li-Si-Ta,2500.0,Li,Li4Ta3Si-2500K,Li4Ta3Si,0.000891994,0.0003210419674715791,0.0009631259024147372,34.6
Li-Si-Ta,2500.0,Si,Li4Ta3Si-2500K,Li4Ta3Si,0.000221701,6.620234158810561e-05,0.00019860702476431682,34.6
Li-Si-Ta,2500.0,Ta,Li4Ta3Si-2500K,Li4Ta3Si,6.56933e-05,2.2460272465211253e-05,6.738081739563377e-05,34.6
Li-Si-Te,1000.0,Li,Li9Si19Te8-1000K,Li9Si19Te8,0.000150296,5.148096975103549e-05,0.00015444290925310648,39.1
Li-Si-Te,1000.0,Si,Li9Si19Te8-1000K,Li9Si19Te8,1.18036e-05,3.4806305414874487e-06,1.0441891624462344e-05,39.1
Li-Si-Te,1000.0,Te,Li9Si19Te8-1000K,Li9Si19Te8,1.25749e-05,3.906559730329431e-06,1.1719679190988293e-05,39.1
Li-Si-Te,1500.0,Li,Li9Si19Te8-1500K,Li9Si19Te8,0.000522817,0.00014187366774442926,0.0004256210032332878,36.6
Li-Si-Te,1500.0,Si,Li9Si19Te8-1500K,Li9Si19Te8,0.000311668,9.932623253396092e-05,0.00029797869760188274,36.6
Li-Si-Te,1500.0,Te,Li9Si19Te8-1500K,Li9Si19Te8,0.000159113,5.629712283066938e-05,0.00016889136849200815,36.6
Li-Si-Te,2000.0,Li,Li9Si19Te8-2000K,Li9Si19Te8,0.000808331,0.0002686046918243475,0.0008058140754730426,35.1
Li-Si-Te,2000.0,Si,Li9Si19Te8-2000K,Li9Si19Te8,0.000563735,0.00018101436223043603,0.0005430430866913081,35.1
Li-Si-Te,2000.0,Te,Li9Si19Te8-2000K,Li9Si19Te8,0.000349555,0.00010644162049889912,0.00031932486149669734,35.1
Li-Si-Te,2500.0,Li,Li9Si19Te8-2500K,Li9Si19Te8,0.00152887,0.000516514426830187,0.001549543280490561,35.5
Li-Si-Te,2500.0,Si,Li9Si19Te8-2500K,Li9Si19Te8,0.000931775,0.00032580247933850084,0.0009774074380155026,35.5
Li-Si-Te,2500.0,Te,Li9Si19Te8-2500K,Li9Si19Te8,0.000696791,0.0002617514479399763,0.000785254343819929,35.5
Li-Si-Ti,1000.0,Li,Li4(TiSi)3-1000K,Li4(TiSi)3,3.8569e-05,7.342677558329992e-06,2.202803267498998e-05,34.6
Li-Si-Ti,1000.0,Si,Li4(TiSi)3-1000K,Li4(TiSi)3,,1.7243093889015153e-07,5.172928166704545e-07,34.6
Li-Si-Ti,1000.0,Ti,Li4(TiSi)3-1000K,Li4(TiSi)3,,7.966605626269509e-08,2.3899816878808526e-07,34.6
Li-Si-Ti,1500.0,Li,Li4(TiSi)3-1500K,Li4(TiSi)3,0.000307795,7.811331131495622e-05,0.00023433993394486867,33.5
Li-Si-Ti,1500.0,Si,Li4(TiSi)3-1500K,Li4(TiSi)3,2.75768e-05,9.043367995170228e-06,2.7130103985510686e-05,33.5
Li-Si-Ti,1500.0,Ti,Li4(TiSi)3-1500K,Li4(TiSi)3,1.24469e-05,4.209286228711101e-06,1.2627858686133304e-05,33.5
Li-Si-Ti,2000.0,Li,Li4(TiSi)3-2000K,Li4(TiSi)3,0.000542686,0.00014171959313738586,0.00042515877941215756,32.2
Li-Si-Ti,2000.0,Si,Li4(TiSi)3-2000K,Li4(TiSi)3,0.000145133,3.7590160615084666e-05,0.00011277048184525401,32.2
Li-Si-Ti,2000.0,Ti,Li4(TiSi)3-2000K,Li4(TiSi)3,9.6379e-05,4.0141364477057856e-05,0.00012042409343117358,32.2
Li-Si-Ti,2500.0,Li,Li4(TiSi)3-2500K,Li4(TiSi)3,0.000793719,0.0002571681621594996,0.0007715044864784988,33.4
Li-Si-Ti,2500.0,Si,Li4(TiSi)3-2500K,Li4(TiSi)3,0.000325919,0.00010815409543864838,0.00032446228631594515,33.4
Li-Si-Ti,2500.0,Ti,Li4(TiSi)3-2500K,Li4(TiSi)3,0.000197005,5.652234946554359e-05,0.00016956704839663075,33.4
Li-Si-Tl,1000.0,Li,LiTlSi-1000K,LiTlSi,0.000204854,7.557716064949047e-05,0.00022673148194847137,39.9
Li-Si-Tl,1000.0,Si,LiTlSi-1000K,LiTlSi,6.51946e-05,1.93100664363386e-05,5.79301993090158e-05,39.9
Li-Si-Tl,1000.0,Tl,LiTlSi-1000K,LiTlSi,0.000101748,3.2633497789313476e-05,9.790049336794044e-05,39.9
Li-Si-Tl,1500.0,Li,LiTlSi-1500K,LiTlSi,0.000454911,0.00013821808054414995,0.00041465424163244987,31.5
Li-Si-Tl,1500.0,Si,LiTlSi-1500K,LiTlSi,0.000259327,6.578431133981525e-05,0.00019735293401944577,31.5
Li-Si-Tl,1500.0,Tl,LiTlSi-1500K,LiTlSi,0.00028974,9.923070442062602e-05,0.000297692113261878,31.5
Li-Si-Tl,2000.0,Li,LiTlSi-2000K,LiTlSi,0.000904775,0.00027244694055741713,0.0008173408216722515,39.9
Li-Si-Tl,2000.0,Si,LiTlSi-2000K,LiTlSi,0.000573957,0.0001915215600169564,0.0005745646800508692,39.9
Li-Si-Tl,2000.0,Tl,LiTlSi-2000K,LiTlSi,0.000519263,0.0001864430287562863,0.0005593290862688589,39.9
Li-Si-Tl,2500.0,Li,LiTlSi-2500K,LiTlSi,0.00138105,0.0005357934682749122,0.001607380404824737,39.9
Li-Si-Tl,2500.0,Si,LiTlSi-2500K,LiTlSi,0.000856141,0.00024095251805586907,0.0007228575541676072,39.9
Li-Si-Tl,2500.0,Tl,LiTlSi-2500K,LiTlSi,0.000599804,0.00019399762315028623,0.0005819928694508587,39.9
Li-Si-V,1000.0,Li,Li3VSi2-1000K,Li3VSi2,5.05442e-05,1.8458961130336823e-05,5.537688339101047e-05,30.2
Li-Si-V,1000.0,Si,Li3VSi2-1000K,Li3VSi2,4.43733e-06,1.5022376682249614e-06,4.506713004674884e-06,30.2
Li-Si-V,1000.0,V,Li3VSi2-1000K,Li3VSi2,,9.307948667354744e-07,2.7923846002064234e-06,30.2
Li-Si-V,1500.0,Li,Li3VSi2-1500K,Li3VSi2,0.000288144,7.433141603205819e-05,0.00022299424809617456,34.3
Li-Si-V,1500.0,Si,Li3VSi2-1500K,Li3VSi2,4.45853e-05,1.099513501059874e-05,3.298540503179622e-05,34.3
Li-Si-V,1500.0,V,Li3VSi2-1500K,Li3VSi2,1.85209e-05,6.260529135937201e-06,1.8781587407811603e-05,34.3
Li-Si-V,2000.0,Li,Li3VSi2-2000K,Li3VSi2,0.000590553,0.00020844125982366602,0.0006253237794709981,39.9
Li-Si-V,2000.0,Si,Li3VSi2-2000K,Li3VSi2,0.000188181,5.894152553285069e-05,0.00017682457659855204,39.9
Li-Si-V,2000.0,V,Li3VSi2-2000K,Li3VSi2,6.18695e-05,2.236990304374498e-05,6.710970913123494e-05,39.9
Li-Si-V,2500.0,Li,Li3VSi2-2500K,Li3VSi2,0.00093293,0.00035610615939049226,0.001068318478171477,37.2
Li-Si-V,2500.0,Si,Li3VSi2-2500K,Li3VSi2,0.000414868,0.00014049087249886014,0.00042147261749658045,37.2
Li-Si-V,2500.0,V,Li3VSi2-2500K,Li3VSi2,0.000159166,3.592535383517727e-05,0.00010777606150553181,37.2
Li-Si-Y,1000.0,Li,Li8YSi-1000K,Li8YSi,0.000315384,0.00010432894436844509,0.0003129868331053353,28.6
Li-Si-Y,1000.0,Si,Li8YSi-1000K,Li8YSi,4678.29,1.4469654394764842e-05,4.3408963184294524e-05,28.6
Li-Si-Y,1000.0,Y,Li8YSi-1000K,Li8YSi,6.52377e-05,2.3797105323157425e-05,7.139131596947227e-05,28.6
Li-Si-Y,1500.0,Li,Li8YSi-1500K,Li8YSi,0.000748695,0.00024092154696812976,0.0007227646409043893,33.4
Li-Si-Y,1500.0,Si,Li8YSi-1500K,Li8YSi,17093.9,7.98214500517216e-05,0.00023946435015516482,33.4
Li-Si-Y,1500.0,Y,Li8YSi-1500K,Li8YSi,0.000151765,4.1088926506083446e-05,0.00012326677951825035,33.4
Li-Si-Y,2000.0,Li,Li8YSi-2000K,Li8YSi,0.00125689,0.00038499291431859053,0.0011549787429557714,32.0
Li-Si-Y,2000.0,Si,Li8YSi-2000K,Li8YSi,35605.1,0.00013750506274704877,0.0004125151882411463,32.0
Li-Si-Y,2000.0,Y,Li8YSi-2000K,Li8YSi,0.000327721,9.774633844791053e-05,0.0002932390153437316,32.0
Li-Si-Y,2500.0,Li,Li8YSi-2500K,Li8YSi,0.00174962,0.0006682056319677418,0.002004616895903225,32.5
Li-Si-Y,2500.0,Si,Li8YSi-2500K,Li8YSi,58948.0,0.00023088487292378864,0.000692654618771366,32.5
Li-Si-Y,2500.0,Y,Li8YSi-2500K,Li8YSi,0.000563787,0.00030722402254380844,0.0009216720676314253,32.5
Li-Si-Zn,1000.0,Li,Li5(ZnSi4)2-1000K,Li5(ZnSi4)2,0.000116833,4.04390560744689e-05,0.00012131716822340671,39.9
Li-Si-Zn,1000.0,Si,Li5(ZnSi4)2-1000K,Li5(ZnSi4)2,6.96005e-05,2.3392961104648814e-05,7.017888331394645e-05,39.9
Li-Si-Zn,1000.0,Zn,Li5(ZnSi4)2-1000K,Li5(ZnSi4)2,0.00015283,5.717281735215312e-05,0.00017151845205645936,39.9
Li-Si-Zn,1500.0,Li,Li5(ZnSi4)2-1500K,Li5(ZnSi4)2,0.000472478,0.0001402539226780256,0.0004207617680340769,37.8
Li-Si-Zn,1500.0,Si,Li5(ZnSi4)2-1500K,Li5(ZnSi4)2,0.000364195,0.00011607158260305162,0.0003482147478091549,37.8
Li-Si-Zn,1500.0,Zn,Li5(ZnSi4)2-1500K,Li5(ZnSi4)2,0.000433938,0.00015971331544134594,0.0004791399463240378,37.8
Li-Si-Zn,2000.0,Li,Li5(ZnSi4)2-2000K,Li5(ZnSi4)2,0.000777061,0.00024171781457052097,0.0007251534437115629,36.3
Li-Si-Zn,2000.0,Si,Li5(ZnSi4)2-2000K,Li5(ZnSi4)2,0.000658354,0.00023990283897299764,0.0007197085169189929,36.3
Li-Si-Zn,2000.0,Zn,Li5(ZnSi4)2-2000K,Li5(ZnSi4)2,0.00067004,0.0002557542347143547,0.0007672627041430642,36.3
Li-Si-Zn,2500.0,Li,Li5(ZnSi4)2-2500K,Li5(ZnSi4)2,0.00122811,0.0003706430774321901,0.0011119292322965702,30.6
Li-Si-Zn,2500.0,Si,Li5(ZnSi4)2-2500K,Li5(ZnSi4)2,0.000974791,0.00034589172632428156,0.0010376751789728446,30.6
Li-Si-Zn,2500.0,Zn,Li5(ZnSi4)2-2500K,Li5(ZnSi4)2,0.00101935,0.00037710548105968626,0.0011313164431790588,30.6
Li-Si-Zr,1000.0,Li,LiZr2Si-1000K,LiZr2Si,7.72499e-06,3.227584494166112e-06,9.682753482498337e-06,24.3
Li-Si-Zr,1000.0,Si,LiZr2Si-1000K,LiZr2Si,,5.634800352828897e-07,1.690440105848669e-06,24.3
Li-Si-Zr,1000.0,Zr,LiZr2Si-1000K,LiZr2Si,,2.5133323532530655e-07,7.539997059759196e-07,24.3
Li-Si-Zr,1500.0,Li,LiZr2Si-1500K,LiZr2Si,0.000113237,3.128912370760021e-05,9.386737112280065e-05,24.8
Li-Si-Zr,1500.0,Si,LiZr2Si-1500K,LiZr2Si,2.53855e-05,8.956751532740794e-06,2.6870254598222382e-05,24.8
Li-Si-Zr,1500.0,Zr,LiZr2Si-1500K,LiZr2Si,1.391e-05,4.41983510490356e-06,1.3259505314710683e-05,24.8
Li-Si-Zr,2000.0,Li,LiZr2Si-2000K,LiZr2Si,0.00027137,7.682544476468271e-05,0.00023047633429404814,20.1
Li-Si-Zr,2000.0,Si,LiZr2Si-2000K,LiZr2Si,7.80509e-05,1.7716822007315325e-05,5.315046602194598e-05,20.1
Li-Si-Zr,2000.0,Zr,LiZr2Si-2000K,LiZr2Si,6.16559e-05,2.0571722092969423e-05,6.171516627890826e-05,20.1
Li-Si-Zr,2500.0,Li,LiZr2Si-2500K,LiZr2Si,0.000388939,0.000141252171706003,0.000423756515118009,25.4
Li-Si-Zr,2500.0,Si,LiZr2Si-2500K,LiZr2Si,0.000181611,5.240525578652516e-05,0.00015721576735957545,25.4
Li-Si-Zr,2500.0,Zr,LiZr2Si-2500K,LiZr2Si,0.000164544,5.6802575456019746e-05,0.00017040772636805923,25.4
Li-Sn-Sr,1000.0,Li,Sr2Li12Sn-1000K,Sr2Li12Sn,0.000431251,0.00015540713472404972,0.0004662214041721491,35.0
Li-Sn-Sr,1000.0,Sn,Sr2Li12Sn-1000K,Sr2Li12Sn,8.66452e-05,2.945450290193874e-05,8.836350870581622e-05,35.0
Li-Sn-Sr,1000.0,Sr,Sr2Li12Sn-1000K,Sr2Li12Sn,0.000146568,4.891032040554753e-05,0.0001467309612166426,35.0
Li-Sn-Sr,1500.0,Li,Sr2Li12Sn-1500K,Sr2Li12Sn,0.000870115,0.0003246799608993157,0.0009740398826979471,25.7
Li-Sn-Sr,1500.0,Sn,Sr2Li12Sn-1500K,Sr2Li12Sn,0.000274343,8.214323741617857e-05,0.00024642971224853575,25.7
Li-Sn-Sr,1500.0,Sr,Sr2Li12Sn-1500K,Sr2Li12Sn,0.000365462,0.00014545272248097673,0.0004363581674429302,25.7
Li-Sn-Sr,2000.0,Li,Sr2Li12Sn-2000K,Sr2Li12Sn,0.00148272,0.0005970365130013497,0.001791109539004049,33.1
Li-Sn-Sr,2000.0,Sn,Sr2Li12Sn-2000K,Sr2Li12Sn,0.000616132,0.00026458859803040217,0.0007937657940912064,33.1
Li-Sn-Sr,2000.0,Sr,Sr2Li12Sn-2000K,Sr2Li12Sn,0.000726223,0.0002503964320010553,0.000751189296003166,33.1
Li-Sn-Sr,2500.0,Li,Sr2Li12Sn-2500K,Sr2Li12Sn,0.00198742,0.0006636646011131724,0.001990993803339517,16.4
Li-Sn-Sr,2500.0,Sn,Sr2Li12Sn-2500K,Sr2Li12Sn,0.000908532,0.00031088427788084907,0.0009326528336425472,16.4
Li-Sn-Sr,2500.0,Sr,Sr2Li12Sn-2500K,Sr2Li12Sn,0.000826562,0.00018364065429808278,0.0005509219628942483,16.4
Li-Sn-Ta,1000.0,Li,Li4Ta3Sn-1000K,Li4Ta3Sn,0.000110771,3.5706082809257864e-05,0.00010711824842777358,34.5
Li-Sn-Ta,1000.0,Sn,Li4Ta3Sn-1000K,Li4Ta3Sn,9.03792e-06,3.0225745874072525e-06,9.067723762221758e-06,34.5
Li-Sn-Ta,1000.0,Ta,Li4Ta3Sn-1000K,Li4Ta3Sn,,5.497899145254692e-07,1.6493697435764077e-06,34.5
Li-Sn-Ta,1500.0,Li,Li4Ta3Sn-1500K,Li4Ta3Sn,0.000327523,0.00010237575233192889,0.00030712725699578666,36.8
Li-Sn-Ta,1500.0,Sn,Li4Ta3Sn-1500K,Li4Ta3Sn,4.01335e-05,1.0904601695072287e-05,3.2713805085216866e-05,36.8
Li-Sn-Ta,1500.0,Ta,Li4Ta3Sn-1500K,Li4Ta3Sn,6.42265e-06,2.043906418965244e-06,6.131719256895731e-06,36.8
Li-Sn-Ta,2000.0,Li,Li4Ta3Sn-2000K,Li4Ta3Sn,0.000703355,0.00016290161589356276,0.0004887048476806883,35.4
Li-Sn-Ta,2000.0,Sn,Li4Ta3Sn-2000K,Li4Ta3Sn,0.00014397,5.4735432121915063e-05,0.00016420629636574517,35.4
Li-Sn-Ta,2000.0,Ta,Li4Ta3Sn-2000K,Li4Ta3Sn,1.28194e-05,4.222104304247871e-06,1.2666312912743614e-05,35.4
Li-Sn-Ta,2500.0,Li,Li4Ta3Sn-2500K,Li4Ta3Sn,0.00105704,0.00028119140754248465,0.0008435742226274538,29.7
Li-Sn-Ta,2500.0,Sn,Li4Ta3Sn-2500K,Li4Ta3Sn,0.000220275,9.060523621110392e-05,0.00027181570863331176,29.7
Li-Sn-Ta,2500.0,Ta,Li4Ta3Sn-2500K,Li4Ta3Sn,3.67236e-05,1.1936544448215414e-05,3.580963334464624e-05,29.7
Li-Sn-Te,1000.0,Li,Li8SnTe-1000K,Li8SnTe,0.00022005,6.923948754518844e-05,0.00020771846263556532,38.6
Li-Sn-Te,1000.0,Sn,Li8SnTe-1000K,Li8SnTe,1.51052e-05,5.166003180228068e-06,1.5498009540684204e-05,38.6
Li-Sn-Te,1000.0,Te,Li8SnTe-1000K,Li8SnTe,1.66611e-05,5.386081084457772e-06,1.6158243253373316e-05,38.6
Li-Sn-Te,1500.0,Li,Li8SnTe-1500K,Li8SnTe,0.000612044,0.0002097776988553019,0.0006293330965659057,34.7
Li-Sn-Te,1500.0,Sn,Li8SnTe-1500K,Li8SnTe,7.25915e-05,2.3722810573611495e-05,7.116843172083448e-05,34.7
Li-Sn-Te,1500.0,Te,Li8SnTe-1500K,Li8SnTe,8.68373e-05,2.8288170607678627e-05,8.486451182303588e-05,34.7
Li-Sn-Te,2000.0,Li,Li8SnTe-2000K,Li8SnTe,0.00114699,0.00037402060577202773,0.0011220618173160832,33.1
Li-Sn-Te,2000.0,Sn,Li8SnTe-2000K,Li8SnTe,0.000270327,0.00012598532788538907,0.0003779559836561672,33.1
Li-Sn-Te,2000.0,Te,Li8SnTe-2000K,Li8SnTe,0.000280139,3.926900900698951e-05,0.00011780702702096853,33.1
Li-Sn-Te,2500.0,Li,Li8SnTe-2500K,Li8SnTe,0.00184847,0.0005201357733393423,0.0015604073200180268,32.9
Li-Sn-Te,2500.0,Sn,Li8SnTe-2500K,Li8SnTe,0.000485137,0.00011784092917543678,0.0003535227875263104,32.9
Li-Sn-Te,2500.0,Te,Li8SnTe-2500K,Li8SnTe,0.000540746,0.00020553990384677336,0.00061661971154032,32.9
Li-Sn-Ti,1000.0,Li,Li8(Ti5Sn3)3-1000K,Li8(Ti5Sn3)3,2.66025e-05,6.324728115619986e-06,1.8974184346859956e-05,27.9
Li-Sn-Ti,1000.0,Sn,Li8(Ti5Sn3)3-1000K,Li8(Ti5Sn3)3,,4.198317960444285e-07,1.2594953881332855e-06,27.9
Li-Sn-Ti,1000.0,Ti,Li8(Ti5Sn3)3-1000K,Li8(Ti5Sn3)3,,6.936848302549595e-07,2.0810544907648785e-06,27.9
Li-Sn-Ti,1500.0,Li,Li8(Ti5Sn3)3-1500K,Li8(Ti5Sn3)3,0.000179169,5.3864653682235245e-05,0.00016159396104670575,22.7
Li-Sn-Ti,1500.0,Sn,Li8(Ti5Sn3)3-1500K,Li8(Ti5Sn3)3,2.82896e-05,9.239119388387957e-06,2.771735816516387e-05,22.7
Li-Sn-Ti,1500.0,Ti,Li8(Ti5Sn3)3-1500K,Li8(Ti5Sn3)3,3.02923e-05,1.0163409101028892e-05,3.0490227303086676e-05,22.7
Li-Sn-Ti,2000.0,Li,Li8(Ti5Sn3)3-2000K,Li8(Ti5Sn3)3,0.000436352,0.00014419780236303145,0.0004325934070890943,21.8
Li-Sn-Ti,2000.0,Sn,Li8(Ti5Sn3)3-2000K,Li8(Ti5Sn3)3,0.000108268,3.512146915425542e-05,0.00010536440746276626,21.8
Li-Sn-Ti,2000.0,Ti,Li8(Ti5Sn3)3-2000K,Li8(Ti5Sn3)3,0.000108133,3.740613155928042e-05,0.00011221839467784126,21.8
Li-Sn-Ti,2500.0,Li,Li8(Ti5Sn3)3-2500K,Li8(Ti5Sn3)3,0.00056193,0.00018106371634434677,0.0005431911490330403,26.9
Li-Sn-Ti,2500.0,Sn,Li8(Ti5Sn3)3-2500K,Li8(Ti5Sn3)3,0.000232883,6.102555070534978e-05,0.00018307665211604932,26.9
Li-Sn-Ti,2500.0,Ti,Li8(Ti5Sn3)3-2500K,Li8(Ti5Sn3)3,0.000212281,7.179826208799714e-05,0.00021539478626399143,26.9
Li-Sn-V,1000.0,Li,Li9(VSn2)2-1000K,Li9(VSn2)2,2.97913e-05,8.649640773805657e-06,2.5948922321416967e-05,37.5
Li-Sn-V,1000.0,Sn,Li9(VSn2)2-1000K,Li9(VSn2)2,,6.159734440502646e-07,1.8479203321507939e-06,37.5
Li-Sn-V,1000.0,V,Li9(VSn2)2-1000K,Li9(VSn2)2,,8.043931494981784e-07,2.4131794484945356e-06,37.5
Li-Sn-V,1500.0,Li,Li9(VSn2)2-1500K,Li9(VSn2)2,0.000363322,9.191476371980127e-05,0.0002757442911594038,31.2
Li-Sn-V,1500.0,Sn,Li9(VSn2)2-1500K,Li9(VSn2)2,6.14712e-05,2.186010997373306e-05,6.558032992119918e-05,31.2
Li-Sn-V,1500.0,V,Li9(VSn2)2-1500K,Li9(VSn2)2,2.68514e-05,9.746234323329382e-06,2.9238702969988145e-05,31.2
Li-Sn-V,2000.0,Li,Li9(VSn2)2-2000K,Li9(VSn2)2,0.00078525,0.0002505839687660752,0.0007517519062982255,30.9
Li-Sn-V,2000.0,Sn,Li9(VSn2)2-2000K,Li9(VSn2)2,0.00023343,7.585523596392671e-05,0.00022756570789178015,30.9
Li-Sn-V,2000.0,V,Li9(VSn2)2-2000K,Li9(VSn2)2,7.69844e-05,1.786971927076292e-05,5.360915781228876e-05,30.9
Li-Sn-V,2500.0,Li,Li9(VSn2)2-2500K,Li9(VSn2)2,0.00122772,0.00040016511909089466,0.0012004953572726839,25.9
Li-Sn-V,2500.0,Sn,Li9(VSn2)2-2500K,Li9(VSn2)2,0.000479592,0.0001319921383677619,0.0003959764151032857,25.9
Li-Sn-V,2500.0,V,Li9(VSn2)2-2500K,Li9(VSn2)2,9.95771e-05,1.154160147092143e-06,3.462480441276429e-06,25.9
Li-Sn-Y,1000.0,Li,Li2YSn2-1000K,Li2YSn2,6.84476e-05,2.2950130146288585e-05,6.885039043886575e-05,20.3
Li-Sn-Y,1000.0,Sn,Li2YSn2-1000K,Li2YSn2,6.08226e-06,2.143974823293822e-06,6.431924469881467e-06,20.3
Li-Sn-Y,1000.0,Y,Li2YSn2-1000K,Li2YSn2,,1.2066910370837883e-06,3.6200731112513653e-06,20.3
Li-Sn-Y,1500.0,Li,Li2YSn2-1500K,Li2YSn2,0.0002666,7.333403578760732e-05,0.00022000210736282196,15.8
Li-Sn-Y,1500.0,Sn,Li2YSn2-1500K,Li2YSn2,6.73786e-05,2.260817044606196e-05,6.782451133818587e-05,15.8
Li-Sn-Y,1500.0,Y,Li2YSn2-1500K,Li2YSn2,3.48997e-05,1.1518394713512504e-05,3.455518414053751e-05,15.8
Li-Sn-Y,2000.0,Li,Li2YSn2-2000K,Li2YSn2,0.000528013,0.000161940635387837,0.0004858219061635111,17.2
Li-Sn-Y,2000.0,Sn,Li2YSn2-2000K,Li2YSn2,0.000223993,7.038447572083353e-05,0.0002111534271625006,17.2
Li-Sn-Y,2000.0,Y,Li2YSn2-2000K,Li2YSn2,0.00011605,2.8663292038249208e-05,8.598987611474762e-05,17.2
Li-Sn-Y,2500.0,Li,Li2YSn2-2500K,Li2YSn2,0.000930995,0.00026953480187419696,0.000808604405622591,17.7
Li-Sn-Y,2500.0,Sn,Li2YSn2-2500K,Li2YSn2,0.000367177,0.0001166438724168913,0.00034993161725067385,17.7
Li-Sn-Y,2500.0,Y,Li2YSn2-2500K,Li2YSn2,0.000256638,8.490719055176293e-05,0.00025472157165528877,17.7
Li-Sn-Zn,1000.0,Li,LiZnSn-1000K,LiZnSn,0.000187224,6.000688097947339e-05,0.00018002064293842017,34.1
Li-Sn-Zn,1000.0,Sn,LiZnSn-1000K,LiZnSn,0.000119511,4.317549781729346e-05,0.00012952649345188038,34.1
Li-Sn-Zn,1000.0,Zn,LiZnSn-1000K,LiZnSn,0.000134905,4.4043912298308734e-05,0.00013213173689492622,34.1
Li-Sn-Zn,1500.0,Li,LiZnSn-1500K,LiZnSn,0.000513888,0.0002074323197557553,0.0006222969592672659,31.0
Li-Sn-Zn,1500.0,Sn,LiZnSn-1500K,LiZnSn,0.000326306,0.00011135849091055902,0.0003340754727316771,31.0
Li-Sn-Zn,1500.0,Zn,LiZnSn-1500K,LiZnSn,0.00040988,0.00015656267215128394,0.00046968801645385185,31.0
Li-Sn-Zn,2000.0,Li,LiZnSn-2000K,LiZnSn,0.000924316,0.00026873218913629163,0.0008061965674088749,32.3
Li-Sn-Zn,2000.0,Sn,LiZnSn-2000K,LiZnSn,0.000470211,0.00015585963931907,0.00046757891795720993,32.3
Li-Sn-Zn,2000.0,Zn,LiZnSn-2000K,LiZnSn,0.000670889,0.00022795529361652013,0.0006838658808495604,32.3
Li-Sn-Zn,2500.0,Li,LiZnSn-2500K,LiZnSn,0.00127778,0.000530944820277048,0.0015928344608311443,26.5
Li-Sn-Zn,2500.0,Sn,LiZnSn-2500K,LiZnSn,0.000559261,0.00017273240635697797,0.0005181972190709339,26.5
Li-Sn-Zn,2500.0,Zn,LiZnSn-2500K,LiZnSn,0.000894736,0.0002833731919234138,0.0008501195757702414,26.5
Li-Sn-Zr,1000.0,Li,Li3Zr5Sn4-1000K,Li3Zr5Sn4,3.14434e-05,4.585217336086978e-06,1.3755652008260936e-05,19.8
Li-Sn-Zr,1000.0,Sn,Li3Zr5Sn4-1000K,Li3Zr5Sn4,,4.6137138821630364e-07,1.3841141646489108e-06,19.8
Li-Sn-Zr,1000.0,Zr,Li3Zr5Sn4-1000K,Li3Zr5Sn4,,2.680365356312016e-07,8.041096068936048e-07,19.8
Li-Sn-Zr,1500.0,Li,Li3Zr5Sn4-1500K,Li3Zr5Sn4,0.00010194,2.9665713281128855e-05,8.899713984338657e-05,33.7
Li-Sn-Zr,1500.0,Sn,Li3Zr5Sn4-1500K,Li3Zr5Sn4,1.14979e-05,3.7868081530599925e-06,1.1360424459179977e-05,33.7
Li-Sn-Zr,1500.0,Zr,Li3Zr5Sn4-1500K,Li3Zr5Sn4,1.07812e-05,3.771441986526421e-06,1.1314325959579263e-05,33.7
Li-Sn-Zr,2000.0,Li,Li3Zr5Sn4-2000K,Li3Zr5Sn4,0.000445029,9.297413540798366e-05,0.000278922406223951,9.9
Li-Sn-Zr,2000.0,Sn,Li3Zr5Sn4-2000K,Li3Zr5Sn4,7.27147e-05,2.3488094470686295e-05,7.046428341205889e-05,9.9
Li-Sn-Zr,2000.0,Zr,Li3Zr5Sn4-2000K,Li3Zr5Sn4,4.75582e-05,1.5989427572473835e-05,4.79682827174215e-05,9.9
Li-Sn-Zr,2500.0,Li,Li3Zr5Sn4-2500K,Li3Zr5Sn4,0.000561598,0.0001661319033443035,0.0004983957100329105,21.7
Li-Sn-Zr,2500.0,Sn,Li3Zr5Sn4-2500K,Li3Zr5Sn4,0.000186771,6.170453618102119e-05,0.00018511360854306356,21.7
Li-Sn-Zr,2500.0,Zr,Li3Zr5Sn4-2500K,Li3Zr5Sn4,0.000195778,6.783772453536167e-05,0.00020351317360608505,21.7
Li-Sr,1000.0,Li,SrLi4-1000K,SrLi4,0.000502822,0.00017675687209817018,0.0005302706162945105,32.8
Li-Sr,1000.0,Sr,SrLi4-1000K,SrLi4,0.000181961,6.498717062890377e-05,0.0001949615118867113,32.8
Li-Sr,1500.0,Li,SrLi4-1500K,SrLi4,0.0010639,0.00032013222339011586,0.0009603966701703476,36.4
Li-Sr,1500.0,Sr,SrLi4-1500K,SrLi4,0.00049815,0.00013230535847985958,0.00039691607543957877,36.4
Li-Sr,2000.0,Li,SrLi4-2000K,SrLi4,0.00164917,0.0005143910288020315,0.0015431730864060946,26.1
Li-Sr,2000.0,Sr,SrLi4-2000K,SrLi4,0.000844294,0.0003306398522229774,0.0009919195566689323,26.1
Li-Sr,2500.0,Li,SrLi4-2500K,SrLi4,0.00239214,0.0007123631917197677,0.002137089575159303,24.3
Li-Sr,2500.0,Sr,SrLi4-2500K,SrLi4,0.00110771,0.00027646343786451755,0.0008293903135935527,24.3
Li-Ta,1000.0,Li,Li4Ta-1000K,Li4Ta,0.000419919,0.00012512686459405928,0.0003753805937821778,38.0
Li-Ta,1000.0,Ta,Li4Ta-1000K,Li4Ta,,3.8848802012196287e-07,1.1654640603658886e-06,38.0
Li-Ta,1500.0,Li,Li4Ta-1500K,Li4Ta,0.000946984,0.00028881156005755045,0.0008664346801726513,29.7
Li-Ta,1500.0,Ta,Li4Ta-1500K,Li4Ta,1.34301e-05,2.5000576302394463e-06,7.500172890718339e-06,29.7
Li-Ta,2000.0,Li,Li4Ta-2000K,Li4Ta,0.00152127,0.0004091691226707188,0.0012275073680121564,36.4
Li-Ta,2000.0,Ta,Li4Ta-2000K,Li4Ta,3.55095e-05,1.0301439574835953e-05,3.090431872450786e-05,36.4
Li-Ta,2500.0,Li,Li4Ta-2500K,Li4Ta,0.00198777,0.0006171099980034636,0.0018513299940103906,34.2
Li-Ta,2500.0,Ta,Li4Ta-2500K,Li4Ta,4.98312e-05,1.4448925236682406e-05,4.3346775710047216e-05,34.2
Li-Tc,1000.0,Li,LiTc2-1000K,LiTc2,2.14404e-05,5.2623973326132475e-06,1.5787191997839742e-05,28.5
Li-Tc,1000.0,Tc,LiTc2-1000K,LiTc2,,5.743866645598628e-07,1.7231599936795884e-06,28.5
Li-Tc,1500.0,Li,LiTc2-1500K,LiTc2,8.51044e-05,3.254667891045408e-05,9.764003673136224e-05,24.8
Li-Tc,1500.0,Tc,LiTc2-1500K,LiTc2,1.33836e-05,4.525914154422878e-06,1.3577742463268637e-05,24.8
Li-Tc,2000.0,Li,LiTc2-2000K,LiTc2,0.000238765,5.2116423172318707e-05,0.00015634926951695613,27.3
Li-Tc,2000.0,Tc,LiTc2-2000K,LiTc2,6.1788e-05,1.9616126852846884e-05,5.884838055854065e-05,27.3
Li-Tc,2500.0,Li,LiTc2-2500K,LiTc2,0.000375174,0.00011121322308142736,0.0003336396692442821,31.8
Li-Tc,2500.0,Tc,LiTc2-2500K,LiTc2,0.000130282,4.460999001102231e-05,0.00013382997003306694,31.8
Li-Te,1000.0,Li,mp-2530,Li2Te,0.000183808,6.342180428833183e-05,0.0001902654128649955,31.1
Li-Te,1000.0,Te,mp-2530,Li2Te,2.62845e-06,1.0230750792192925e-06,3.069225237657877e-06,31.1
Li-Te,2000.0,Li,mp-2530,Li2Te,0.000915594,0.00031300340972233463,0.0009390102291670038,32.6
Li-Te,2000.0,Te,mp-2530,Li2Te,4.82073e-05,1.595954990909925e-05,4.787864972729774e-05,32.6
Li-Te,1500.0,Li,mp-2530,Li2Te,0.000485491,0.0002116715206191394,0.0006350145618574182,31.9
Li-Te,1500.0,Te,mp-2530,Li2Te,2.19012e-05,7.574344896983426e-06,2.272303469095028e-05,31.9
Li-Te,2500.0,Li,mp-2530,Li2Te,0.00139936,0.0004011350646383653,0.0012034051939150958,27.8
Li-Te,2500.0,Te,mp-2530,Li2Te,0.000291389,9.965270332828319e-05,0.00029895810998484956,27.8
Li-Ti,1000.0,Li,LiTi2-1000K,LiTi2,1.67089e-05,5.260941633058838e-06,1.5782824899176512e-05,35.8
Li-Ti,1000.0,Ti,LiTi2-1000K,LiTi2,,4.4826704742125305e-07,1.3448011422637592e-06,35.8
Li-Ti,1500.0,Li,LiTi2-1500K,LiTi2,0.000374729,6.220893499297414e-05,0.00018662680497892243,32.7
Li-Ti,1500.0,Ti,LiTi2-1500K,LiTi2,8.24772e-05,2.715740080803895e-05,8.147220242411685e-05,32.7
Li-Ti,2000.0,Li,LiTi2-2000K,LiTi2,0.000579391,0.0001383782326084344,0.0004151346978253032,33.9
Li-Ti,2000.0,Ti,LiTi2-2000K,LiTi2,0.000179769,6.0844617513952586e-05,0.00018253385254185774,33.9
Li-Ti,2500.0,Li,LiTi2-2500K,LiTi2,0.000833038,0.00025445859070736344,0.0007633757721220902,30.3
Li-Ti,2500.0,Ti,LiTi2-2500K,LiTi2,0.000342778,0.00012065357949872484,0.0003619607384961745,30.3
Li-Tl,1000.0,Li,mp-12283,Li5Tl2,0.000168114,6.357390358283413e-05,0.0001907217107485024,31.6
Li-Tl,1000.0,Tl,mp-12283,Li5Tl2,6.16279e-05,2.1823679911954823e-05,6.547103973586447e-05,31.6
Li-Tl,1500.0,Li,mp-12283,Li5Tl2,0.000575443,0.0001826024253147404,0.0005478072759442211,30.9
Li-Tl,1500.0,Tl,mp-12283,Li5Tl2,0.000208421,7.162790181936296e-05,0.00021488370545808886,30.9
Li-Tl,2000.0,Li,mp-12283,Li5Tl2,0.00100324,0.00026199861532518614,0.0007859958459755584,37.4
Li-Tl,2000.0,Tl,mp-12283,Li5Tl2,0.000474847,0.00016182649733108585,0.0004854794919932576,37.4
Li-Tl,2500.0,Li,mp-12283,Li5Tl2,0.00163243,0.0005964915983139669,0.0017894747949419008,25.4
Li-Tl,2500.0,Tl,mp-12283,Li5Tl2,0.000780974,0.00021326166742614112,0.0006397850022784235,25.4
Li-V,1000.0,Li,LiV2-1000K,LiV2,8.70697e-05,2.4224788419847367e-05,7.26743652595421e-05,31.9
Li-V,1000.0,V,LiV2-1000K,LiV2,4.96138e-06,1.7558922013604428e-06,5.2676766040813285e-06,31.9
Li-V,1500.0,Li,LiV2-1500K,LiV2,0.000276846,7.012050862900362e-05,0.00021036152588701086,33.2
Li-V,1500.0,V,LiV2-1500K,LiV2,4.05717e-05,1.2828458750824834e-05,3.8485376252474504e-05,33.2
Li-V,2000.0,Li,LiV2-2000K,LiV2,0.000439452,0.00014002884577421655,0.00042008653732264966,28.1
Li-V,2000.0,V,LiV2-2000K,LiV2,0.000152614,5.0024271533011734e-05,0.0001500728145990352,28.1
Li-V,2500.0,Li,LiV2-2500K,LiV2,0.000600544,0.00016666526760838915,0.0004999958028251675,30.0
Li-V,2500.0,V,LiV2-2500K,LiV2,0.000211392,6.553347226438386e-05,0.0001966004167931516,30.0
Li-W,1000.0,Li,Li4W-1000K,Li4W,0.000346458,0.00012384286341204825,0.0003715285902361447,31.9
Li-W,1000.0,W,Li4W-1000K,Li4W,1.78335e-05,5.492372240910037e-06,1.647711672273011e-05,31.9
Li-W,1500.0,Li,Li4W-1500K,Li4W,0.00082268,0.00024804482545541203,0.0007441344763662361,27.2
Li-W,1500.0,W,Li4W-1500K,Li4W,6.37657e-06,1.6102963480214218e-06,4.8308890440642655e-06,27.2
Li-W,2000.0,Li,Li4W-2000K,Li4W,0.00142671,0.0006367408642556654,0.0019102225927669961,30.9
Li-W,2000.0,W,Li4W-2000K,Li4W,4.53259e-05,1.4455034287694638e-05,4.336510286308392e-05,30.9
Li-W,2500.0,Li,Li4W-2500K,Li4W,0.0019174,0.000656991365641754,0.001970974096925262,29.4
Li-W,2500.0,W,Li4W-2500K,Li4W,5.54644e-05,1.565812796119643e-05,4.69743838835893e-05,29.4
Li-Y,1000.0,Li,LiY2-1000K,LiY2,0.000112575,3.0234874816346055e-05,9.070462444903815e-05,18.5
Li-Y,1000.0,Y,LiY2-1000K,LiY2,,5.119444069543625e-07,1.5358332208630874e-06,18.5
Li-Y,1500.0,Li,LiY2-1500K,LiY2,0.000345228,0.00011799914758770494,0.00035399744276311485,23.3
Li-Y,1500.0,Y,LiY2-1500K,LiY2,0.000131392,4.581861359544586e-05,0.00013745584078633758,23.3
Li-Y,2000.0,Li,LiY2-2000K,LiY2,0.000568877,0.00017850214027583284,0.0005355064208274984,18.1
Li-Y,2000.0,Y,LiY2-2000K,LiY2,0.000242208,7.795009217182547e-05,0.00023385027651547636,18.1
Li-Y,2500.0,Li,LiY2-2500K,LiY2,0.000921541,0.0002759465120569402,0.0008278395361708204,22.2
Li-Y,2500.0,Y,LiY2-2500K,LiY2,0.000377219,0.00012624703949493815,0.0003787411184848144,22.2
Li-Zn,1500.0,Li,mp-1934,LiZn,0.000360045,8.47292321284542e-05,0.00025418769638536263,31.1
Li-Zn,1500.0,Zn,mp-1934,LiZn,0.00027601,0.00010309112632038635,0.00030927337896115905,31.1
Li-Zn,2500.0,Li,mp-1934,LiZn,0.00105296,0.00032309202379778,0.00096927607139334,36.2
Li-Zn,2500.0,Zn,mp-1934,LiZn,0.000921957,0.0002969478374444711,0.0008908435123334133,36.2
Li-Zn,1000.0,Li,mp-1934,LiZn,0.000124124,3.74481426547645e-05,0.0001123444279642935,34.5
Li-Zn,1000.0,Zn,mp-1934,LiZn,0.000109027,3.775383017376723e-05,0.00011326149052130169,34.5
Li-Zn,2000.0,Li,mp-1934,LiZn,0.000745834,0.00026779208259542685,0.0008033762477862805,36.2
Li-Zn,2000.0,Zn,mp-1934,LiZn,0.000503289,0.00016999656403697915,0.0005099896921109374,36.2
Li-Zr,1000.0,Li,Li4Zr-1000K,Li4Zr,0.000399429,0.00013485403657181552,0.00040456210971544655,39.9
Li-Zr,1000.0,Zr,Li4Zr-1000K,Li4Zr,3.18885e-05,9.71327265230299e-06,2.9139817956908972e-05,39.9
Li-Zr,1500.0,Li,Li4Zr-1500K,Li4Zr,0.000920098,0.0003278518415047946,0.0009835555245143839,28.3
Li-Zr,1500.0,Zr,Li4Zr-1500K,Li4Zr,5.92637e-05,1.5050782502142352e-05,4.5152347506427054e-05,28.3
Li-Zr,2000.0,Li,Li4Zr-2000K,Li4Zr,0.00148909,0.0005749377618579012,0.0017248132855737033,33.8
Li-Zr,2000.0,Zr,Li4Zr-2000K,Li4Zr,0.000175694,6.174314053036715e-05,0.00018522942159110144,33.8
Li-Zr,2500.0,Li,Li4Zr-2500K,Li4Zr,0.00199093,0.0005778747267196441,0.0017336241801589325,22.1
Li-Zr,2500.0,Zr,Li4Zr-2500K,Li4Zr,0.000170336,2.04104053506424e-05,6.12312160519272e-05,22.1
