system,temperature,species,formula,n_atoms_species,production_ps,window,D_self_cm2s,D_self_cm2s_stat,D_coll_cm2s,D_coll_cm2s_stat,D_dist_cm2s,f,f_err,f_sys,f_stat,f_sign_stable,f_window_min,f_window_max,f_matched,match_window_ps,L_self,L_coll,L_dist,slope_MSD_self_A2ps,slope_MSD_coll_A2ps,slope_C_dist_A2ps,sigma_NE_mScm,sigma_true_mScm,haven_ratio,error,volume_A3
Al-K-Li-P,1000,Al,Al17K34Li17P34,17.0,17.2,"[0.2, 0.6]",2.8649926700089154e-06,9.720168227896179e-07,6.008096015926394e-06,2.962392466030265e-07,3.1431033459174783e-06,1.0970720375028735,8.661592167883672,0.23519829502790757,8.658398272472786,1.0,0.6974748906999542,1.1678714807557693,0.9481116297678727,"[1.43, 3.44]",3.253279633207123e-10,6.822361748976262e-10,3.569082115769139e-10,2.9222925234090935,6.128257936244921,3.2059654128358277,30.286144254297003,63.51222623946455,0.4768553402632597,,2989.9639685698107
Al-K-Li-P,1000,K,Al17K34Li17P34,34.0,17.2,"[0.2, 0.6]",4.191444807546584e-05,2.0076779444751678e-05,9.764089168466983e-06,1.1763650764911353e-05,-3.2150358906998856e-05,-0.7670471730681744,0.4787405477049019,0.3613239119911702,0.31406614373438363,1.0,-1.104101307898548,-0.3814534839162076,-0.3951161112819641,"[1.43, 3.44]",9.519006571183037e-09,2.217479490339712e-09,-7.3015270808433255e-09,85.50547407395031,19.918741903672643,-65.58673217027767,886.1642363286393,206.43446397863883,4.292714594498797,,2989.9639685698107
Al-K-Li-P,1000,Li,Al17K34Li17P34,17.0,17.2,"[0.2, 0.6]",1.093710606396725e-05,4.042351273016565e-06,-5.493538330828872e-06,8.207858823693659e-06,-1.643064439479612e-05,-1.5022844524592809,1.626085229334686,1.3716985940880115,0.8732675077188035,0.0,-2.616652399794572,0.1267447883814512,0.192065580167055,"[1.43, 3.44]",1.2419391077890628e-09,-6.238067047435973e-10,-1.8657458125326598e-09,11.155848185246594,-5.603409097445448,-16.75925728269204,115.61731918037604,-58.07278185932512,-1.9909037500639493,,2989.9639685698107
Al-K-Li-P,1000,P,Al17K34Li17P34,34.0,17.2,"[0.2, 0.6]",8.203258735588607e-06,2.4880817788623754e-06,7.181778348566717e-06,1.2658979621897712e-05,-1.0214803870218903e-06,-0.12452129329900943,2.5854004691526917,1.6747928840075579,1.9696102105677167,0.0,-1.697953888670438,1.651631879344678,1.6810801215041695,"[1.43, 3.44]",1.863006132601085e-09,1.6310221995456122e-09,-2.3198393305547257e-10,16.734647820600756,14.650827831076104,-2.0838199895246525,173.43505274698344,151.83869567554714,1.1422322351713554,,2989.9639685698107
Al-K-Li-P,1500,Al,Al17K34Li17P34,17.0,23.3,"[0.2, 0.6]",1.2615913134101273e-05,6.715999974182217e-06,7.583142863870095e-06,5.307951379322622e-06,-5.0327702702311784e-06,-0.398922394022151,0.4043415917031553,0.255029779246472,0.31377051244267185,1.0,-0.517810111715858,-0.007750553222913958,0.049299128271043546,"[1.94, 4.66]",9.158394843564096e-10,5.504906047169383e-10,-3.653488796394714e-10,12.8682313967833,7.734805721147496,-5.133425675635803,85.25933785057228,51.247478682478594,1.6636786831763155,,3117.969780560179
Al-K-Li-P,1500,K,Al17K34Li17P34,34.0,23.3,"[0.2, 0.6]",9.135719746515438e-05,2.0462083021605102e-05,8.065389058238256e-06,1.3093843865313039e-05,-8.329180840691611e-05,-0.9117158879428785,0.30152602656767935,0.07568576346114342,0.2918725919078335,1.0,-0.9583554992362973,-0.8069839723140104,-0.6577650447948388,"[1.94, 4.66]",1.3263967138862838e-08,1.1709975612093425e-09,-1.2092969577653495e-08,186.36868282891493,16.45339367880604,-169.9152891501089,1234.7983187533125,109.01307314076254,11.327066407520553,,3117.969780560179
Al-K-Li-P,1500,Li,Al17K34Li17P34,17.0,23.3,"[0.2, 0.6]",6.16527877826585e-05,1.2713038987927384e-05,4.098208081281827e-05,3.868891452729201e-05,-2.0670706969840224e-05,-0.3352761118071358,0.5633365902406321,0.11921994609710868,0.5505767143246655,1.0,-0.41900561640640077,-0.18056572421218342,-0.36682778306359853,"[1.94, 4.66]",4.475621920650413e-09,2.975052805175957e-09,-1.5005691154744553e-09,62.88584353831166,41.80172242907464,-21.084121109237024,416.6544115449614,276.9601404748766,1.5043840273570221,,3117.969780560179
Al-K-Li-P,1500,P,Al17K34Li17P34,34.0,23.3,"[0.2, 0.6]",1.5069457176058665e-05,3.411976496905538e-06,8.647232174063658e-06,1.1998920150190017e-05,-6.4222250019950075e-06,-0.42617493961217157,0.6000746606121691,0.45376798261474266,0.3926629805094396,0.0,-0.6722902528933649,0.23524571233612046,-0.2117908800777023,"[1.94, 4.66]",2.1879040768515453e-09,1.2554741890221138e-09,-9.324298878294315e-10,30.741692639159677,17.64035363508986,-13.101339004069818,203.68116472289637,116.87735664697925,1.7426914037601193,,3117.969780560179
Al-K-Li-P,2000,Al,Al17K34Li17P34,17.0,0.2,"[0.2, 0.6]",0.00011908730384276457,1.6568144853420043e-06,0.00013688142057758092,5.565786736801705e-05,1.7794116734816352e-05,0.14942077081794203,0.7677508047505286,0.6509209740402149,0.40711568841009094,0.0,-0.5389340327267161,0.7629079153537137,0.39721201741462897,"[0.02, 0.05]",6.220088036546577e-09,7.149498385522827e-09,9.294103489762505e-10,121.46904991961985,139.61904898913255,18.149999069512702,579.0540770808775,665.5767836235742,0.8700034185813326,,3250.1452455726712
Al-K-Li-P,2000,K,Al17K34Li17P34,34.0,0.2,"[0.2, 0.6]",0.0002374301925535824,1.4273038045560775e-05,0.0002164278985768866,6.578457879494564e-05,-2.1002293976695797e-05,-0.08845671121610228,0.5040739460698513,0.0739556304388227,0.49861920122757775,1.0,-0.22464865027646208,-0.07673738939881669,-0.25749283011419,"[0.02, 0.05]",2.48025885642253e-08,2.2608633150187825e-08,-2.1939554140374754e-09,484.3575928093081,441.5129130968487,-42.84467971245937,2308.976970404439,2104.7324613287424,1.097040603890698,,3250.1452455726712
Al-K-Li-P,2000,Li,Al17K34Li17P34,17.0,0.2,"[0.2, 0.6]",0.00017070423245109641,0.0001037128569271353,2.0371744996060416e-05,0.00017509848303326003,-0.000150332487455036,-0.8806605747054542,0.8219538468835477,0.7263562698457686,0.3847267805370502,1.0,-1.756120821266225,-0.3034082815746878,-0.24175113985461105,"[0.02, 0.05]",8.916108768898312e-09,1.0640432963439856e-09,-7.852065472554327e-09,174.11831710011833,20.779179895981624,-153.3391372041367,830.0379518733635,99.05625214922914,8.37946049708103,,3250.1452455726712
Al-K-Li-P,2000,P,Al17K34Li17P34,34.0,0.2,"[0.2, 0.6]",0.00012127595145737249,1.9499930479338088e-05,0.00013460016374875833,3.405469929012156e-05,1.3324212291385842e-05,0.10986689554910806,0.4280518734887464,0.2767491969290702,0.32655518430479785,0.0,-0.38151208750483745,0.17198630635330292,-0.39135349842631606,"[0.02, 0.05]",1.266880801629028e-08,1.4060690623347748e-08,1.3918826070574673e-09,247.40294097303988,274.584334047467,27.18139307442712,1179.3924604418835,1308.9686487046574,0.9010089444151307,,3250.1452455726712
Al-K-Li-P,2500,Al,Al17K34Li17P34,17.0,26.3,"[0.2, 0.6]",0.0002168187608992494,1.717787868678178e-05,0.00021848405007655094,0.00011083120792770122,1.6652891773015488e-06,0.007680558501463671,0.7220895085692538,0.4192484561184383,0.5879149516963251,0.0,-0.32306200616306513,0.5154349060738115,-0.3161563213646942,"[2.19, 5.26]",8.599068478953109e-09,8.665114127463801e-09,6.604564851069128e-11,221.15513611723438,222.85373107808195,1.698594960847572,800.523341885046,806.6718082441811,0.9923779828471777,,3424.2800522336333
Al-K-Li-P,2500,K,Al17K34Li17P34,34.0,26.3,"[0.2, 0.6]",0.0003224131614859308,3.775336256568294e-05,0.00013440261199601636,7.73869574960931e-05,-0.00018801054948991446,-0.5831354669995961,0.2674983452568946,0.20344891661013997,0.1736775836005818,1.0,-0.6560305663867199,-0.2491327331664399,-0.5817899946944991,"[2.19, 5.26]",2.557392028839774e-08,1.0660860338012478e-08,-1.4913059950385262e-08,657.7228494312989,274.18132847187337,-383.5415209594255,2380.7834749168496,992.4641914462914,2.3988608308853925,,3424.2800522336333
Al-K-Li-P,2500,Li,Al17K34Li17P34,17.0,26.3,"[0.2, 0.6]",0.000323820278612489,7.41571467563175e-05,0.00017364262827709504,0.0001804301175902037,-0.00015017765033539394,-0.4637685168417428,0.38261505298313203,0.17231875480464615,0.3416145862106318,1.0,-0.6592645786811954,-0.3146270690719031,-0.4560302818823917,"[2.19, 5.26]",1.2842766645808774e-08,6.886695806337434e-09,-5.95607083947134e-09,330.29668418473875,177.1154808426369,-153.18120334210184,1195.5869986982923,641.1113895567148,1.8648662590832465,,3424.2800522336333
Al-K-Li-P,2500,P,Al17K34Li17P34,34.0,26.3,"[0.2, 0.6]",0.00018593232587308555,5.764396520378302e-06,1.4190062340909785e-05,3.689826697795909e-05,-0.00017174226353217577,-0.9236815746036776,0.4686132775982674,0.4328913372876601,0.1794533199544998,1.0,-1.1123471282118715,-0.24656445363655133,-0.3441862708196046,"[2.19, 5.26]",1.474821455488931e-08,1.125560512236276e-09,-1.3622654042653033e-08,379.3019447810945,28.94772717545596,-350.35421760563855,1372.9731343824599,104.7831477275227,13.102995702636543,,3424.2800522336333
As-Li-O,1000,As,As20Li20O60,20.0,21.9,"[0.2, 0.6]",9.554006169162032e-07,2.907163457348942e-07,1.6979466800504718e-07,2.3305341728160134e-07,-7.85605948911156e-07,-0.8222790890034147,0.1697084082989994,0.06574103849943158,0.15645785280514413,1.0,-0.8571138610505025,-0.7256317840516393,-0.7399561744574119,"[1.83, 4.39]",3.2975948085992556e-10,5.860515534818698e-11,-2.7115432551173857e-10,1.146480740299444,0.2037536016060566,-0.9427271386933873,30.698692804037712,5.455799651537898,5.626799876235241,,1157.2658426496928
As-Li-O,1000,Li,As20Li20O60,20.0,21.9,"[0.2, 0.6]",6.502067852269884e-06,4.2769911635093795e-06,5.345997127296799e-06,2.0708451387559223e-05,-1.156070724973085e-06,-0.17780047074862476,2.994701822406513,2.7735982277227267,1.1293324914737208,0.0,-3.9136535843777187,1.6335428710677342,0.8947391488311078,"[1.83, 4.39]",2.244208849687801e-09,1.8451874597550803e-09,-3.9902138993272087e-10,7.8024814227238615,6.415196552756159,-1.3872848699677025,208.92281212055093,171.7762377753905,1.2162497841740614,,1157.2658426496928
As-Li-O,1000,O,As20Li20O60,60.0,21.9,"[0.2, 0.6]",1.025304074793784e-06,5.959636417236025e-07,1.7725119481052082e-06,1.4521748532521801e-06,7.472078733114243e-07,0.7287670962018831,0.8198771607739054,0.5008441027703598,0.6491176653572398,0.0,-0.09919456505762225,0.9024936404830974,-0.0041769721624952405,"[1.83, 4.39]",1.061660627304846e-09,1.8353639598176683e-09,7.737033325128224e-10,3.6910946692576214,6.381043013178749,2.6899483439211274,98.83443949748826,170.86172697481345,0.5784469187301222,,1157.2658426496928
As-Li-O,1500,As,As20Li20O60,20.0,32.1,"[0.2, 0.6]",4.213779204860825e-06,2.368354681316794e-06,1.9718918942025118e-06,6.957377123810451e-07,-2.241887310658313e-06,-0.5320372050040433,0.2492377088715369,0.22689720616338083,0.10313628536448866,1.0,-0.6776945926747178,-0.2239001803479561,-0.7284214668579658,"[2.68, 6.43]",9.24790341130818e-10,4.327674728208418e-10,-4.920228683099761e-10,5.05653504583299,2.366270273043014,-2.690264772789976,86.09261063998218,40.288138703584714,2.1369220175049177,,1213.3389506175447
As-Li-O,1500,Li,As20Li20O60,20.0,32.1,"[0.2, 0.6]",8.155546054033386e-05,4.766682122615702e-06,1.3618283540153978e-05,5.322775493945906e-05,-6.793717700017988e-05,-0.83301812717471,1.0447658266165545,0.7911503265699084,0.6823611897185388,0.0,-1.156862906966736,0.4254377461730807,0.4552899171746265,"[2.68, 6.43]",1.7898826328435346e-08,2.9887795416967424e-09,-1.4910046786738605e-08,97.86655264840061,16.341940248184773,-81.52461240021584,1666.2767953679004,278.23801993585437,5.988673998442224,,1213.3389506175447
As-Li-O,1500,O,As20Li20O60,60.0,32.1,"[0.2, 0.6]",7.3129993958663645e-06,3.9794214174236155e-07,1.0532819028624486e-05,2.560207446313953e-06,3.2198196327581217e-06,0.4402871460071648,0.6254760965167235,0.5474916395200449,0.30244545288274854,0.0,-0.2143049968175048,0.8806782822225849,-0.36020252058804103,"[2.68, 6.43]",4.814911420744048e-09,6.934855028460747e-09,2.1199436077166992e-09,26.32679782511891,37.918148503048144,11.591350677929235,448.2402938002604,645.5947334829899,0.6943059950040167,,1213.3389506175447
As-Li-O,2000,As,As20Li20O60,20.0,31.8,"[0.2, 0.6]",2.5483342452714376e-05,4.9962546632188245e-06,2.6205949218681737e-07,9.41595862811589e-07,-2.522128296052756e-05,-0.9897164395654502,0.04610824915102202,0.019156881302542728,0.041940249624114204,1.0,-1.003817980494314,-0.9655042178892285,-0.9463424178250363,"[2.65, 6.36]",4.105631416112756e-09,4.222050878958189e-11,-4.063410907323174e-09,30.58001094325725,0.31447139062418084,-30.26553955263307,382.2104440520689,3.9304842001255738,97.24258503312588,,1239.6279081323707
As-Li-O,2000,Li,As20Li20O60,20.0,31.8,"[0.2, 0.6]",0.00011523140627654429,1.6891245459523334e-05,0.0001083069642516461,3.473913802322677e-05,-6.924442024898187e-06,-0.06009162127450039,0.29321823618388093,0.2264639459130166,0.1862552421605697,0.0,-0.3116877717223058,0.14124012010372744,-0.27969672999739914,"[2.65, 6.36]",1.8564977597020073e-08,1.7449377994290357e-08,-1.1155996027297155e-09,138.27768753185316,129.96835710197533,-8.309330429877832,1728.2916102322802,1624.4357653383056,1.0639334882363574,,1239.6279081323707
As-Li-O,2000,O,As20Li20O60,60.0,31.8,"[0.2, 0.6]",3.848300569433169e-05,7.008755162884145e-06,2.1742114270496843e-06,5.3062728920444835e-06,-3.6308794267282e-05,-0.9435020371246643,0.2602710418952914,0.10223667826188426,0.23935053137028228,1.0,-1.061753999688404,-0.8572806431646355,-0.747627971099559,"[2.65, 6.36]",1.8600036960410398e-08,1.0508641976691388e-09,-1.754917276274126e-08,138.53882049959407,7.827161137378863,-130.71165936221522,1731.5554333794364,97.82935459165724,17.699753214226984,,1239.6279081323707
As-Li-O,2500,As,As20Li20O60,20.0,31.8,"[0.2, 0.6]",5.600401842296195e-05,1.0008308521134075e-05,-1.0720921757264202e-07,2.078792714581954e-06,-5.611122764053459e-05,-1.0019143129473846,0.05118927467272859,0.039193745101728905,0.03292707376036859,1.0,-1.0068087797997256,-0.9284212895962678,-0.922489658192465,"[2.65, 6.36]",7.025546516719025e-09,-1.3449094659408042e-11,-7.038995611378432e-09,67.20482210755434,-0.12865106108717042,-67.3334731686415,654.0375844079175,-1.252032615908228,-522.3806281863326,,1273.6320397004279
As-Li-O,2500,Li,As20Li20O60,20.0,31.8,"[0.2, 0.6]",0.000316289923407511,3.975681686766994e-05,0.00015102101488735872,9.207256591502228e-05,-0.0001652689085201523,-0.5225234706804688,0.4145438892805501,0.16374248279822495,0.380834656336471,1.0,-0.8156659834828548,-0.4881810178864049,-0.35248303536095427,"[2.65, 6.36]",3.9677680856520276e-08,1.8945161346819308e-08,-2.0732519509700968e-08,379.5479080890132,181.22521786483048,-198.32269022418274,3693.7616853793083,1763.6845096683742,2.0943437815155765,,1273.6320397004279
As-Li-O,2500,O,As20Li20O60,60.0,31.8,"[0.2, 0.6]",8.950050358480787e-05,4.4931077313000195e-06,-2.608752627611076e-07,8.297483471379874e-06,-8.976137884756898e-05,-1.0029147910046552,0.23369880015826353,0.2033814725755776,0.1151134475567541,1.0,-1.0725319272061091,-0.6657689820549539,-0.5302132031655911,"[2.65, 6.36]",3.3682758965044456e-08,-9.817820284328055e-11,-3.378093716788774e-08,322.2018129053083,-0.9391509459399873,-323.14096385124833,3135.6692688983658,-9.139820578558673,-343.07777072280913,,1273.6320397004279
Bi-Li-S,1000,Bi,Bi15Li45S45,15.0,32.9,"[0.2, 0.6]",4.4601334950851335e-06,5.988130890568144e-06,1.0570933644320381e-06,1.0153050453087776e-06,-3.4030401306530954e-06,-0.7629906446529219,0.46825824684590994,0.06126617256435818,0.46423296074117726,1.0,-0.8679119794920649,-0.7453796343633485,-0.8939620905611393,"[2.74, 6.58]",5.9152416902301e-10,1.401967619723597e-10,-4.513274070506503e-10,4.01412014557662,0.9513840279888344,-3.062736117587786,55.06746524359858,13.051504437982935,4.219242732151197,,2258.819535778863
Bi-Li-S,1000,Li,Bi15Li45S45,45.0,32.9,"[0.2, 0.6]",5.60455703165605e-05,1.7848975331360068e-05,9.801738671826377e-05,4.855172836787354e-05,4.197181640170327e-05,0.7488873101769707,0.7569849058691283,0.3422986397773323,0.6751724142174953,1.0,0.18754195754247704,0.8721392370971417,0.08698023381063646,"[2.74, 6.58]",2.2299092243846386e-08,3.8998599453728655e-08,1.6699507209882266e-08,151.32303985471336,264.64694413931215,113.3239042845988,2075.9160004061355,3630.543150103621,0.5717921298764581,,2258.819535778863
Bi-Li-S,1000,S,Bi15Li45S45,45.0,32.9,"[0.2, 0.6]",7.825396834544938e-06,1.3201105620750273e-06,1.1498623382770148e-05,1.1198950003131332e-05,3.673226548225211e-06,0.46939811818997884,1.272888200303921,0.2966520030883139,1.237837614364924,0.0,-0.054810252386071956,0.5384937537905559,0.31128893615716335,"[2.74, 6.58]",3.113524313743303e-09,4.575006767553155e-09,1.4614824538098516e-09,21.12857145327133,31.0462831334794,9.917711680208068,289.85103383914145,425.9065636786544,0.6805507558644565,,2258.819535778863
Bi-Li-S,1500,Bi,Bi15Li45S45,15.0,32.9,"[0.2, 0.6]",2.1014292250901118e-05,3.6873117882683585e-06,3.2917632418344045e-06,7.070895204630725e-07,-1.7722529009066713e-05,-0.8433559787533054,0.06483070492601843,0.05874233744231078,0.027429146778894978,1.0,-0.8927177860782881,-0.7752331111936666,-0.9014726625487759,"[2.74, 6.57]",1.7922651875036383e-09,2.8074762611103095e-10,-1.5115175613926074e-09,18.912863025811006,2.9625869176509636,-15.950276108160043,166.8494815405068,26.135973731431125,6.383901485937506,,2341.679268881267
Bi-Li-S,1500,Li,Bi15Li45S45,45.0,32.9,"[0.2, 0.6]",0.00015947623176092426,1.453641565431944e-05,0.0003256221801935162,7.133652016874033e-05,0.00016614594843259196,1.0418226377562425,0.7284882458153767,0.38274098463336015,0.6198422887905042,1.0,0.6222368987945244,1.3877188680612447,0.454992486704459,"[2.74, 6.57]",4.080418626619844e-08,8.331491123354634e-08,4.2510724967347897e-08,430.5858257544955,879.1798865224937,448.5940607679982,3798.632797571792,7756.134438605411,0.48975850375471364,,2341.679268881267
Bi-Li-S,1500,S,Bi15Li45S45,45.0,32.9,"[0.2, 0.6]",3.2593371382476256e-05,4.0724345827903915e-06,1.8164037130288526e-05,5.408106957133144e-06,-1.442933425218773e-05,-0.44270763164885807,0.29326065599011913,0.24626184073300628,0.1592385573614206,1.0,-0.5175934615681786,-0.025069780102166095,-0.05707287981206166,"[2.74, 6.57]",8.339462139585203e-09,4.647518606544119e-09,-3.6919435330410834e-09,88.00210273268588,49.04290025177902,-38.95920248090687,776.355499185107,432.65699482330126,1.7943902640524125,,2341.679268881267
Bi-Li-S,2000,Bi,Bi15Li45S45,15.0,23.0,"[0.2, 0.6]",0.0001005046678820074,1.2031445556728117e-05,8.989217843263634e-06,3.305575357902161e-06,-9.151545003874377e-05,-0.9105592005555704,0.09181436024308445,0.061859863386132696,0.06784713736552107,1.0,-0.9460822854981358,-0.8223625587258704,-0.8291759724867926,"[1.92, 4.6]",6.126627041321102e-09,5.479704204736201e-10,-5.578656620847482e-09,90.45420109380666,8.09029605893727,-82.36390503486939,570.3534011394167,51.01286416375891,11.180579849594354,,2457.202594937794
Bi-Li-S,2000,Li,Bi15Li45S45,45.0,23.0,"[0.2, 0.6]",0.0002719131229970176,2.9472168328616154e-05,-1.005880292400855e-06,0.0003859119087213445,-0.0002729190032894185,-1.0036992708601706,1.4315176329652786,0.5486201003054878,1.3222173493912832,1.0,-1.1919124477310854,-0.09467224712010991,0.12652245881411495,"[1.92, 4.6]",4.972635582058874e-08,-1.8395125906957923e-10,-4.991030707965832e-08,734.1654320919475,-2.715876789482308,-736.8813088814298,4629.234973380383,-17.124794041908732,-270.32354152998664,,2457.202594937794
Bi-Li-S,2000,S,Bi15Li45S45,45.0,23.0,"[0.2, 0.6]",8.494440891848736e-05,1.0893837811775841e-05,0.00013372095771513692,4.516971636712744e-05,4.877654879664956e-05,0.5742172959665365,0.5157932411314954,0.2644891518988155,0.4428184234251984,1.0,0.35507087230575674,0.8840491761033877,0.6380463595851324,"[1.92, 4.6]",1.5534284834412434e-08,2.445433986680272e-08,8.920055032390286e-09,229.34990407991586,361.0465858308697,131.69668175095381,1446.151712813431,2276.5570389025347,0.6352363187484996,,2457.202594937794
Bi-Li-S,2500,Bi,Bi15Li45S45,15.0,32.7,"[0.2, 0.6]",0.00020510037448611605,4.580125971512503e-05,5.757793777392582e-06,8.315877599182613e-06,-0.00019934258070872346,-0.9719269465410832,0.08740770538603478,0.06434698790125781,0.059157181380515705,1.0,-0.9881341941584947,-0.8594402183559791,-0.8676439377516613,"[2.72, 6.54]",9.84276546164445e-09,2.7631648098832405e-10,-9.566448980656125e-09,184.59033703750444,5.1820143996533234,-179.40832263785111,916.3043090111069,25.72345985150458,35.62134776195403,,2496.9823907563487
Bi-Li-S,2500,Li,Bi15Li45S45,45.0,32.7,"[0.2, 0.6]",0.0003995956118369717,2.7699394187262625e-05,0.0004452966213112104,0.0004784290669424301,4.570100947423871e-05,0.11436814649727424,1.0390395856692674,0.4551199690925527,0.934060530330319,0.0,-0.5164227317764756,0.3938172064086298,0.18350351061723358,"[2.72, 6.54]",5.752977141072758e-08,6.410934473538438e-08,6.5795733246568e-09,1078.9081519598235,1202.3008775402682,123.39272558044468,5355.6876515542335,5968.2077214808305,0.8973695121699586,,2496.9823907563487
Bi-Li-S,2500,S,Bi15Li45S45,45.0,32.7,"[0.2, 0.6]",0.00022460835523485694,2.3974703034688565e-05,2.477637659837679e-05,0.00011976423323954122,-0.00019983197863648015,-0.8896907616260762,0.8278169419410777,0.6398742989343127,0.5252064079273971,0.0,-1.0649226315219624,0.21482596634666296,0.19010773727971353,"[2.72, 6.54]",3.233685994247765e-08,3.5670543916589545e-09,-2.8769805550818696e-08,606.4425591341137,66.89621681561732,-539.5463423184964,3010.373885331869,332.07205051170826,9.065423846099112,,2496.9823907563487
Br-Li,1000,Br,Br25Li75,25.0,31.2,"[0.2, 0.6]",3.5762765155850356e-05,9.880948171333649e-06,9.323413393669306e-06,7.881943123700091e-06,-2.643935176218105e-05,-0.7392983078059302,0.1735834516828132,0.050472806135285375,0.16608344450591528,1.0,-0.7587026764711662,-0.6577570642005954,-0.7670027271089017,"[2.6, 6.24]",7.870388099215121e-09,2.0518234956894513e-09,-5.8185646035256705e-09,53.644147733775526,13.985120090503958,-39.65902764327157,732.6874298694996,191.01285281630243,3.835801722589459,,2268.7668272513206
Br-Li,1000,Li,Br25Li75,75.0,31.2,"[0.2, 0.6]",0.00015909667085716041,8.894418665136406e-06,0.00041197587676403694,0.0003482812883954387,0.0002528792059068765,1.5894688716265823,2.2681485465855924,0.9457420037349855,2.061569763978331,1.0,1.267870254320369,3.15935426179034,2.0525794082157858,"[2.6, 6.24]",1.0503823231918941e-07,2.719932329212222e-07,1.669550006020328e-07,715.9350188572218,1853.891445438166,1137.9564265809443,9778.449487599883,25320.990560912796,0.3861795795103909,,2268.7668272513206
Br-Li,1500,Br,Br25Li75,25.0,37.4,"[0.2, 0.6]",0.00016577989743849698,7.777408335749694e-06,8.996053603074372e-06,6.610206421645696e-06,-0.00015678384383542262,-0.9457349549488542,0.0490245769037351,0.025687827803462848,0.041755773772376416,1.0,-0.9636394950804973,-0.9122638394735716,-0.8982727005520541,"[3.11, 7.47]",2.301049168847471e-08,1.2486653681240967e-09,-2.1761826320350614e-08,248.66984615774547,13.494080404611559,-235.1757657531339,2142.1431577107796,116.24349495917923,18.428069101527168,,2398.112926243061
Br-Li,1500,Li,Br25Li75,75.0,37.4,"[0.2, 0.6]",0.00035881776602446016,1.8196880087856443e-05,0.00039751075213067947,0.0002920867574098666,3.8692986106219306e-05,0.1078346441284673,0.9076729518418476,0.5064454850958535,0.7532484040018396,0.0,-0.3106526999333147,0.7022382702583925,0.8146081481260983,"[3.11, 7.47]",1.4941328865001912e-07,1.6552521745965788e-07,1.6111928809638768e-08,1614.6799471100708,1788.7983845880576,174.11843747798684,13909.50955268006,15409.436565294827,0.9026617873885856,,2398.112926243061
Br-Li,2000,Br,Br25Li75,25.0,24.9,"[0.2, 0.6]",0.00030795384381119314,4.6134674005151796e-05,4.9784485218368905e-05,1.3742834810715166e-05,-0.00025816935859282426,-0.838337834650014,0.04652833587162752,0.01656844034703292,0.043478417904171625,1.0,-0.8682854091956027,-0.8351485285015369,-0.8763069402643544,"[2.08, 4.98]",3.059894562491921e-08,4.946691807150923e-09,-2.5652253817768285e-08,461.93076571678967,74.67672782755335,-387.2540378892363,2848.5841541758814,460.5082825457316,6.185739241059138,,2512.4885596448667
Br-Li,2000,Li,Br25Li75,75.0,24.9,"[0.2, 0.6]",0.0006392625884505362,3.150277907073094e-05,0.002199838844538299,0.000607257898079671,0.001560576256087763,2.4412131795016103,0.996550963570238,0.347149656099903,0.9341311145992777,1.0,1.7920016486499692,2.4863009608497753,1.6401805923072534,"[2.08, 4.98]",1.9055545086200438e-07,6.55741928932201e-07,4.6518647807019667e-07,2876.6816480274124,9899.274800422345,7022.593152394933,17739.6059482288,61045.76578821011,0.29059519066029776,,2512.4885596448667
Br-Li,2500,Br,Br25Li75,25.0,31.7,"[0.2, 0.6]",0.000377745020298652,5.797751990129336e-05,4.185560263675668e-05,1.6321374375936276e-05,-0.0003358894176618953,-0.8891961498164427,0.04030477323282729,0.020934558321873797,0.03444153035533839,1.0,-0.9006649129641722,-0.8587957963204246,-0.867921048987615,"[2.64, 6.33]",2.860187783359515e-08,3.169198186442088e-09,-2.5432679647153064e-08,566.617530447978,62.783403955135014,-503.834126492843,2662.668739477805,295.0339480975403,9.024957150346333,,2637.661820612372
Br-Li,2500,Li,Br25Li75,75.0,31.7,"[0.2, 0.6]",0.0007852065495062623,2.7154933127989284e-05,0.0018494834311940172,0.0007211964368206679,0.0010642768816877548,1.3554100922323837,0.8667369143465306,0.43804669730085566,0.7478956943817484,1.0,1.0146075410319377,1.890700935633649,1.731724005723291,"[2.64, 6.33]",1.7836143903652972e-07,4.2011433357173317e-07,2.417528945352035e-07,3533.4294727781803,8322.675440373077,4789.245967594898,16604.41425608133,39110.20491438123,0.4245545195283728,,2637.661820612372
Cl-Li,1000,Cl,Cl50Li50,50.0,38.0,"[0.2, 0.6]",2.1670805232569724e-05,1.6925598427883053e-06,3.070311825124679e-06,6.980903948879163e-07,-1.8600493407445047e-05,-0.8583203627103708,0.09703151197656516,0.09337500375155305,0.026386037801378256,1.0,-0.9666523630563292,-0.7799023555532231,-0.8749108862680923,"[3.17, 7.6]",1.067858151153498e-08,1.5129375553220172e-09,-9.165643956212964e-09,65.01241569770917,9.210935475374036,-55.80148022233514,994.1139297970303,140.8457009982112,7.058177301482958,,2026.4990232076661
Cl-Li,1000,Li,Cl50Li50,50.0,38.0,"[0.2, 0.6]",8.665300151077986e-05,1.0913052601320235e-05,8.011171395854527e-05,1.8214833286582848e-05,-6.541287552234591e-06,-0.07548829744138566,0.6002125799424767,0.5857002116647558,0.1311884262313721,0.0,-0.7759078171613996,0.3954926061681121,-0.09777946748666577,"[3.17, 7.6]",4.269943501966958e-08,3.947612736832565e-08,-3.223307651343933e-09,259.9590045323396,240.33514187563583,-19.62386265670375,3975.069451093698,3674.998226019371,1.0816520734485777,,2026.4990232076661
Cl-Li,1500,Cl,Cl50Li50,50.0,27.7,"[0.2, 0.6]",9.424938886679379e-05,1.2676015716766778e-05,1.7746420398974075e-05,2.4025767213727744e-06,-7.650296846781971e-05,-0.8117078464661903,0.09320640911184845,0.09214626005712201,0.014017897738623565,1.0,-0.9266666844109112,-0.7423741642966671,-0.8548345511134019,"[2.31, 5.54]",2.7800032471627364e-08,5.234527982392556e-09,-2.2565504489234808e-08,282.74816660038135,53.23926119692223,-229.50890540345912,2588.0215924747813,487.3041590390764,5.31089576082861,,2256.9757740469176
Cl-Li,1500,Li,Cl50Li50,50.0,27.7,"[0.2, 0.6]",0.0002449415448359321,3.1597369573648136e-05,0.00046304617764123104,6.268892217755523e-05,0.00021810463280529894,0.8904354422659937,0.9950461179788637,0.9476611666156975,0.30340581766568325,0.0,-0.24557833935688234,1.6497439938745129,0.4702583405971634,"[2.31, 5.54]",7.224856290276258e-08,1.3658124396416644e-07,6.433268106140386e-08,734.8246345077963,1389.138532923693,654.3138984158967,6725.921669640284,12714.920706192863,0.5289786562620397,,2256.9757740469176
Cl-Li,2000,Cl,Cl50Li50,50.0,34.6,"[0.2, 0.6]",0.0001882344878133529,1.9592515425952518e-06,4.6084773709737185e-06,1.2130965774360335e-05,-0.0001836260104423792,-0.9755173590955164,0.08472839358638141,0.027918507727374253,0.07999660996570607,1.0,-1.0018407864084196,-0.946003770953671,-0.9381206788531471,"[2.88, 6.91]",3.968570891090009e-08,9.716109603054328e-10,-3.8714097950594656e-08,564.7034634400587,13.825432112921154,-550.8780313271376,3694.5090506243555,90.45133840480082,40.845266811754165,,2368.208716697366
Cl-Li,2000,Li,Cl50Li50,50.0,34.6,"[0.2, 0.6]",0.000371792696239987,4.861816543792626e-05,0.00012024609940486363,0.0003165256545618093,-0.0002515465968351234,-0.6765775642691849,1.2001741340197107,0.3434126251160298,1.1499937916705811,1.0,-1.0275411725726993,-0.34071592234063963,-0.2903330474129532,"[2.88, 6.91]",7.838551207900462e-08,2.535163324259889e-08,-5.303387883640572e-08,1115.378088719961,360.7382982145908,-754.6397905053701,7297.236001601746,2360.08984174063,3.0919314479231166,,2368.208716697366
Cl-Li,2500,Cl,Cl50Li50,50.0,37.1,"[0.2, 0.6]",0.0002499717685675266,2.4665683729632734e-05,2.2677592603655664e-05,1.9433645782378847e-05,-0.00022729417596387095,-0.9092793848937001,0.07548792235716524,0.035771402538602226,0.06647430467648902,1.0,-0.9405470372617908,-0.8690042321845863,-0.940625024485113,"[3.09, 7.43]",4.064031884546356e-08,3.6869147237766076e-09,-3.6953404121686953e-08,749.9153057025798,68.03277781096699,-681.8825278916128,3783.3776922549964,343.2303514208268,11.0228529516502,,2456.85069336063
Cl-Li,2500,Li,Cl50Li50,50.0,37.1,"[0.2, 0.6]",0.0005213863187807328,2.9309775502519704e-05,0.0005917121502336869,0.0005070698876086926,7.032583145295411e-05,0.13488238743473702,1.1017762553989068,0.4281074026040123,1.0152019349846035,0.0,-0.30500429530092565,0.551210509907099,-0.2946161625713434,"[3.09, 7.43]",8.476679730010181e-08,9.620034529513597e-08,1.1433547995034163e-08,1564.1589563421983,1775.1364507010608,210.9774943588625,7891.296600516326,8955.693525949591,0.8811485763387146,,2456.85069336063
Cl-Li-Si,1000,Cl,Cl32Li60Si8,32.0,40.0,"[0.2, 0.6]",2.2061444533297594e-05,2.5017083360195646e-06,4.958212376568174e-06,7.690924429863207e-06,-1.710323215672942e-05,-0.7752544096065566,0.4746491316781927,0.3114908237669272,0.3581414035152365,1.0,-0.9129799547982699,-0.28999830726441544,-0.3170836487137022,"[3.33, 8.0]",7.310736026608154e-09,1.6430556845106664e-09,-5.667680342097487e-09,42.35797350393138,9.519767763010893,-32.838205740920486,680.5870717257342,152.958943249145,4.449475508059503,,1928.5803330915805
Cl-Li-Si,1000,Li,Cl32Li60Si8,60.0,40.0,"[0.2, 0.6]",6.472218580780306e-05,1.864447439739754e-07,6.467350163370817e-05,3.8398246530407044e-05,-4.8684174094884244e-08,-0.0007522022547176515,0.6879549205783556,0.3674225555968093,0.5816206997577383,0.0,-0.11502131311719899,0.6198237980764196,0.5164943747527388,"[3.33, 8.0]",4.021440108940197e-08,4.0184151726230395e-08,-3.024936317157413e-11,232.999868908091,232.82460588134938,-0.17526302674161798,3743.727222406416,3740.911182348674,1.0007527684888722,,1928.5803330915805
Cl-Li-Si,1000,Si,Cl32Li60Si8,8.0,40.0,"[0.2, 0.6]",4.109092600508511e-06,3.6402947893801155e-06,8.43823740335291e-06,1.1679209769513928e-05,4.329144802844399e-06,1.053552505073421,4.381476563171206,2.733511040366054,3.4242158614514144,0.0,-2.5581614866256044,2.9088605941065038,2.6034534239349783,"[3.33, 8.0]",3.404184534002986e-10,6.990671677534026e-10,3.586487143531041e-10,1.9723644482440852,4.050353953609396,2.077989505365311,31.690981252485933,65.0790939392773,0.4869610090462464,,1928.5803330915805
Cl-Li-Si,1500,Cl,Cl32Li60Si8,32.0,40.0,"[0.2, 0.6]",8.760084844846555e-05,1.0052219606291856e-05,2.8343609397671515e-05,5.39199499737042e-05,-5.925723905079404e-05,-0.6764459488729074,0.7471760475670703,0.33546817075682156,0.6676324980608875,1.0,-1.1135810718763222,-0.44264473036267904,-0.44222544094063176,"[3.33, 8.0]",1.8022383910744033e-08,5.831215325288966e-09,-1.2191168585455067e-08,168.19362902105385,54.419730043529306,-113.77389897752454,1677.779288800424,542.8522857885096,3.090673711290353,,2070.950447983075
Cl-Li-Si,1500,Li,Cl32Li60Si8,60.0,40.0,"[0.2, 0.6]",0.00018858194791269262,1.8845413947571272e-05,0.0005576877384958839,0.00017898667632291383,0.00036910579058319125,1.9572700073820182,1.1364611318789135,0.6059364330081108,0.9614493972253082,1.0,0.9748194020806225,2.186692268096844,0.8666465282761904,"[3.33, 8.0]",7.274536271867325e-08,2.1512767934405845e-07,1.4238231662538517e-07,678.8950124856934,2007.675858585182,1328.7808460994884,6772.170847659287,20027.137732649662,0.3381497115595711,,2070.950447983075
Cl-Li-Si,1500,Si,Cl32Li60Si8,8.0,40.0,"[0.2, 0.6]",3.152803034014949e-05,1.0455850629939432e-05,3.9798960796004796e-05,0.00010404118952490943,8.270930455855308e-06,0.2623357807837003,1.9865900906230742,0.6814047231207871,1.866072825875367,0.0,-0.6628458523787927,0.6999635938627817,0.5997893280685898,"[3.33, 8.0]",1.621588936647202e-09,2.046989736452756e-09,4.2540079980555413e-10,15.133454563271753,19.1035011820823,3.9700466188105477,150.96051367725298,190.56285790028357,0.7921822507313914,,2070.950447983075
Cl-Li-Si,2000,Cl,Cl32Li60Si8,32.0,39.9,"[0.2, 0.6]",0.00021167251531972116,4.392220635734934e-06,9.750915633818576e-05,2.2087594541202434e-05,-0.0001141633589815354,-0.5393395491573251,0.17128433747451186,0.11641309284293633,0.12564360739339012,1.0,-0.7091910712173842,-0.4763648855315116,-0.7011840091101412,"[3.32, 7.98]",3.107691726002289e-08,1.4315906715802651e-08,-1.6761010544220244e-08,406.41122941386465,187.21758016931665,-219.193649244548,2893.080537894184,1332.727784910503,2.170796295125237,,2176.5138459537648
Cl-Li-Si,2000,Li,Cl32Li60Si8,60.0,39.9,"[0.2, 0.6]",0.0004559278892586342,6.958530939132845e-05,0.000228419938495862,0.00018199513810667378,-0.0002275079507627722,-0.4989998552900846,0.6274798498027562,0.39456972848127214,0.4878992634496435,1.0,-0.9643092907110112,-0.17516983374846695,-0.13285970180811624,"[3.32, 7.98]",1.2550785056127368e-07,6.287945129342856e-08,-6.262839926784513e-08,1641.340401331083,822.3117785851032,-819.0286227459799,11684.052081924068,5853.711783842145,1.9960074075008722,,2176.5138459537648
Cl-Li-Si,2000,Si,Cl32Li60Si8,8.0,39.9,"[0.2, 0.6]",7.067245659722211e-05,5.1946760769956994e-05,0.00026158163621679804,3.309449942495667e-05,0.00019090917961957592,2.7013236671198424,1.4677588089443439,1.2155664751162558,0.8226263220971961,1.0,0.722091498785765,3.1532244490182766,0.4825927914694099,"[3.32, 7.98]",2.593962285227551e-09,9.601093997929006e-09,7.0071317127014535e-09,33.922779166666615,125.55918538406306,91.63640621739644,241.4828260033737,893.80609908927,0.27017361623447067,,2176.5138459537648
Cl-Li-Si,2500,Cl,Cl32Li60Si8,32.0,39.0,"[0.2, 0.6]",0.0003629144539458112,4.3662554933479116e-05,5.0528927694825244e-05,8.930711505312766e-05,-0.00031238552625098597,-0.8607690403469849,0.24682075578146778,0.04542536550163395,0.24260466123629595,1.0,-0.9225303099111807,-0.8316795789079128,-0.7743938132835406,"[3.25, 7.79]",4.069901318058688e-08,5.666562662063821e-09,-3.503245051852306e-08,696.7957515759575,97.01554117406447,-599.7802104018931,3788.8417940257464,527.524078955656,7.182310618932409,,2279.5297706321826
Cl-Li-Si,2500,Li,Cl32Li60Si8,60.0,39.0,"[0.2, 0.6]",0.0005963242998782093,7.185414322686657e-05,0.00015947400891993507,0.0004107255349805117,-0.0004368502909582742,-0.7325716745862858,0.5765445439782224,0.11406742638907386,0.565147974806625,1.0,-0.8449508261993762,-0.6168159734212285,-0.47261973318034467,"[3.25, 7.79]",1.2539014158556705e-07,3.3532875587616736e-08,-9.185726599795032e-08,2146.767479561553,574.1064321117663,-1572.6610474497868,11673.094059804216,3121.715996810217,3.7393196792186845,,2279.5297706321826
Cl-Li-Si,2500,Si,Cl32Li60Si8,8.0,39.0,"[0.2, 0.6]",0.0002252240511120697,2.5527099673839567e-05,0.00010214128939671723,0.00011046925405983399,-0.00012308276171535247,-0.5464903109042625,0.5601563853450551,0.06605160595092241,0.556248470913981,1.0,-0.6977592525133067,-0.5656560406114619,-0.556422653757549,"[3.25, 7.79]",6.314433418904269e-09,2.8636567366230103e-09,-3.4507766822812583e-09,108.10754453379344,49.02781891042427,-59.07972562336917,587.8370843288437,266.58981335291884,2.2050245541477205,,2279.5297706321826
Cu-Li-O-P,1000,Cu,Cu5Li25O40P10,5.0,37.7,"[0.2, 0.6]",1.0968130661520646e-05,1.3558001398289767e-06,2.4375038493431923e-07,5.213032967113156e-06,-1.0724380276586327e-05,-0.9777764878577291,0.5630662980799466,0.24577160428936756,0.5065964612573658,1.0,-1.0888526582301306,-0.5973094496513954,-0.5050741770154984,"[3.14, 7.54]",1.287170422144787e-09,2.8605447505706797e-11,-1.2585649746390802e-09,3.290439198456194,0.07312511548029577,-3.217314082975898,119.82809189541153,2.6630010552228467,44.997388063514684,,850.9057938876417
Cu-Li-O-P,1000,Li,Cu5Li25O40P10,25.0,37.7,"[0.2, 0.6]",2.4155722596049695e-05,3.9468930158682435e-06,3.736233256108269e-05,3.47856268054732e-05,1.3206609965032993e-05,0.5467280025476338,1.6166934066444825,0.9379276716566927,1.3168102573371752,0.0,-0.3415524696890738,1.5343028736243114,1.2829563081808448,"[3.14, 7.54]",1.4174034122446768e-08,2.1923375486254094e-08,7.749341363807326e-09,36.23358389407454,56.043498841624036,19.809914947549494,1319.5202703020161,2040.9389520053517,0.6465260849696186,,850.9057938876417
Cu-Li-O-P,1000,O,Cu5Li25O40P10,40.0,37.7,"[0.2, 0.6]",2.637745893748387e-06,1.021837717160639e-06,2.77835157801336e-06,7.808737671447506e-06,1.4060568426497292e-07,0.0533052424034539,2.683355361933485,0.6501077990065659,2.6034123469185637,0.0,-0.8969852620994101,0.4032303359137217,0.5191176317437127,"[3.14, 7.54]",2.4764318371794947e-09,2.608438636555978e-09,1.3200679937648349e-10,6.330590144996129,6.6680437872320635,0.33745364223593466,230.54142377184607,242.83049025004166,0.9493924075780532,,850.9057938876417
Cu-Li-O-P,1000,P,Cu5Li25O40P10,10.0,37.7,"[0.2, 0.6]",5.246941254392229e-07,7.420842702455991e-07,8.539045272703534e-07,1.905609432804314e-06,3.2921040183113053e-07,0.6274329859430913,3.932120965901641,0.817679831533242,3.8461636709306877,0.0,-0.6487031072741192,0.9866565557923648,0.6391153206666962,"[3.14, 7.54]",1.2315147946001206e-10,2.0042077994091677e-10,7.726930048090469e-11,0.3148164752635337,0.5123427163622121,0.1975262410986784,11.464687615491432,18.658010798983995,0.6144646253562962,,850.9057938876417
Cu-Li-O-P,1500,Cu,Cu5Li25O40P10,5.0,35.6,"[0.2, 0.6]",6.8848422059513275e-06,1.0616944628556754e-05,3.138943015679464e-05,2.651301378669314e-05,2.450458795084331e-05,3.55920836205386,2.9272480722779726,2.725524067680648,1.0678482257084299,1.0,0.039224636296197435,5.490272771657493,-0.238469763501861,"[2.96, 7.11]",5.265103212410272e-10,2.400470259309756e-09,1.8739599380687282e-09,2.065452661785398,9.416829047038393,7.351376385252994,49.01505354079347,223.46984196970325,0.21933632345539783,,870.5240217458031
Cu-Li-O-P,1500,Li,Cu5Li25O40P10,25.0,35.6,"[0.2, 0.6]",8.321529535472486e-05,6.89530081652665e-06,2.2091978123373125e-05,8.885016840105078e-06,-6.112331723135173e-05,-0.7345202221634755,0.1764856987243139,0.1273348760876103,0.12220078226411742,1.0,-0.7940825893325665,-0.5394128371573459,-0.5378616169726073,"[2.96, 7.11]",3.1818965910003085e-08,8.447292000775564e-09,-2.3371673909227517e-08,124.82294303208728,33.137967185059686,-91.6849758470276,2962.1609582417327,786.3938331100416,3.7667652434746794,,870.5240217458031
Cu-Li-O-P,1500,O,Cu5Li25O40P10,40.0,35.6,"[0.2, 0.6]",5.490780364268992e-06,2.1451854448501576e-06,2.2254979167706566e-05,1.577578777519287e-05,1.6764198803437573e-05,3.0531541404441978,1.785620611596575,1.075010624473205,1.425760542948309,1.0,1.8768486273983092,4.026869876344719,1.105985315547961,"[2.96, 7.11]",3.359208472149119e-09,1.361538972750643e-08,1.0256181255357311e-08,13.17787287424558,53.41195000249576,40.23407712825018,312.72280233553374,1267.5137210975809,0.24672143356739126,,870.5240217458031
Cu-Li-O-P,1500,P,Cu5Li25O40P10,10.0,35.6,"[0.2, 0.6]",4.216692001098253e-06,1.0449171474346117e-06,7.772572048198349e-06,5.466879393126272e-06,3.555880047100096e-06,0.8432866441689252,1.3588509566520768,0.04696534255494267,1.358039093322781,1.0,0.823967146508173,0.9178978316180584,0.5411122947043374,"[2.96, 7.11]",6.449332587909151e-10,1.1887968623096348e-09,5.438636035187199e-10,2.530015200658952,4.66354322891901,2.133528028260058,60.03954136238851,110.6700847153185,0.5425092202362621,,870.5240217458031
Cu-Li-O-P,2000,Cu,Cu5Li25O40P10,5.0,38.5,"[0.2, 0.6]",5.2068956181281746e-05,1.9525984379344114e-05,3.953567264388967e-05,1.3593660386518165e-05,-1.2533283537392075e-05,-0.2407054885785796,0.7907290704947036,0.5941128408820501,0.5218068562451799,0.0,-0.7146220787075832,0.47360360305651694,0.21053580740991618,"[3.21, 7.7]",2.923229443766849e-09,2.2195920722776597e-09,-7.036373714891893e-10,15.620686854384525,11.8607017931669,-3.759985061217625,272.1356864582031,206.63113308961425,1.317012022288917,,889.3462708647297
Cu-Li-O-P,2000,Li,Cu5Li25O40P10,25.0,38.5,"[0.2, 0.6]",0.00021756099231296733,2.31715012519596e-05,0.0013457597833894512,0.00031642010965962305,0.0011281987910764838,5.185666690899899,2.1922120009126598,1.4316650841407488,1.6601591923058918,1.0,2.558544121683026,5.421874289964523,2.1936090764331952,"[3.21, 7.7]",6.107100518110901e-08,3.777648825285612e-07,3.1669387734745217e-07,326.341488469451,2018.6396750841766,1692.2981866147256,5685.3559521614925,35167.71693919483,0.1616640614456578,,889.3462708647297
Cu-Li-O-P,2000,O,Cu5Li25O40P10,40.0,38.5,"[0.2, 0.6]",9.448269098048474e-06,5.781475385569777e-06,3.4483431561187606e-05,3.450099083421381e-05,2.5035162463139133e-05,2.649708872952201,4.271973249454843,4.180291622641614,0.8802939246241016,0.0,-2.593361566930361,5.767221678352867,4.435870689444791,"[3.21, 7.7]",4.243520200234266e-09,1.5487613327346906e-08,1.1244093127112637e-08,22.675845835316334,82.76023574685026,60.08438991153392,395.0470891542202,1441.8068665200965,0.2739944567663868,,889.3462708647297
Cu-Li-O-P,2000,P,Cu5Li25O40P10,10.0,38.5,"[0.2, 0.6]",8.722920437154208e-06,5.29476750612055e-06,1.014180563914117e-05,1.2734241683990304e-05,1.4188852019869629e-06,0.16266171544376304,1.48285496094187,1.448193774751872,0.3187375502821073,0.0,-1.5364463834873368,1.3599411660164074,1.3086354935168067,"[3.21, 7.7]",9.794357224580367e-10,1.1387524172399622e-09,1.5931669478192555e-10,5.2337522622925245,6.085083383484702,0.8513311211921772,91.17977832398388,106.01123747994512,0.8600954058406589,,889.3462708647297
Cu-Li-O-P,2500,Cu,Cu5Li25O40P10,5.0,25.9,"[0.2, 0.6]",0.00018647790868733967,1.528978854148984e-05,4.162357330146257e-05,8.573807838481723e-05,-0.0001448543353858771,-0.7767908617462499,0.5587842325683097,0.204409637118107,0.520054342179929,1.0,-0.8779835703835178,-0.4691642961473038,-0.4788490060051963,"[2.16, 5.18]",8.201202780770743e-09,1.8305834053400958e-09,-6.370619375430646e-09,55.9433726062019,12.487071990438771,-43.456300615763126,763.4843557309138,170.4166851129168,4.48010331397442,,908.2277097302402
Cu-Li-O-P,2500,Li,Cu5Li25O40P10,25.0,25.9,"[0.2, 0.6]",0.00018359631545504724,5.431799427822235e-05,0.0001979191942530818,4.386006402365587e-05,1.4322878798034549e-05,0.07801288801757812,0.8493052864294973,0.8265110209045842,0.19544564942805076,0.0,-1.0309443834220804,0.622077658387088,-0.09070548892265273,"[2.16, 5.18]",4.0372358941824114e-08,4.352192325895811e-08,3.1495643171339956e-09,275.39447318257083,296.87879137962267,21.484318197051834,3758.432181229276,4051.6383301051783,0.9276326944837917,,908.2277097302402
Cu-Li-O-P,2500,O,Cu5Li25O40P10,40.0,25.9,"[0.2, 0.6]",3.958597170230679e-05,1.1959771606989071e-05,5.088593691919143e-05,0.00011584997729831455,1.1299965216884644e-05,0.2854537789766106,6.032957988569414,1.068587505564587,5.937567080445892,0.0,-0.010618163916324752,2.1265568472128495,1.9261109502902474,"[2.16, 5.18]",1.3927765856653951e-08,1.7903499253137234e-08,3.975733396483281e-09,95.00633208553629,122.12624860605943,27.119916520523148,1296.5941247997189,1666.7118175226694,0.7779354002102906,,908.2277097302402
Cu-Li-O-P,2500,P,Cu5Li25O40P10,10.0,25.9,"[0.2, 0.6]",3.9964236089976045e-05,1.3113452502855966e-05,1.2772262433305624e-05,2.935117185000836e-05,-2.7191973656670423e-05,-0.6804076924040292,2.675591557827938,0.30144126795608644,2.658556628378105,1.0,-0.7536252374078762,-0.15074270149570335,-0.13971187957679676,"[2.16, 5.18]",3.51521321168422e-09,1.1234351020140037e-09,-2.391778109670216e-09,23.978541653985626,7.663357459983374,-16.315184194002253,327.2459376900446,104.58528437776864,3.128986450024954,,908.2277097302402
Cu-Li-S,1000,Cu,Cu17Li51S34,17.0,32.8,"[0.2, 0.6]",2.8208924485215132e-05,5.618153338661495e-06,1.5212931154009166e-05,9.105513476503509e-06,-1.2995993331205966e-05,-0.4607050275177073,0.39362398825908307,0.06295209778538419,0.3885574314273325,1.0,-0.4999800819249596,-0.3740758863541912,-0.4773517650709732,"[2.73, 6.56]",5.820926678743349e-09,3.139196493034338e-09,-2.681730185709011e-09,28.773102974919432,15.51718977708935,-13.255913197830083,541.8944725397455,292.2409646566286,1.8542728025020374,,1645.34976412789
Cu-Li-S,1000,Li,Cu17Li51S34,51.0,32.8,"[0.2, 0.6]",3.7287261433629306e-05,3.5169473065066117e-06,2.53332763118793e-05,3.5507532024427e-05,-1.1953985121750005e-05,-0.32059166219616037,1.264281064866186,0.895238459576596,0.8927231998072529,0.0,-0.9382396095819867,0.8522373095712052,0.8621365752209909,"[2.73, 6.56]",2.3082739113649926e-08,1.5682605413164572e-08,-7.400133700485356e-09,114.09901998690567,77.51982551435066,-36.57919447255502,2148.868973464592,1459.9594974198214,1.471868895857917,,1645.34976412789
Cu-Li-S,1000,S,Cu17Li51S34,34.0,32.8,"[0.2, 0.6]",1.6862036630555051e-06,2.82137635654782e-07,1.8057207896137815e-05,5.712806358664068e-06,1.637100423308231e-05,9.70879413428449,11.100464164779268,1.442618051289056,11.006323538386633,1.0,7.765674447541748,10.65091055011986,7.106720494533969,"[2.73, 6.56]",6.958980583055502e-10,7.452229044842442e-09,6.756330986536891e-09,3.4398554726332304,36.83670410812114,33.396848635487906,64.78406825222719,693.7592500945366,0.09338119562859774,,1645.34976412789
Cu-Li-S,1500,Cu,Cu17Li51S34,17.0,38.6,"[0.2, 0.6]",7.762154262560514e-05,1.2734811676194281e-05,4.037847384916294e-05,2.033218319731411e-05,-3.72430687764422e-05,-0.47980325456913514,0.4378084018700727,0.12052193479820689,0.4208926941401143,1.0,-0.567511930989158,-0.3264680613927442,-0.6240905642089439,"[3.22, 7.72]",1.0140053157936854e-08,5.2748226512547145e-09,-4.86523050668214e-09,79.17397347811725,41.1860433261462,-37.98793015197105,943.9800672307085,491.0553587250235,1.9223495894264528,,1732.6650397466224
Cu-Li-S,1500,Li,Cu17Li51S34,51.0,38.6,"[0.2, 0.6]",0.00012727671194650856,1.90386044118782e-05,0.0005342942192884386,5.005869706851295e-05,0.00040701750734193005,3.197894580376888,1.5823705148131286,1.4666642863051655,0.5939632290192091,1.0,1.1288580926436227,4.062186665253954,0.7788876635723148,"[3.22, 7.72]",4.9880197478036855e-08,2.0939181066117984e-07,1.5951161318314298e-07,389.46673855631616,1634.940311022622,1245.4735724663058,4643.556738353292,19493.16166560586,0.23821465281060483,,1732.6650397466224
Cu-Li-S,1500,S,Cu17Li51S34,34.0,38.6,"[0.2, 0.6]",1.1282524357965774e-05,6.662649942317121e-06,2.0706427590747248e-05,1.6955658426878743e-05,9.423903232781474e-06,0.8352654896887448,0.8739432620147813,0.2382906709476016,0.8408295792610883,1.0,0.4230431488675288,0.899624490762732,0.7184443911228566,"[3.22, 7.72]",2.947774364580877e-09,5.409948562704451e-09,2.4621741981235748e-09,23.01634969025018,42.24111228512439,19.224762594874207,274.4206760573024,503.6347964250214,0.5448802942235876,,1732.6650397466224
Cu-Li-S,2000,Cu,Cu17Li51S34,17.0,37.2,"[0.2, 0.6]",0.0001661336161605216,1.8159990353417323e-05,5.575884607884734e-06,2.6141228131390168e-05,-0.00016055773155263686,-0.9664373488235084,0.17957657352165393,0.035691516289046876,0.17599392439162972,1.0,-1.0258199783477677,-0.954436945769674,-1.0251977692896115,"[3.1, 7.44]",1.5480999703452314e-08,5.195833929103399e-10,-1.4961416310541973e-08,169.456288483732,5.687402300042429,-163.76888618368957,1441.1911765398359,48.37019673684404,29.795024080232174,,1821.7650005443475
Cu-Li-S,2000,Li,Cu17Li51S34,51.0,37.2,"[0.2, 0.6]",0.00024374608953700927,2.8806490158549804e-05,0.000535827292173183,0.00026231768628156145,0.0002920812026361737,1.1983010812233994,1.2836646090758008,0.21699657686970264,1.2651906236692396,1.0,0.8407282940026279,1.2747214477420332,0.7286899898506347,"[3.1, 7.44]",6.813972801616747e-08,1.497916377722093e-07,8.165190975604183e-08,745.8630339832483,1639.6315140499398,893.7684800666915,6343.413001088384,13944.731658939163,0.45489674209843883,,1821.7650005443475
Cu-Li-S,2000,S,Cu17Li51S34,34.0,37.2,"[0.2, 0.6]",2.79691743006069e-05,5.899149146048176e-06,5.911083500569027e-05,4.231052175827973e-05,3.114166070508337e-05,1.1134279607391782,1.4625594463280518,0.44694272112943423,1.3925955400161363,1.0,0.3442766530799035,1.238162095338772,0.08039171666000278,"[3.1, 7.44]",5.212560697350225e-09,1.1016371524830073e-08,5.8038108274798485e-09,57.05711557323807,120.58610341160814,63.528987838370064,485.2591323623765,1025.5602185386804,0.4731649332633258,,1821.7650005443475
Cu-Li-S,2500,Cu,Cu17Li51S34,17.0,34.9,"[0.2, 0.6]",0.0001366040862550878,2.9029497685930017e-05,7.113255300860866e-05,7.556562932922366e-05,-6.547153324647916e-05,-0.4792794640434167,0.5188693402646098,0.26183051611532326,0.44796224516962907,1.0,-0.6856267168251599,-0.16196568459451333,-0.571933753962151,"[2.91, 6.98]",9.829078217839096e-09,5.118202877552353e-09,-4.710875340286743e-09,139.33616798018954,72.55520406878082,-66.78096391140872,915.0301060926079,476.47496726095204,1.9204159063228845,,1887.446823645239
Cu-Li-S,2500,Li,Cu17Li51S34,51.0,34.9,"[0.2, 0.6]",0.0004411481343727444,6.872145592456692e-05,0.0008770485473329489,7.699716327490856e-05,0.00043590041296020447,0.9881044007587122,0.6931739742211142,0.612960188391273,0.3236818901094545,1.0,0.0778650624878785,1.3037854392704245,0.1559132578691187,"[2.91, 6.98]",9.522583776095497e-08,1.8931890711848975e-07,9.409306935753478e-08,1349.9132911805978,2683.7685548388235,1333.8552636582258,8864.972533336952,17624.490906132298,0.502991693805604,,1887.446823645239
Cu-Li-S,2500,S,Cu17Li51S34,34.0,34.9,"[0.2, 0.6]",7.018507664646621e-05,6.6383184522345215e-06,8.091708775805928e-05,8.446616624809167e-05,1.0732011111593069e-05,0.15291015732093555,1.422399512444167,0.444241810756844,1.3512474187123855,0.0,-0.1667374223782545,0.7217461991354335,0.5320196120136822,"[2.91, 6.98]",1.0100058160704618e-08,1.164445964300856e-08,1.5444014823039424e-09,143.17755635879107,165.07085902644093,21.893302667649863,940.2567652333588,1084.0315751272656,0.8673702748215358,,1887.446823645239
Ga-Li-O,1000,Ga,Ga10Li50O40,10.0,21.3,"[0.2, 0.6]",1.234755424554949e-06,9.706128838587278e-07,4.3094210805739124e-07,1.8836906393528616e-07,-8.038133164975578e-07,-0.6509899049743244,0.9424663527691455,0.08039593891882507,0.9390310533242955,1.0,-0.7844197134973027,-0.6236278356596525,-0.754640550616638,"[1.78, 4.26]",2.4544490069988227e-10,8.566274811683342e-11,-1.5978215258304884e-10,0.7408532547329694,0.2585652648344347,-0.48228798989853466,22.849494993303495,7.9747044189015535,2.8652466339875726,,1004.7125834937542
Ga-Li-O,1000,Li,Ga10Li50O40,50.0,21.3,"[0.2, 0.6]",6.1220247119841315e-06,3.3053468663338656e-06,5.104313101905046e-06,8.23988670071128e-06,-1.0177116100790858e-06,-0.16623774943065334,1.6432127696569638,0.6938299179453318,1.4895463239952238,0.0,-0.7866720087342516,0.600987827156412,0.13170868266563573,"[1.78, 4.26]",6.084685750851306e-09,5.0731812856370195e-09,-1.0115044652142865e-09,18.366074135952395,15.312939305715137,-3.0531348302372585,566.4489105434842,472.2837184872899,1.1993826769167535,,1004.7125834937542
Ga-Li-O,1000,O,Ga10Li50O40,40.0,21.3,"[0.2, 0.6]",3.442967764224481e-07,2.0357217544391643e-07,6.037915236444983e-07,6.013005276069042e-07,2.594947472220502e-07,0.7536949660651286,3.6022986957300813,0.9370691908365492,3.478283660779204,0.0,-0.26564176616198454,1.6084966155111138,-0.086686944772567,"[1.78, 4.26]",2.7375749535421187e-10,4.800871415252792e-10,2.0632964617106727e-10,0.8263122634138754,1.4490996567467958,0.6227873933329203,25.485233148615865,44.693325081723785,0.5702245939861255,,1004.7125834937542
Ga-Li-O,1500,Ga,Ga10Li50O40,10.0,27.4,"[0.2, 0.6]",2.6068651560040757e-06,2.2745500273041254e-06,9.237986412850072e-07,4.39757010774512e-06,-1.6830665147190686e-06,-0.64562852851927,0.6369553171780042,0.2932548300771982,0.565432295432199,1.0,-0.6816425497548284,-0.09513288960043198,-0.1013329050893621,"[2.28, 5.48]",3.392089651169617e-10,1.2020598010795335e-10,-2.1900298500900836e-10,1.5641190936024454,0.5542791847710044,-1.0098399088314411,31.578384916624973,11.190478729889282,2.8218975862293076,,1023.2338500604997
Ga-Li-O,1500,Li,Ga10Li50O40,50.0,27.4,"[0.2, 0.6]",6.265318979246519e-05,6.564921043612538e-06,6.2933516864057e-05,0.00026121747376446023,2.8032707159180597e-07,0.004474266554031359,3.296580581927717,0.6488646335995647,3.2320919263546,0.0,-0.13707200116051654,1.160657266038613,1.3782612862428079,"[2.28, 5.48]",4.076260642371615e-08,4.0944989190292913e-08,1.8238276657676931e-10,187.95956937739558,188.80055059217096,0.8409812147753826,3794.7619556846207,3811.7407321834507,0.9955456633355269,,1023.2338500604997
Ga-Li-O,1500,O,Ga10Li50O40,40.0,27.4,"[0.2, 0.6]",9.199105557367936e-07,1.4607407322225516e-06,8.079590825312382e-06,8.109000504754497e-06,7.159680269575588e-06,7.783017843339248,9.098182007285274,1.3382447317932806,8.999223126221342,1.0,6.064559766751229,8.74104923033779,8.47567709630899,"[2.28, 5.48]",4.788002277646906e-10,4.205310943852175e-09,3.726510716087484e-09,2.2077853337683044,19.391017980749716,17.183232646981413,44.573520883528865,391.4900292604887,0.11385608202519673,,1023.2338500604997
Ga-Li-O,2000,Ga,Ga10Li50O40,10.0,24.1,"[0.2, 0.6]",1.7518991080919068e-05,4.922412829887645e-06,7.245107883102618e-06,2.8114785509643614e-06,-1.027388319781645e-05,-0.5864426296218807,0.19179027267904333,0.12103855626366006,0.14877223058054415,1.0,-0.7977612506269033,-0.5556841380995832,-0.8391528779171318,"[2.01, 4.83]",1.652757305688165e-09,6.835099652136233e-10,-9.692473404745416e-10,10.51139464855144,4.347064729861571,-6.164329918689869,153.86210784490584,63.63080872117389,2.4180441980412306,,1058.4855238494013
Ga-Li-O,2000,Li,Ga10Li50O40,50.0,24.1,"[0.2, 0.6]",0.0001574883090209923,2.5892940841460924e-05,0.0001006416830398013,0.00015967697808901257,-5.6846625981190986e-05,-0.360957751940899,1.362309275776803,0.360763389265133,1.3136728435320004,1.0,-1.0370298054239413,-0.31550302689367526,-0.8777004314326899,"[2.01, 4.83]",7.428794046776386e-08,4.7473132480200474e-08,-2.6814807987563393e-08,472.46492706297687,301.92504911940387,-170.539877943573,6915.7758785811775,4419.472964521419,1.5648417659977878,,1058.4855238494013
Ga-Li-O,2000,O,Ga10Li50O40,40.0,24.1,"[0.2, 0.6]",2.116833430811677e-05,6.074860063053049e-06,2.8636262097195893e-06,5.757250136175886e-06,-1.830470809839718e-05,-0.8647212308706991,0.28685513221446046,0.14737604369897572,0.24610194761808205,1.0,-1.1018399882851009,-0.8070879008871494,-0.7599470116532648,"[2.01, 4.83]",7.988158453963664e-09,1.0806282432620244e-09,-6.9075302107016406e-09,50.80400233948025,6.872702903327014,-43.93129943615323,743.6511660217404,100.60021440099044,7.392142953667688,,1058.4855238494013
Ga-Li-O,2500,Ga,Ga10Li50O40,10.0,22.2,"[0.2, 0.6]",7.755850486396927e-05,2.0517498925527303e-05,-1.1095740732001206e-06,5.2741854467972445e-06,-7.866807893716938e-05,-1.0143062849799156,0.3210772398628978,0.10142693185667628,0.3046361295908907,1.0,-1.0546113632618994,-0.8517574995485468,-0.7937821233968021,"[1.85, 4.44]",5.724905422686509e-09,-8.190212846001784e-11,-5.806807551146528e-09,46.535102918381554,-0.6657444439200724,-47.20084736230163,532.9554511819367,-7.6246125662083255,-69.89934853135395,,1082.270986039746
Ga-Li-O,2500,Li,Ga10Li50O40,50.0,22.2,"[0.2, 0.6]",0.0002933595438755287,4.1183436104791365e-06,0.0006327774493494905,0.00023442056875133964,0.0003394179054739618,1.1570031129376706,1.0659206762381574,0.5111694732214659,0.9353569680493644,1.0,0.6263436985057156,1.6486826449486474,0.40642485966633624,"[1.85, 4.44]",1.082702436357864e-07,2.3353925256091125e-07,1.2526900892512487e-07,880.078631626586,1898.3323480484714,1018.2537164218854,10079.330973368382,21741.148285884683,0.46360619231470546,,1082.270986039746
Ga-Li-O,2500,O,Ga10Li50O40,40.0,22.2,"[0.2, 0.6]",6.174448271306544e-05,9.822576817848604e-06,0.00019752802245760046,5.765268382847551e-05,0.00013578353974453503,2.199120209258836,1.2978309870458804,0.8697924553786965,0.9632374346456756,1.0,0.5271038620127328,2.266688772770126,0.16221243927143036,"[1.85, 4.44]",1.823043518051188e-08,5.832135360955881e-08,4.009091842904693e-08,148.18675851135706,474.0672538982411,325.88049538688404,1697.1476538931813,5429.379357665896,0.31258594069263734,,1082.270986039746
I-Li,1000,I,I34Li68,34.0,33.1,"[0.2, 0.6]",4.599812325381859e-05,1.2809330647960187e-05,5.4088488152789164e-06,3.8564011691830925e-06,-4.058927443853968e-05,-0.8824115326307386,0.10755615839900501,0.04268071493413722,0.09872529454128143,1.0,-0.9391851805379203,-0.8538237506696459,-0.8917474480580547,"[2.76, 6.63]",1.0394346934844844e-08,1.2222553253727861e-09,-9.172091609472057e-09,93.83617143778993,11.034051583168988,-82.80211985462094,967.6533412148852,113.78487333820338,8.504235341887,,3004.9464285884706
I-Li,1000,Li,I34Li68,68.0,33.1,"[0.2, 0.6]",0.0001632502303916238,1.0867888602142797e-05,0.0009042941997851389,0.0006447437021138349,0.000741043969393515,4.539313467526581,4.664891915927065,1.7808620656306402,4.311582875288314,1.0,1.6253128849064518,5.187037016167732,3.0488991802562415,"[2.76, 6.63]",7.378038110470174e-08,4.08692658692518e-07,3.349122775878162e-07,666.0609399978251,3689.5203351233663,3023.459395125541,6868.52504920146,38046.91330708531,0.18052778667651767,,3004.9464285884706
I-Li,1500,I,I34Li68,34.0,31.9,"[0.2, 0.6]",8.46977773300849e-05,1.1444569024846428e-05,1.673302579546078e-08,1.3083690441063037e-06,-8.468104430428943e-05,-0.9998024384308191,0.024301728952421307,0.01933110384068404,0.014726929563817529,1.0,-1.004875988389704,-0.966213780708336,-0.9550089094083053,"[2.66, 6.39]",1.217218076545933e-08,2.404755132376959e-12,-1.2169776010326953e-08,172.78346575337318,0.03413537262273999,-172.74933038075045,1133.1593472297445,0.22386873877064237,5061.71318716673,,3149.9683547088316
I-Li,1500,Li,I34Li68,68.0,31.9,"[0.2, 0.6]",0.000413520213213505,4.3935316574053374e-05,2.797559829914807e-06,0.00021874350313169335,-0.0004107226533835902,-0.9932347688443699,1.071127142348985,0.7186555731390726,0.7942591027321334,0.0,-1.1559966434529616,0.28131450282518355,0.7961417659916441,"[2.66, 6.39]",1.188565495831063e-07,8.040920322903249e-10,-1.1805245755081598e-07,1687.1624699111003,11.414044106052412,-1675.7484258050479,11064.854583967403,74.85629896397283,147.814609286157,,3149.9683547088316
I-Li,2000,I,I34Li68,34.0,31.8,"[0.2, 0.6]",0.00019724085565399685,3.225561818042958e-05,3.0198068247426324e-06,5.1067261892452836e-06,-0.0001942210488292542,-0.984689749926658,0.042922599439917226,0.03317220663852233,0.02723883715232274,1.0,-1.0234767069519302,-0.9571322936748855,-0.959763307975389,"[2.65, 6.36]",2.021818770176293e-08,3.0954550974375696e-10,-1.990864219201917e-08,402.37134553415353,6.160405922474969,-396.21093961167855,1882.1958710398412,28.81688947263163,65.3157195479903,,3312.2147563788853
I-Li,2000,Li,I34Li68,68.0,31.8,"[0.2, 0.6]",0.0005764737121603617,4.76605889591707e-05,0.0005048752311901237,0.0008537829454172579,-7.1598480970238e-05,-0.12420077353036517,2.4423924347531507,1.9233658856072944,1.5053054425668873,0.0,-2.3757955396757957,1.470936231538793,1.3137874611381073,"[2.65, 6.36]",1.1818295635500676e-07,1.0350454175760952e-07,-1.4678414597397229e-08,2352.012745614276,2059.8909432557048,-292.12180235857113,11002.146965886534,9635.671802228668,1.1418142078419287,,3312.2147563788853
I-Li,2500,I,I34Li68,34.0,38.0,"[0.2, 0.6]",0.0003047923252637853,3.180763867390213e-05,1.4853176580074544e-05,5.42207722505696e-06,-0.00028993914868371076,-0.951267878654032,0.025676771209303534,0.016725197328803565,0.019482411402275156,1.0,-0.9644432587933439,-0.9309928641357368,-0.9714095673280301,"[3.17, 7.6]",2.3939043741039983e-08,1.1666003844947966e-09,-2.2772443356545184e-08,621.7763435381221,30.300480223352064,-591.47586331477,2228.5859618416134,108.60372152238635,20.52034617784472,,3458.207511860435
I-Li,2500,Li,I34Li68,68.0,38.0,"[0.2, 0.6]",0.0009828239670699771,0.00016018339133815177,0.0024832717438513785,0.0009065058301418663,0.0015004477767814014,1.5266699094188547,1.5685200260575347,0.9442937762630624,1.252423385383064,1.0,0.710440571895192,2.599028124421317,0.44954939996454946,"[3.17, 7.6]",1.5438620980412293e-07,3.9008299074130365e-07,2.3569678093718067e-07,4009.9217856455066,10131.748714913625,6121.826929268118,14372.45963511721,36314.46128438775,0.395777856170379,,3458.207511860435
Li-N,1000,Li,Li75N25,75.0,39.5,"[0.2, 0.6]",4.9311724304510516e-05,7.764960563041369e-06,2.936379638759572e-05,1.3334922704380398e-05,-1.9947927916914795e-05,-0.40452708150564853,0.37298257027164766,0.19083864083676227,0.32046311939133004,1.0,-0.5871085853765101,-0.20543130370298557,-0.6163361403092007,"[3.29, 7.9]",6.354634848625329e-08,3.7840129592768365e-08,-2.5706218893484934e-08,221.9027593702973,132.13708374418073,-89.76567562611658,5915.796039921803,3522.6963331095626,1.6793374962013252,,1162.3469084024512
Li-N,1000,N,Li75N25,25.0,39.5,"[0.2, 0.6]",1.4151558634273023e-05,2.002123198423496e-06,2.1625300064430274e-05,9.820654693683917e-06,7.473741430157251e-06,0.5281214333562476,0.8921869837264108,0.45632650855535317,0.7666575060093731,1.0,0.1387089368585639,1.0513619539692702,0.05370134722712794,"[3.29, 7.9]",6.078878057774614e-09,9.289263850844385e-09,3.2103857930697712e-09,21.227337951409535,32.43795009664541,11.210612145235874,565.9082480424499,864.7765231467517,0.654398255381889,,1162.3469084024512
Li-N,1500,Li,Li75N25,75.0,39.6,"[0.2, 0.6]",0.00014984608734082321,3.582523831202776e-06,1.6094635130452075e-05,2.698920256364551e-05,-0.00013375145221037113,-0.8925922230198442,0.3621726791008764,0.31641392458110307,0.1762137276669738,1.0,-1.1576928342519783,-0.5248649850897722,-0.48037473623239624,"[3.3, 7.92]",1.2050923210085286e-07,1.2943628725538224e-08,-1.0756560337531464e-07,674.3073930337044,72.42585808703433,-601.8815349466702,11218.709729489221,1204.9766726300816,9.31031279219899,,1241.6809131436498
Li-N,1500,N,Li75N25,25.0,39.6,"[0.2, 0.6]",7.277822659412198e-05,8.94266989021492e-06,1.185307613257344e-05,1.9876503577210775e-05,-6.092515046154854e-05,-0.8371343094318986,0.5319943663382489,0.4919728944427869,0.20243684681702948,1.0,-1.2274866678569512,-0.24354087897137733,-0.16523756950598123,"[3.3, 7.92]",1.9509903697766058e-08,3.1774939386538245e-09,-1.6332409759112233e-08,109.16733989118296,17.77961419886016,-91.3877256923228,1816.2587431670872,295.80623445625963,6.140028611992133,,1241.6809131436498
Li-N,2000,Li,Li75N25,75.0,39.6,"[0.2, 0.6]",0.0002752870741607249,1.6521153998687757e-05,0.0001886595405307628,0.00023331607611282873,-8.662753362996211e-05,-0.3146807160999687,0.7235526826679459,0.13061699734051962,0.7116654302421384,1.0,-0.4920981622078414,-0.23086416752680217,-0.13508420342894556,"[3.3, 7.91]",1.5664077897829147e-07,1.0734894647894579e-07,-4.929183249934568e-08,1238.791833723262,848.9679323884326,-389.82390133482943,14582.346933286062,9993.56355790142,1.4591738821490272,,1316.2160007445568
Li-N,2000,N,Li75N25,25.0,39.6,"[0.2, 0.6]",0.00015245285973707244,1.877419240615056e-05,0.0001389404530716135,0.00017182826393411952,-1.3512406665458932e-05,-0.08863334337422782,0.9840171087514098,0.23277915843057656,0.9560876182211735,0.0,-0.36625937037438583,0.09929894648676729,0.21700639192887894,"[3.3, 7.91]",2.8915675002767992e-08,2.6352782051350077e-08,-2.5628929514179147e-09,228.67928960560866,208.41067960742024,-20.268609998188424,2691.8814337545336,2453.2909823138593,1.0972532215545194,,1316.2160007445568
Li-N,2500,Li,Li75N25,75.0,39.6,"[0.2, 0.6]",0.00045049489910329124,2.1456374018185583e-05,7.601398237036605e-05,0.0001787865727408005,-0.0003744809167329252,-0.8312656091741069,0.4582632717925907,0.23217144600485928,0.39509700825754496,1.0,-1.0510706135507997,-0.5867277215410811,-0.5950550807668885,"[3.3, 7.93]",1.9641960144076992e-07,3.314274179537304e-08,-1.632768596453969e-07,2027.2270459648107,342.06292066664724,-1685.1641252981635,18285.52431486588,3085.3968062009526,5.926474117726479,,1374.1723940317288
Li-N,2500,N,Li75N25,25.0,39.6,"[0.2, 0.6]",0.0002664663623724708,4.657330381137784e-05,5.598135732019817e-05,0.000131669394242372,-0.00021048500505227265,-0.7899121043955764,0.7150529434270824,0.28741932029650163,0.6547448710941013,1.0,-1.0764153710171724,-0.5015767304241692,-0.4760627547637487,"[3.3, 7.93]",3.872719890854372e-08,8.136115721349882e-09,-3.059108318719384e-08,399.69954355870624,83.97203598029725,-315.727507578409,3605.2773353293082,757.4251284496582,4.759912498161764,,1374.1723940317288
Li-O-Sn,1000,Li,Li40O40Sn20,40.0,37.8,"[0.2, 0.6]",1.4320145325388906e-05,2.5033807749886013e-06,6.039995209833149e-05,2.3479205734990947e-05,4.6079806772942584e-05,3.2178309455592866,2.062068807519373,1.1586587434037232,1.7057660107055936,1.0,1.0513360794042117,3.368653566211658,0.9146037298544978,"[3.15, 7.56]",8.775959176345806e-09,3.7015512190956334e-08,2.8239553014610527e-08,34.368348780933374,144.95988503599557,110.5915362550622,816.9908386344633,3445.9292414308725,0.23708868679358588,,1303.5501228416485
Li-O-Sn,1000,O,Li40O40Sn20,40.0,37.8,"[0.2, 0.6]",3.938318035643865e-06,1.5605913740800497e-06,3.399625237789894e-07,1.0632215166104148e-05,-3.5983555118648755e-06,-0.913678245204641,2.5302223594650775,1.1383365254176123,2.2596935949896353,0.0,-1.6841447889879726,0.5925282618472523,0.761190652953577,"[3.15, 7.56]",2.413559186651503e-09,2.08342664294217e-10,-2.205216522357286e-09,9.451963285545276,0.8159100570695745,-8.636053228475701,224.68834509977506,19.39549223107777,11.584565239326723,,1303.5501228416485
Li-O-Sn,1000,Sn,Li40O40Sn20,20.0,37.8,"[0.2, 0.6]",1.4511535426685432e-06,6.380901919438663e-07,5.002003060054394e-07,3.9036128653755984e-07,-9.509532366631038e-07,-0.655308489902719,0.24783448503409747,0.0518936740395769,0.24234062508541654,1.0,-0.736527284084314,-0.6327399360051602,-0.7794606233314987,"[3.15, 7.56]",4.4466253518006333e-10,1.532714007349014e-10,-2.9139113444516194e-10,1.7413842512022517,0.6002403672065272,-1.1411438839957246,41.39549993637888,14.26867738430234,2.9011448518641307,,1303.5501228416485
Li-O-Sn,1500,Li,Li40O40Sn20,40.0,36.5,"[0.2, 0.6]",6.325985302598115e-05,9.901330967589668e-06,-1.4678221711216433e-06,7.358213473803381e-06,-6.47276751971028e-05,-1.0232030600911894,1.4746642621503823,1.4531479937339458,0.2509892315828302,0.0,-1.99725478163564,0.9090412058322512,0.9611958837862147,"[3.04, 7.3]",2.4164453653048346e-08,-5.606892701824392e-10,-2.4725142923230784e-08,151.82364726235477,-3.5227732106919434,-155.34642047304672,2249.5703157279213,-52.19691521519063,-43.09776366004939,,1394.2313472968576
Li-O-Sn,1500,O,Li40O40Sn20,40.0,36.5,"[0.2, 0.6]",2.3923418987024923e-05,2.758106646003836e-06,3.4899291373901916e-06,1.127798563547064e-05,-2.043348984963473e-05,-0.8541208035823398,0.6414409089263333,0.36266211795715025,0.5290771473453325,1.0,-0.9298808625641458,-0.2045566266498453,-0.1214404652737533,"[3.04, 7.3]",9.138439652981699e-09,1.3331082330882525e-09,-7.805331419893446e-09,57.416205568859816,8.37582992973646,-49.040375639123354,850.7356661393114,124.10463534024562,6.85498703418234,,1394.2313472968576
Li-O-Sn,1500,Sn,Li40O40Sn20,20.0,36.5,"[0.2, 0.6]",1.7557662683085e-05,3.5102715885444884e-06,1.010053320527952e-07,8.298230077851579e-08,-1.7456657351032206e-05,-0.9942472222028674,0.05920138495116191,0.05712049050621748,0.015558070075198221,1.0,-1.032736976831675,-0.91849599581924,-0.9125138587139932,"[3.04, 7.3]",3.353401137266423e-09,1.9291371607345528e-11,-3.3341097656590775e-09,21.069195219702,0.12120639846335422,-20.947988821238646,312.1821731802804,1.7959146745321255,173.82906749821544,,1394.2313472968576
Li-O-Sn,2000,Li,Li40O40Sn20,40.0,15.7,"[0.2, 0.6]",0.00013648803154547848,2.9308056930885226e-05,9.987994171714172e-06,0.00019867087713525198,-0.0001265000373737643,-0.9268214651598509,1.1826827276494292,0.4360104135696071,1.0993786215581756,1.0,-1.1108499488914811,-0.2388291217522669,-0.06063571233596332,"[1.31, 3.14]",3.901495584605257e-08,2.8550573056672384e-09,-3.6159898540385336e-08,327.5712757091483,23.97118601211401,-303.6000896970343,3632.0658352498544,265.78925626654683,13.66520937026678,,1397.3601659038388
Li-O-Sn,2000,O,Li40O40Sn20,40.0,15.7,"[0.2, 0.6]",6.581895047849833e-05,1.1232864943954078e-05,9.51061166817435e-05,3.995016836165156e-05,2.928716620324517e-05,0.44496556068320586,0.5394664781736218,0.17034955086484482,0.5118643488202674,1.0,0.29632328861923307,0.6370223903489227,0.5318234128137467,"[1.31, 3.14]",1.8814275637761603e-08,2.7185980345766575e-08,8.371704708004972e-09,157.96548114839598,228.25468003618437,70.28919888778839,1751.4998101888534,2530.856905266065,0.6920580166126464,,1397.3601659038388
Li-O-Sn,2000,Sn,Li40O40Sn20,20.0,15.7,"[0.2, 0.6]",5.435526407942012e-05,7.177168442752801e-06,4.220102396086804e-06,3.859987262736972e-06,-5.0135161683333314e-05,-0.9223607415480369,0.07973644398958268,0.03792219458412388,0.0701413405776344,1.0,-0.9646615568363582,-0.8888171676681105,-0.8957625803673368,"[1.31, 3.14]",7.768696654374733e-09,6.031558473839009e-10,-7.165540806990832e-09,65.22631689530414,5.064122875304165,-60.16219401999997,723.2205468618816,56.15030695557973,12.880081803186197,,1397.3601659038388
Li-O-Sn,2500,Li,Li40O40Sn20,40.0,36.1,"[0.2, 0.6]",0.0002377278911648638,1.7185902927009222e-05,0.00010786304265297139,0.0002783687515488268,-0.0001298648485118924,-0.5462751883069177,1.163206107360822,0.5636251593812692,1.017533846077837,0.0,-1.0937199439654832,0.03353037479705523,0.036270234516299515,"[3.0, 7.21]",5.307180849304838e-08,2.40799963147197e-08,-2.899181217832868e-08,570.5469387956731,258.8713023671313,-311.6756364285418,4940.677190642699,2241.7078279606653,2.203979095320977,,1431.3674799314626
Li-O-Sn,2500,O,Li40O40Sn20,40.0,36.1,"[0.2, 0.6]",0.00012905336283628485,1.6048184980940802e-05,0.00010926279584391636,7.899020663280027e-05,-1.9790566992368487e-05,-0.15335181166471812,1.5625742704885741,1.4150023095901294,0.6628776769868625,0.0,-1.758994926882219,1.0710096922980399,0.5028554584874962,"[3.0, 7.21]",2.881065122090097e-08,2.4392485660935488e-08,-4.418165559965484e-09,309.7280708070836,262.2307100253993,-47.497360781684336,2682.104329520119,2270.798771514424,1.1811281400911582,,1431.3674799314626
Li-O-Sn,2500,Sn,Li40O40Sn20,20.0,36.1,"[0.2, 0.6]",7.939068978196093e-05,2.119402759298472e-05,8.047722801620652e-06,1.0193004262299786e-05,-7.134296698034028e-05,-0.8986314034589828,0.14553534179810124,0.12937456752397558,0.06665400955887375,1.0,-1.0773135757364347,-0.8185644406884836,-0.8334783649497575,"[3.0, 7.21]",8.861828251606487e-09,8.983110926528854e-10,-7.9635171589536e-09,95.26882773835312,9.657267361944783,-85.61156037640833,824.9847509123457,83.62754636772513,9.86498811390139,,1431.3674799314626
Li-O-V,1000,Li,Li20O60V20,20.0,40.0,"[0.2, 0.6]",7.561321156121391e-06,7.292496884637121e-06,1.694787196407628e-05,5.023291089192196e-06,9.386550807954888e-06,1.241390309199584,1.1179158560666334,0.6232158046779741,0.9280829284308483,1.0,0.1254509866333713,1.3718825959893195,-0.026043161208963994,"[3.33, 8.0]",2.635632092626607e-09,5.907480231028697e-09,3.2718481384020897e-09,9.07358538734567,20.337446356891537,11.263860969545867,245.362043101882,549.9521056539689,0.44615165680675534,,1145.9292516690593
Li-O-V,1000,O,Li20O60V20,60.0,40.0,"[0.2, 0.6]",4.843410927154855e-07,1.5667543425382633e-06,5.998548752758132e-07,2.3424109117458754e-07,1.1551378256032766e-07,0.2384967625040716,3.7204151721393908,0.307693057692058,3.7076696232718853,0.0,-0.03328120718849292,0.5821049081956231,-0.3426888571270501,"[3.33, 8.0]",5.064769375806732e-10,6.272700474766404e-10,1.207931098959672e-10,1.7436279337757479,2.159477550992927,0.4158496172171793,47.150061852879354,58.395198956657794,0.8074304513950737,,1145.9292516690593
Li-O-V,1000,V,Li20O60V20,20.0,40.0,"[0.2, 0.6]",2.9898162327075493e-07,8.7931682309374e-07,6.55012855191256e-08,9.998942805661174e-08,-2.3348033775162935e-07,-0.7809186905784901,0.2246724993471075,0.21046309493743404,0.07863216665101277,1.0,-0.9321718769199534,-0.5112456870450853,-0.8110076732954454,"[3.33, 8.0]",1.042153276031738e-10,2.283163043309495e-11,-8.138369717007884e-11,0.3587779479249059,0.07860154262295072,-0.2801764053019552,9.701841837023528,2.1254922134555025,4.5645153511293435,,1145.9292516690593
Li-O-V,1500,Li,Li20O60V20,20.0,39.9,"[0.2, 0.6]",6.890127577392804e-05,8.861047780432296e-06,6.46926049151081e-05,2.379561805468421e-05,-4.208670858819936e-06,-0.0610826259970716,1.21683886016968,1.0948942688303216,0.5309457144582311,0.0,-1.0551938088225141,1.1345947288381288,0.8467966257175117,"[3.32, 7.97]",1.5785968316533836e-08,1.482171991785338e-08,-9.642483986804573e-10,82.68153092871364,77.63112589812972,-5.050405030583917,1469.5819835105683,1379.8160568397577,1.065056444462898,,1162.2771123090697
Li-O-V,1500,O,Li20O60V20,60.0,39.9,"[0.2, 0.6]",1.295353644578676e-05,6.986619008708411e-07,-2.950821034545514e-07,3.04466371369686e-06,-1.3248618549241311e-05,-1.022780041936002,0.25836982155847477,0.1636345788596672,0.19994671613601825,1.0,-1.0543139186672332,-0.7270447609478988,-0.7458739749495336,"[3.32, 7.97]",8.903352526788716e-09,-2.0281874393125548e-10,-9.106171270719971e-09,46.63273120483233,-1.0622955724363852,-47.695026777268716,828.8504198065516,-18.881247321866027,-43.8980754648913,,1162.2771123090697
Li-O-V,1500,V,Li20O60V20,20.0,39.9,"[0.2, 0.6]",7.202634750437523e-06,1.33826854779565e-06,1.639855720085541e-06,7.017551472300245e-07,-5.562779030351982e-06,-0.7723255757226994,0.1127432499694493,0.06767763513113895,0.09017082741513553,1.0,-0.8848114274237874,-0.7494561571615095,-0.874330753719337,"[3.32, 7.97]",1.6501953365716367e-09,3.757072731990335e-10,-1.2744880633726032e-09,8.643161700525027,1.967826864102649,-6.675334836422378,153.62360339712885,34.97616545884565,4.392236867071334,,1162.2771123090697
Li-O-V,2000,Li,Li20O60V20,20.0,37.5,"[0.2, 0.6]",0.00015015612619742139,4.911404951236233e-06,7.54242404533832e-05,0.00011492077169943824,-7.473188574403819e-05,-0.49769455057586287,1.0530535308152504,0.4101067130972958,0.969914543985705,1.0,-0.8266502156990103,-0.006436789504418727,-0.028409235085468,"[3.13, 7.51]",2.5172522184598327e-08,1.2644295069073724e-08,-1.2528227115524601e-08,180.18735143690566,90.50908854405984,-89.67826289284582,2343.415642311922,1177.110447399043,1.9908205279206899,,1191.327689159103
Li-O-V,2000,O,Li20O60V20,60.0,37.5,"[0.2, 0.6]",3.682283468867605e-05,8.947641590822832e-06,2.1353657956849736e-06,2.998798825778868e-06,-3.468746889299107e-05,-0.9420097389639138,0.11116267056410319,0.0448477307899271,0.10171440591154017,1.0,-1.0220238910105326,-0.9323284294306784,-0.9098699593409311,"[3.13, 7.51]",1.8519196916717188e-08,1.0739330633791124e-09,-1.7445263853338078e-08,132.56220487923375,7.687316864465904,-124.87488801476785,1724.0296947376507,99.97693203180036,17.244274851215444,,1191.327689159103
Li-O-V,2000,V,Li20O60V20,20.0,37.5,"[0.2, 0.6]",3.0966156688172157e-05,1.1800040270089852e-05,1.2311747843100676e-06,2.428499241962706e-06,-2.973498190386209e-05,-0.960241278996682,0.07453248641141044,0.015608693748935754,0.07287976543677276,1.0,-0.9733972675490087,-0.9421798800511372,-0.9171213886734964,"[3.13, 7.51]",5.191238519165711e-09,2.0639700394518738e-10,-4.984841515220523e-09,37.159388025806585,1.477409741172081,-35.6819782846345,483.2741613881003,19.21436255074197,25.15171451105144,,1191.327689159103
Li-O-V,2500,Li,Li20O60V20,20.0,37.6,"[0.2, 0.6]",0.00018702284597196768,2.0141635478686135e-05,0.00026784309276799693,0.00010534672725911631,8.082024679602925e-05,0.4321410380427168,0.7714288509155878,0.4469796672250218,0.6287381403353489,0.0,-0.06768042909609862,0.826278905353945,0.5088750478946757,"[3.13, 7.52]",2.4999603701437296e-08,3.5802958395632956e-08,1.0803354694195659e-08,224.4274151663612,321.4117113215963,96.98429615523509,2327.317935641419,3333.0475242049347,0.698255251009833,,1195.271149044958
Li-O-V,2500,O,Li20O60V20,60.0,37.6,"[0.2, 0.6]",6.669788998407223e-05,1.0925927279529647e-05,3.616227124838482e-05,9.973552927450524e-06,-3.0535618735687406e-05,-0.4578198612126929,0.254538682321273,0.18737637341735358,0.17227894671958738,1.0,-0.7179888187890371,-0.3432360719543299,-0.7236522156409876,"[3.13, 7.52]",2.6746798905634147e-08,1.4501583142772918e-08,-1.224521576286123e-08,240.11240394266,130.18417649418535,-109.92822744847464,2489.9716634507217,1350.0131820661738,1.844405444723035,,1195.271149044958
Li-O-V,2500,V,Li20O60V20,20.0,37.6,"[0.2, 0.6]",4.6931305687372525e-05,1.3799403062340812e-05,7.206361248764157e-06,2.4193394053546514e-06,-3.972494443860837e-05,-0.8464487372934284,0.08270151248552533,0.06828539415790247,0.04665452938454532,1.0,-0.939677663779164,-0.803106875463359,-0.9524503340905028,"[3.13, 7.52]",6.273372845321692e-09,9.63284321828264e-10,-5.310088523493428e-09,56.31756682484703,8.647633498516988,-47.66993332633004,584.0145833609199,89.6761767141216,6.512483078116703,,1195.271149044958
Li-O-W,1000,Li,Li80O15W5,80.0,34.0,"[0.2, 0.6]",8.664690522829179e-05,1.08345545943711e-05,0.0005450677155920832,9.318178175673929e-05,0.0004584208103637914,5.290677251033643,2.3027517212669286,1.9919725476086305,1.1552968706663174,1.0,2.4313678047639,6.415312899981161,1.6819797592257242,"[2.83, 6.8]",8.586491217350351e-08,5.401484496718603e-07,4.5428353749835685e-07,415.90514509580055,2616.3250348419992,2200.419889746199,7993.524718641074,50284.6841031305,0.15896539594932907,,1612.2865280196365
Li-O-W,1000,O,Li80O15W5,15.0,34.0,"[0.2, 0.6]",3.3437489247735564e-05,8.316775119855063e-06,2.091908604631522e-05,1.326809703792423e-05,-1.2518403201420346e-05,-0.3743822722056833,0.47505849685001184,0.05969940613834668,0.4712924318680722,1.0,-0.4953414348318498,-0.3759426225551564,-0.5240058478880414,"[2.83, 6.8]",6.212946389995128e-09,3.886929403416654e-09,-2.3260169865784743e-09,30.09374032296201,18.827177441683695,-11.266562881278315,578.3892312574118,361.8505566399636,1.5984201782862015,,1612.2865280196365
Li-O-W,1000,W,Li80O15W5,5.0,34.0,"[0.2, 0.6]",3.413265764570867e-06,4.874168681396131e-07,1.3170692548078634e-05,1.0480196414270926e-06,9.757426783507767e-06,2.8586777170381046,0.8445375367375918,0.6882072264864523,0.48950430475188283,1.0,1.751789143177168,3.1282035961500725,1.3126848854472404,"[2.83, 6.8]",2.1140380340728543e-10,8.157391455047964e-10,6.04335342097511e-10,1.02397972937126,3.95120776442359,2.92722803505233,19.680466506927107,75.9405775711944,0.259156134129697,,1612.2865280196365
Li-O-W,1500,Li,Li80O15W5,80.0,33.5,"[0.2, 0.6]",0.00024981939841143565,1.5926649653689808e-05,0.00019253101110974387,0.000817238406157935,-5.728838730169179e-05,-0.22931921086184703,3.8011252516132674,1.3153553157656428,3.566285682855356,0.0,-0.8412464628188503,1.7894641687124353,2.0531333389269943,"[2.79, 6.71]",1.5907073432606353e-07,1.225927590591961e-07,-3.647797526686741e-08,1199.133112374891,924.1488533267704,-274.9842590481205,14808.561665776106,11412.673990581328,1.297554076984705,,1672.8211576684434
Li-O-W,1500,O,Li80O15W5,15.0,33.5,"[0.2, 0.6]",0.00010635511538362508,1.9320529012033728e-05,0.00022575664076209692,0.00013358000713218157,0.00011940152537847184,1.1226683826893336,1.0908538503868233,0.30396323100480804,1.0476490238151686,1.0,0.6904457550039937,1.2983722170136098,0.9605630279866761,"[2.79, 6.71]",1.2697662599701084e-08,2.6952926934442343e-08,1.4255264334741257e-08,95.71960384526257,203.18097668588723,107.46137284062466,1182.078654603176,2509.160985978107,0.47110514678371057,,1672.8211576684434
Li-O-W,1500,W,Li80O15W5,5.0,33.5,"[0.2, 0.6]",5.320278577721813e-06,6.851926321743281e-06,1.9381195089717323e-05,3.361771464169275e-05,1.4060916511995509e-05,2.6428910265853993,1.5837102445194562,0.48737496114153944,1.506852277380951,1.0,2.2904718121112544,3.2652217343943333,1.950151284762761,"[2.79, 6.71]",2.1172810877551274e-10,7.713024275342127e-10,5.595743187587e-10,1.5960835733165437,5.814358526915196,4.218274953598653,19.710657453516273,71.80377716551304,0.2745072506155455,,1672.8211576684434
Li-O-W,2000,Li,Li80O15W5,80.0,33.5,"[0.2, 0.6]",0.00045137033734699835,6.047959869164155e-05,0.0016038874638568778,0.0004744404392879821,0.0011525171265098794,2.5533736516315715,1.6481544395463639,1.1193324569579797,1.209755308893828,1.0,1.6349958723364915,3.873660786252451,2.5954584652511636,"[2.79, 6.71]",2.0914022997911687e-07,7.431533827039612e-07,5.340131527248444e-07,2166.577619265592,7698.659826513014,5532.082207247422,19469.740964997214,69183.26454911295,0.2814226979875417,,1724.1313067081778
Li-O-W,2000,O,Li80O15W5,15.0,33.5,"[0.2, 0.6]",0.00021291881595240738,6.812087718861754e-05,0.00032116120753875635,8.510213607673824e-05,0.00010824239158634897,0.5083740067883142,0.45272274892096137,0.2735076328164273,0.3607651066576509,1.0,0.46412772835815486,1.0111429939910095,0.5891262846738392,"[2.79, 6.71]",1.8497791523959286e-08,2.7901587917729386e-08,9.403796393770101e-09,191.62693435716662,289.0450867848807,97.41815242771409,1722.0369769698061,2597.4758147895823,0.6629655480004174,,1724.1313067081778
Li-O-W,2000,W,Li80O15W5,5.0,33.5,"[0.2, 0.6]",1.791189308198768e-05,5.98286632155835e-06,7.592943278797478e-05,1.1155383539766111e-05,5.80175397059871e-05,3.2390512516139305,12.270279060164478,0.2748136303210007,12.267201216369635,1.0,2.79507984965839,3.3447071103003916,2.540674454840087,"[2.79, 6.71]",5.187117329954801e-10,2.1988456209813212e-09,1.6801338879858409e-09,5.373567924596305,22.778829836392436,17.40526191179613,48.28905026036944,204.69975894546707,0.23590184233306236,,1724.1313067081778
Li-O-W,2500,Li,Li80O15W5,80.0,33.5,"[0.2, 0.6]",0.0006935658804407277,2.4491561825304043e-05,0.004101338515711256,0.001019825733280768,0.0034077726352705283,4.913408706185277,2.567916039774024,1.9391361727055036,1.6834321165505184,1.0,2.2084359597673027,6.08670830517831,1.9484706301891292,"[2.79, 6.7]",2.4564848184638664e-07,1.4526198712116185e-06,1.206971389365232e-06,3329.1162261154927,19686.424875414028,16357.308649298535,22868.447215877757,135230.47486330997,0.1691072019009992,,1804.42371618054
Li-O-W,2500,O,Li80O15W5,15.0,33.5,"[0.2, 0.6]",0.00033129055905905196,5.690895070395697e-05,0.001231941471693837,0.00015542739644594194,0.000900650912634785,2.7186132777005745,1.5317232348614103,1.4805085533324172,0.3927728245740232,1.0,1.0040602457357153,3.9650773524005496,0.7980393495364608,"[2.79, 6.7]",2.2000709984243784e-08,8.181213226624855e-08,5.981142228200476e-08,298.1615031531467,1108.7473245244532,810.5858213713066,2048.1383446983205,7616.23444316285,0.2689174499528371,,1804.42371618054
Li-O-W,2500,W,Li80O15W5,5.0,33.5,"[0.2, 0.6]",4.533979194795065e-05,7.536712714880626e-06,0.00022166439478133802,3.140738467572336e-05,0.00017632460283338738,3.888959239949869,2.8193498659011653,0.49391882105451757,2.775748163030111,1.0,3.1425569725618514,4.1303946146708865,2.8855993435737446,"[2.79, 6.7]",1.0036583558010074e-09,4.906844792346229e-09,3.903186436545221e-09,13.601937584385194,66.4993184344014,52.897380850016205,93.43476483100281,456.7987568530742,0.20454251118081604,,1804.42371618054
Li-O-Zn,1000,Li,Li50O45Zn20,50.0,28.2,"[0.2, 0.6]",6.982133288655923e-06,3.023250045036037e-06,1.697822069492399e-05,7.38312561455444e-06,9.996087406268069e-06,1.431666654446286,0.6706960840001576,0.567628698482643,0.35725466792198424,1.0,0.48008194971707474,1.6153393466823607,0.33027994210003486,"[2.35, 5.64]",6.077621073672188e-09,1.477874850320869e-08,8.701127429536503e-09,20.94639986596777,50.93466208477197,29.988262218804202,565.7912301216331,1375.8156676649198,0.4112405778035023,,1147.200777943677
Li-O-Zn,1000,O,Li50O45Zn20,45.0,28.2,"[0.2, 0.6]",8.58337562228078e-07,1.9433844697281878e-07,7.745351966454452e-06,1.4790027291277446e-06,6.887014404226374e-06,8.02366657046794,5.869056257427777,0.8696278440723808,5.804271596476699,1.0,6.652674950981868,8.39193063912663,7.287668767836378,"[2.35, 5.64]",6.724284995386269e-10,6.067770572316624e-09,5.395342072777997e-09,2.3175114180158105,20.91245030942702,18.594938891411207,62.599188615246746,564.8742056458193,0.11081969753544907,,1147.200777943677
Li-O-Zn,1000,Zn,Li50O45Zn20,20.0,28.2,"[0.2, 0.6]",2.502816190522108e-06,5.734845925448305e-07,2.994227362268477e-07,4.406766491015718e-07,-2.2033934542952606e-06,-0.880365670734939,0.41485939152254503,0.19456804863217103,0.3664035878453231,1.0,-1.0158201693971998,-0.6266840721328577,-0.6022332005982524,"[2.35, 5.64]",8.714338609238034e-10,1.0425340545048173e-10,-7.671804554733216e-10,3.0033794286265296,0.35930728347221724,-2.6440721451543125,81.12543216581531,9.705386663495526,8.358804752308231,,1147.200777943677
Li-O-Zn,1500,Li,Li50O45Zn20,50.0,31.4,"[0.2, 0.6]",6.059649689618301e-05,5.051846040318453e-06,0.00011580074890615144,1.595636957806278e-05,5.520425200996844e-05,0.9110139172656657,0.8194611557572421,0.7649606970957177,0.29385662778611715,0.0,-0.4509256652412691,1.0789957289501664,-0.3168435918661202,"[2.61, 6.27]",3.374005490950447e-08,6.447771450137079e-08,3.073765959186632e-08,181.78949068854902,347.4022467184543,165.61275602990528,3141.003188618606,6002.500807625989,0.5232824266559132,,1195.6261111396723
Li-O-Zn,1500,O,Li50O45Zn20,45.0,31.4,"[0.2, 0.6]",5.246291686661091e-06,1.3111619305614283e-06,1.9687497663070518e-06,1.8289162315406875e-06,-3.2775419203540394e-06,-0.6247349777915174,0.534721681134899,0.4844399674075912,0.22637401408700733,0.0,-0.6598070518301917,0.3090728829849907,0.5623411314239051,"[2.61, 6.27]",2.6290158801462794e-09,9.865777026495468e-10,-1.6424381774967324e-09,14.164987553984947,5.31562436902904,-8.849363184955907,244.7461121393205,91.84465520740187,2.6647833952519004,,1195.6261111396723
Li-O-Zn,1500,Zn,Li50O45Zn20,20.0,31.4,"[0.2, 0.6]",2.0405865296577065e-05,5.9534254673182275e-06,6.319141754078217e-06,2.7200200972235843e-06,-1.4086723542498848e-05,-0.6903271847463285,0.1350177272682471,0.08019889283112513,0.10861825014860284,1.0,-0.8275050739377147,-0.6671072882754644,-0.8486229533495724,"[2.61, 6.27]",4.544784275315627e-09,1.4073961412576079e-09,-3.1373881340580193e-09,24.487038355892476,7.58297010489386,-16.904068250998616,423.0930251488359,131.02040821203252,3.2292146767253045,,1195.6261111396723
Li-O-Zn,2000,Li,Li50O45Zn20,50.0,31.2,"[0.2, 0.6]",0.00013727263930134428,2.4170506053850443e-05,1.9041132845314562e-05,8.538068022192107e-05,-0.00011823150645602972,-0.8612896718368254,0.813015364524196,0.25175195876839446,0.773055582871431,1.0,-0.8911197398174231,-0.3876158222806342,-0.3286638176067156,"[2.6, 6.24]",5.464223704807863e-08,7.57944263250896e-09,-4.7062794415569667e-08,411.81791790403287,57.12339853594368,-354.6945193680892,5086.874969872102,705.6020963959984,7.2092685039547355,,1254.3260274189965
Li-O-Zn,2000,O,Li50O45Zn20,45.0,31.2,"[0.2, 0.6]",3.164045129146345e-05,2.2142343605676735e-06,2.848072808923265e-05,8.945075217544932e-05,-3.1597232022307992e-06,-0.09986340501670683,2.518830249911856,0.6936096827645135,2.4214482104406723,0.0,-0.8706658359730965,0.5165535295559305,0.48225783021530133,"[2.6, 6.24]",1.133521249185642e-08,1.0203239575831727e-08,-1.131972916024693e-09,85.42921848695131,76.89796584092815,-8.531252646023162,1055.2424611069898,949.8623558226358,1.1109425009196081,,1254.3260274189965
Li-O-Zn,2000,Zn,Li50O45Zn20,20.0,31.2,"[0.2, 0.6]",6.055394789473732e-05,3.0632322127914423e-06,5.850378947941943e-06,8.885457909971131e-06,-5.470356894679538e-05,-0.9033856725888157,0.18284470728475083,0.022736076890883472,0.18142562605557697,1.0,-0.9235894659718858,-0.8781173121901189,-0.8754423047859453,"[2.6, 6.24]",9.641551854474574e-09,9.315120476201173e-10,-8.710039806854456e-09,72.66473747368478,7.020454737530331,-65.64428273615445,897.5724906009361,86.71836248219094,10.350431729903427,,1254.3260274189965
Li-O-Zn,2500,Li,Li50O45Zn20,50.0,35.0,"[0.2, 0.6]",0.00021874036164283992,2.143289426355019e-05,0.00016604907678317106,0.00020985307482618374,-5.269128485966887e-05,-0.24088505872411142,0.8209265344575634,0.4675307495501675,0.6747854275260866,0.0,-0.31097792617471454,0.6240835729256204,0.7104982390419732,"[2.91, 6.99]",6.699010164123996e-08,5.085318707345568e-08,-1.613691456778428e-08,656.2210849285198,498.14723034951317,-158.0738545790066,6236.389461291175,4734.13641968162,1.3173235640958956,,1304.2570630892678
Li-O-Zn,2500,O,Li50O45Zn20,45.0,35.0,"[0.2, 0.6]",8.576841745254514e-05,1.0169223022655128e-05,7.471441599281076e-05,0.0001094660235081687,-1.1054001459734385e-05,-0.12888195664622656,1.6024260517390407,0.8465522514896255,1.360558171042244,0.0,-0.5080320550551884,1.1850724479240626,1.1178452235626741,"[2.91, 6.99]",2.3640225624762447e-08,2.0593427090684798e-08,-3.0467985340776478e-09,231.5747271218719,201.72892318058905,-29.84580394128284,2200.7677304083154,1917.128479189417,1.1479500483654725,,1304.2570630892678
Li-O-Zn,2500,Zn,Li50O45Zn20,20.0,35.0,"[0.2, 0.6]",9.663679637799223e-05,2.435356010721283e-05,1.4353284499596238e-05,1.2475054650839828e-05,-8.228351187839599e-05,-0.8514718509142858,0.2551601271685283,0.20507628037517328,0.15182361385549634,1.0,-0.9164505868729717,-0.5062980261226251,-0.5148863965780757,"[2.91, 6.99]",1.1838160571784743e-08,1.758300078306668e-09,-1.0079860493478075e-08,115.96415565359067,17.223941399515482,-98.74021425407518,1102.0640068039845,163.68752710458176,6.7327305036495755,,1304.2570630892678
Li-O-Zr,1000,Li,Li42O49Zr14,42.0,37.9,"[0.2, 0.6]",6.394542652580372e-06,2.8576065808696916e-06,-7.855521915220725e-07,6.4256698458744725e-06,-7.180094844102445e-06,-1.1228472830977334,1.1205967440279296,0.5813373165019987,0.9580104316594116,1.0,-1.4412478730019884,-0.278573239997991,-0.02520807046599638,"[3.15, 7.57]",4.79921248958066e-09,-5.895702153536935e-10,-5.388782704934354e-09,16.11424748450254,-1.9795915226356227,-18.09383900713816,446.77881447029574,-54.885563503302166,-8.140188165206968,,1117.6445696286298
Li-O-Zr,1000,O,Li42O49Zr14,49.0,37.9,"[0.2, 0.6]",4.0460338782487945e-07,3.7115067267990905e-07,3.8710155187782295e-08,2.8486591656967327e-07,-3.658932326370972e-07,-0.904325677063938,5.195768544052609,0.9063714344812869,5.116102186833538,0.0,-1.4478536855215265,0.36488918344104726,0.821349095456511,"[3.15, 7.57]",3.5427197230818225e-10,3.389473108580868e-11,-3.203772412223736e-10,1.1895339602051456,0.11380785625207995,-1.0757261039530657,32.98066341749608,3.155402642451089,10.45212518167792,,1117.6445696286298
Li-O-Zr,1000,Zr,Li42O49Zr14,14.0,37.9,"[0.2, 0.6]",4.796621352168078e-07,3.5499434160117576e-07,1.513899889276939e-08,3.253230709547506e-08,-4.6452313632403846e-07,-0.9684382030990907,3.797738193946298,0.036581490936753835,3.7975620053238544,1.0,-1.0061717796322183,-0.9330087977587106,-0.9376760126031526,"[3.15, 7.57]",1.199981836169061e-10,3.787358299794813e-12,-1.1621082531711126e-10,0.4029161935821186,0.012716759069926288,-0.3901994345121923,11.171134083215943,0.35258106508728754,31.683874119701635,,1117.6445696286298
Li-O-Zr,1500,Li,Li42O49Zr14,42.0,28.2,"[0.2, 0.6]",3.6365800119792593e-05,6.690405135386196e-06,5.147771955816904e-06,3.28109686273277e-05,-3.121802816397569e-05,-0.8584446942220539,1.3159648628656544,0.20786895808120798,1.2994437335118645,1.0,-0.9460934822737308,-0.5303555661113148,-0.7505439303259369,"[2.35, 5.65]",1.7831215151188706e-08,2.52410311311886e-09,-1.5307112038069845e-08,91.64181630187733,12.972385328658598,-78.66943097321872,1659.9825873742388,234.97934274182626,7.064376672455312,,1140.4733753636433
Li-O-Zr,1500,O,Li42O49Zr14,49.0,28.2,"[0.2, 0.6]",4.185745938665718e-07,4.531270567862925e-07,2.029626841800017e-06,1.2685443061276184e-06,1.6110522479334451e-06,3.8489011792411776,6.209346080692738,2.333649276591249,5.754134148912363,1.0,2.0210278440464386,6.688326397228937,2.527006388261926,"[2.35, 5.65]",2.3944592313057334e-10,1.1610496190323296e-09,9.216036959017562e-10,1.230609305967721,5.96710291489205,4.736493608924329,22.291025016767005,108.08697749029612,0.2062322912005589,,1140.4733753636433
Li-O-Zr,1500,Zr,Li42O49Zr14,14.0,28.2,"[0.2, 0.6]",5.45793061894003e-07,1.221617116915782e-06,-2.2379314898322998e-08,1.8326294880249608e-07,-5.68172376792326e-07,-1.0410032967818659,2.0797801222166576,0.1908322857081407,2.071006614064509,1.0,-1.0609442777074582,-0.6792797062911768,-0.7081357966528292,"[2.35, 5.65]",8.920609916092712e-11,-3.657744158648035e-12,-9.286384331957515e-11,0.45846617199096246,-0.018798624514591317,-0.47726479650555376,8.304569825396731,-0.34051474119646874,-24.388282857349765,,1140.4733753636433
Li-O-Zr,2000,Li,Li42O49Zr14,42.0,30.0,"[0.2, 0.6]",9.226203278001349e-05,1.3504856580386528e-05,0.00012942468072929766,0.00024143183248445668,3.7162647949284174e-05,0.4027945930683486,2.1636046252869456,0.5625639227479533,2.08918807372278,1.0,0.294562524874741,1.4196903703706476,1.4513135745557295,"[2.5, 6.01]",3.281815842069523e-08,4.603713518701176e-08,1.3218976766316529e-08,232.50032260563398,326.15019543783006,93.64987283219608,3055.179978825595,4285.789955147216,0.7128627419447694,,1179.0793116361801
Li-O-Zr,2000,O,Li42O49Zr14,49.0,30.0,"[0.2, 0.6]",1.3054019470678502e-05,3.175346261823221e-06,2.9393689906338768e-05,2.2995547015437345e-06,1.6339670435660266e-05,1.251696496421036,0.536786835480332,0.4806831822748726,0.23892213171468785,1.0,0.3880697943521023,1.3494361589018475,0.17815448425471847,"[2.5, 6.01]",5.417291856588791e-09,1.2198097093571186e-08,6.780805236982395e-09,38.3788172437948,86.41744832463597,48.03863108084117,504.3184144442432,1135.5720068847143,0.4441095865226296,,1179.0793116361801
Li-O-Zr,2000,Zr,Li42O49Zr14,14.0,30.0,"[0.2, 0.6]",7.54789433986631e-06,2.8723588690648887e-06,3.4112629443213974e-06,5.721788535785562e-06,-4.136631395544912e-06,-0.5480510469914953,0.8650880929746154,0.17377403719550938,0.8474550091911844,1.0,-0.8088302778379439,-0.46128220344692517,-0.4930800403693696,"[2.5, 6.01]",8.949437622553005e-10,4.0446889635277525e-10,-4.904748659025253e-10,6.3402312454877,2.865460873229974,-3.474770372257726,83.31406746129433,37.6537055600119,2.2126392667651165,,1179.0793116361801
Li-O-Zr,2500,Li,Li42O49Zr14,42.0,29.5,"[0.2, 0.6]",0.00016544546559230702,3.1113929069824964e-05,0.0006157301152458862,0.00035993562993980125,0.00045028464965357916,2.721649989267018,2.306354527199295,1.480770329464094,1.7682167391220691,1.0,1.1357296749221302,4.097270333850318,0.9662302278641772,"[2.46, 5.89]",4.5534566924560044e-08,1.694637205060672e-07,1.2392915358150715e-07,416.92257329261366,1551.639890419633,1134.7173171270194,4239.00376825175,15776.088328616976,0.2686980245009421,,1219.0958496003113
Li-O-Zr,2500,O,Li42O49Zr14,49.0,29.5,"[0.2, 0.6]",5.1590613542673514e-05,1.97577841571561e-06,0.0001064929667320266,1.9820990292461545e-05,5.490235318935308e-05,1.0641926780719566,0.7543406674832971,0.630728869616342,0.4137764319673579,0.0,-0.05171591766629724,1.2097418215663867,-0.0842297222949635,"[2.46, 5.89]",1.6565472351060208e-08,3.419432673586192e-08,1.7628854384801713e-08,151.67640381546013,313.0893221921582,161.41291837669806,1542.1492826615452,3183.2932577638812,0.4844508996776611,,1219.0958496003113
Li-O-Zr,2500,Zr,Li42O49Zr14,14.0,29.5,"[0.2, 0.6]",2.0326774404776665e-05,2.552884130534081e-06,-5.853053373482942e-07,2.3960596343402024e-06,-2.0912079742124957e-05,-1.0287947967391595,0.15980270396130436,0.08671570778741655,0.13422850001498066,1.0,-1.0508480223337036,-0.8774166067588705,-0.7861458026953854,"[2.46, 5.89]",1.8648055542675345e-09,-5.369669689318936e-11,-1.918502251160724e-09,17.0744905000124,-0.4916564833725671,-17.566146983384964,173.6025684551572,-4.998850672062279,-34.72849657730172,,1219.0958496003113
Li-P,1000,Li,Li75P25,75.0,33.6,"[0.2, 0.6]",1.6638482910188883e-05,7.790661586723009e-06,1.3468251904071228e-05,2.2111128075988514e-05,-3.170231006117655e-06,-0.19053606168482498,0.727658581290074,0.5530964519645654,0.4728332959397978,0.0,-1.0071680057403034,0.09902489818882731,0.13429860131940297,"[2.8, 6.72]",1.6630883772361157e-08,1.3462100676037397e-08,-3.168783096323759e-09,74.87317309584996,60.60713356832052,-14.266039527529443,1548.238706150316,1253.243400532426,1.2353854849684944,,1498.561505774615
Li-P,1000,P,Li75P25,25.0,33.6,"[0.2, 0.6]",4.1729980792856987e-07,2.1467374727443816e-06,2.028446288443084e-06,3.3301452926843794e-06,1.611146480514514e-06,3.8608847881144905,9.141960299062607,3.7746891089738925,8.32629330736257,0.0,-1.0306468861379368,6.518731331809849,4.445694503415642,"[2.8, 6.72]",1.3903640617055704e-10,6.758399517485683e-10,5.368035455780113e-10,0.6259497118928548,3.0426694326646255,2.4167197207717708,12.943482050847825,62.916775006199146,0.20572386377993013,,1498.561505774615
Li-P,1500,Li,Li75P25,75.0,35.5,"[0.2, 0.6]",5.4309732756095775e-05,4.6915978968433866e-06,4.327648994519516e-05,8.246440631827128e-05,-1.1033242810900612e-05,-0.2031540619146617,1.591324683282966,0.3422378849457227,1.5540873455933903,1.0,-0.6932086177282539,-0.0087328478368085,-0.01990703616822509,"[2.96, 7.1]",3.638980822324399e-08,2.8997070870396416e-08,-7.392737352847575e-09,244.39379740243098,194.74420475337823,-49.64959264905275,3387.6798354062794,2699.4589163771006,1.2549477285443662,,1490.3312766187453
Li-P,1500,P,Li75P25,25.0,35.5,"[0.2, 0.6]",2.644540111014452e-07,5.274744201850625e-07,6.517849237705636e-06,1.2419920574428887e-05,6.2533952266041915e-06,23.646437429929446,2.4016743204744855,1.4911232266587913,1.8827084385388135,1.0,21.380272417659434,24.362518870977016,23.52344723935436,"[2.96, 7.1]",5.906510834235376e-11,1.455744497051826e-09,1.396679388709472e-09,0.39668101665216776,9.776773856558455,9.380092839906286,5.498618604416531,135.521359384798,0.04057381529655269,,1490.3312766187453
Li-P,2000,Li,Li75P25,75.0,33.4,"[0.2, 0.6]",0.00024455651685833293,1.2185979481896345e-05,-1.4308604864980762e-05,8.829854424920267e-05,-0.0002588651217233137,-1.0585083769134211,0.44553996052240036,0.27350595314784354,0.3517106054912073,1.0,-1.1311816341191283,-0.5841697278234412,-0.4733318612916728,"[2.78, 6.67]",1.1109731420939031e-07,-6.50012353383178e-09,-1.1759743774322209e-07,1100.5043258624983,-64.38872189241343,-1164.8930477549118,10342.514827394602,-605.1237557538497,-17.091569664968993,,1648.6249214533354
Li-P,2000,P,Li75P25,25.0,33.4,"[0.2, 0.6]",2.896401142128559e-05,1.3287742298900747e-05,-2.1550114029569035e-06,1.3298596999294193e-05,-3.1119022824242494e-05,-1.0744030711634505,0.3787012254373322,0.3000039028344412,0.23111096129746905,1.0,-1.1802551534061128,-0.5802473477372303,-0.481037494983778,"[2.78, 6.67]",4.385930798290633e-09,-3.2632672130318704e-10,-4.71225751959382e-09,43.446017131928386,-3.232517104435355,-46.67853423636374,408.30468887620873,-30.379122822827053,-13.440305411629797,,1648.6249214533354
Li-P,2500,Li,Li75P25,75.0,33.3,"[0.2, 0.6]",0.0004167267357811114,2.6367316455263595e-05,4.669356073374638e-05,3.194241104158283e-05,-0.00037003317504736503,-0.8879516077934763,0.3931556479618995,0.3842206199968366,0.08334193838391057,1.0,-1.2198165141175519,-0.4513752741238787,-0.5785474630749078,"[2.77, 6.66]",1.4620532954822567e-07,1.638207210790365e-08,-1.2982325744032202e-07,1875.2703110150012,210.12102330185868,-1665.1492877131425,13610.86718844215,1525.075785001472,8.924715297626351,,1707.7501315668324
Li-P,2500,P,Li75P25,25.0,33.3,"[0.2, 0.6]",0.00011212442069044449,1.3645431167290049e-05,7.032492459984777e-06,4.810829614913702e-06,-0.00010509192823045971,-0.9372795648202257,0.23215843354694335,0.22401532140817482,0.060948125823216584,1.0,-1.1246154995678381,-0.6765848567514885,-0.7472472291974597,"[2.77, 6.66]",1.3112659903876005e-08,8.224317355354817e-10,-1.2290228168340523e-08,168.18663103566672,10.548738689977165,-157.63789234568955,1220.712493794539,76.56361884018112,15.943766925942384,,1707.7501315668324
Li-P-Sn,1000,Li,Li42P27Sn36,42.0,33.3,"[0.2, 0.6]",4.826133186676873e-05,1.1432911674443967e-05,4.633274478419127e-05,3.730069590436962e-05,-1.928587082577457e-06,-0.03996133152523756,1.204183979473753,0.34742657296638396,1.1529760764292023,0.0,-0.321154513176381,0.37369863275638693,0.36289926569672026,"[2.77, 6.66]",1.738134739510272e-08,1.6686765609491696e-08,-6.945817856110223e-10,121.61855630425718,116.758516856162,-4.860039448095179,1618.102511597459,1553.440980689693,1.0416247103762237,,2329.0567254833522
Li-P-Sn,1000,P,Li42P27Sn36,27.0,33.3,"[0.2, 0.6]",2.0740953705004934e-05,1.5042245765357874e-06,5.959424029583187e-05,7.123157920432602e-06,3.885328659082693e-05,1.8732642261021666,1.0668377211060902,1.012252303108371,0.3368797975934955,1.0,0.4588687981809616,2.4833734043977036,0.3062185401868398,"[2.77, 6.66]",4.802057242119221e-09,1.379757928547599e-08,8.99552204335677e-09,33.60034500210799,96.54266927924763,62.94232427713964,447.043644412583,1284.4745109970127,0.3480362129300538,,2329.0567254833522
Li-P-Sn,1000,Sn,Li42P27Sn36,36.0,33.3,"[0.2, 0.6]",2.592592737617801e-05,3.3258166535698784e-06,4.456953675161842e-06,6.360924225463488e-07,-2.146897370101617e-05,-0.8280889392887406,0.06796984412093608,0.0658374800302739,0.016891593562705514,1.0,-0.901903461826493,-0.7702285017659452,-0.9132127568337896,"[2.77, 6.66]",8.003347006837679e-09,1.3758638731857491e-09,-6.6274831336519305e-09,56.0000031325445,9.627019938349578,-46.37298319419492,745.0651320966546,128.08493715771058,5.816961374460905,,2329.0567254833522
Li-P-Sn,1500,Li,Li42P27Sn36,42.0,35.8,"[0.2, 0.6]",0.00015652352696732163,2.2952162042404976e-05,0.0008059763548296962,0.00038596013229648976,0.0006494528278623746,4.14923456202188,2.515522685365962,1.1109113879039618,2.256929389417417,1.0,2.268826296224178,4.4906490720321015,2.1113388929722374,"[2.98, 7.15]",3.655809166949388e-08,1.88246189146122e-07,1.5168809747662812e-07,394.43928795765055,2031.0604141708343,1636.6211262131837,3403.3460470553227,17524.62709201781,0.19420362151988346,,2394.247550355775
Li-P-Sn,1500,P,Li42P27Sn36,27.0,35.8,"[0.2, 0.6]",8.104379645238594e-05,1.03443989263867e-05,2.9339302605332358e-05,0.00012511184265018242,-5.170449384705358e-05,-0.6379821295443693,1.6342481301726886,0.8885659681079168,1.3715748143259883,0.0,-1.4149368391106338,0.3621950971051997,0.3177841647358206,"[2.98, 7.15]",1.216853072515063e-08,4.405225579692943e-09,-7.763305145457687e-09,131.29095025286523,47.52967022063842,-83.76128003222681,1132.819549672243,410.1009209828521,2.762294576069998,,2394.247550355775
Li-P-Sn,1500,Sn,Li42P27Sn36,36.0,35.8,"[0.2, 0.6]",9.005905922175836e-05,4.595448878962461e-06,8.416975512665462e-06,1.1867809242947643e-05,-8.16420837090929e-05,-0.9065393799868618,0.15565663278129488,0.0724304034237695,0.1377781694924159,1.0,-0.999154478978749,-0.85429367213121,-0.8650570079498439,"[2.98, 7.15]",1.8029534271418642e-08,1.685051451554909e-09,-1.6344482819863732e-08,194.52756791899805,18.180667107357397,-176.34690081164064,1678.4449458581548,156.86850529782123,10.699693623468642,,2394.247550355775
Li-P-Sn,2000,Li,Li42P27Sn36,42.0,37.2,"[0.2, 0.6]",0.0003519492799036345,6.990428552894671e-06,0.000315568724617302,0.0003171403830703201,-3.6380555286332514e-05,-0.10336874476996712,1.0920886185762715,0.30158007507880263,1.0496223173786334,0.0,-0.18836781731377694,0.4147923328438283,0.38795773963386315,"[3.1, 7.43]",5.9459078522489734e-08,5.331286821044106e-08,-6.146210312048677e-09,886.9121853571589,795.233186035601,-91.67899932155797,5535.294940461235,4963.118450534207,1.1152856808939229,,2482.539194444119
Li-P-Sn,2000,P,Li42P27Sn36,27.0,37.2,"[0.2, 0.6]",0.00019878956230854852,2.6940731970797484e-05,-3.4162585693404904e-05,0.00010187494271287415,-0.00023295214800195341,-1.1718530153025837,1.2157694773788144,1.0412474261991054,0.6276139096289165,0.0,-1.3348314661255578,0.7476633862726529,0.7864706663565688,"[3.1, 7.43]",2.1589676984528883e-08,-3.7102510892000814e-09,-2.5299928073728962e-08,322.03909093984856,-55.34338882331594,-377.3824797631645,2009.8735592320622,-345.40283153096595,-5.818926122647821,,2482.539194444119
Li-P-Sn,2000,Sn,Li42P27Sn36,36.0,37.2,"[0.2, 0.6]",0.00016211198815607475,5.1320327656628104e-05,-4.82395054559373e-06,1.0343991637831796e-05,-0.00016693593870166848,-1.0297569020062194,0.10642777398581754,0.08004627767529665,0.07013889438753342,1.0,-1.0457921682332492,-0.8856996128826559,-0.8768735696736877,"[3.1, 7.43]",2.3475045127886098e-08,-6.985446174620867e-10,-2.4173589745348184e-08,350.16189441712146,-10.419733178482456,-360.5816275956039,2185.390385327586,-65.03044754152724,-33.605648860590065,,2482.539194444119
Li-P-Sn,2500,Li,Li42P27Sn36,42.0,19.5,"[0.2, 0.6]",0.0004070263774002097,6.38715510371745e-05,0.0005395192630042284,0.00028725187687251034,0.00013249288560401873,0.32551424910171056,1.0430963326895835,0.4994626239616105,0.9157439852578017,0.0,-0.033101747532211845,0.9658235003910092,-0.1974219972173783,"[1.62, 3.89]",5.312965106118822e-08,7.04241095314068e-08,1.7294458470218588e-08,1025.7064710485283,1359.5885427706555,333.8820717221272,4946.06199785337,6556.075655095116,0.7544241796553234,,2570.4536983661196
Li-P-Sn,2500,P,Li42P27Sn36,27.0,19.5,"[0.2, 0.6]",0.0003065317647496204,2.1152342322790384e-05,0.00021741497119599692,0.0001203873169672739,-8.911679355362351e-05,-0.2907261295625117,0.4716757574336293,0.23896733573582218,0.4066603405815604,1.0,-0.6387031640349091,-0.16076849256326475,-0.1612730989792237,"[1.62, 3.89]",2.572197834293103e-08,1.8243927134599942e-08,-7.478051208331086e-09,496.58145889438504,352.212253337515,-144.36920555687004,2394.566820042904,1698.4036764730188,1.4098926263605178,,2570.4536983661196
Li-P-Sn,2500,Sn,Li42P27Sn36,36.0,19.5,"[0.2, 0.6]",0.0002510688356771589,4.215578372685756e-05,1.3257416198362882e-05,1.2452890154564319e-05,-0.000237811419478796,-0.9471960900180771,0.09223403232400398,0.021910515276729492,0.0895937834844227,1.0,-0.9779258732180919,-0.9341048426646329,-0.9242210595358817,"[1.62, 3.89]",2.8090561986391055e-08,1.4832915064710176e-09,-2.660727047992004e-08,542.3086850626631,28.63601898846382,-513.6726660741994,2615.06820323781,138.08582600035808,18.937991530217072,,2570.4536983661196
Li-Rb-Se,1000,Li,Li34Rb34Se34,34.0,38.1,"[0.2, 0.6]",1.6564066717128515e-05,3.0550282176962003e-06,3.5362564214516475e-05,1.0447437327859036e-05,1.879849749738796e-05,1.134896267831913,1.0572095105781865,0.9597419833265609,0.44338163549854837,1.0,0.20330065270751585,2.1227846193606377,-0.04152074818270424,"[3.18, 7.63]",3.5658018617112872e-09,7.612617086395515e-09,4.046815224684227e-09,33.79069610294217,72.13963099761361,38.34893489467144,331.9554472468347,708.6904454137408,0.4684068331879875,,3154.304338577137
Li-Rb-Se,1000,Rb,Li34Rb34Se34,34.0,38.1,"[0.2, 0.6]",2.1400970368078884e-05,4.506888890268198e-06,6.432806761806753e-06,3.595769720540703e-06,-1.4968163606272132e-05,-0.6994151829955452,0.2152707946671799,0.11453307721960776,0.18227366584135654,1.0,-0.8026750391266941,-0.5736088846874786,-0.6519704058005622,"[3.18, 7.63]",4.607058235403731e-09,1.3848117566176974e-09,-3.2222464787860344e-09,43.657979550880924,13.122925794085775,-30.53505375679515,428.8903692174596,128.91793314620315,3.3268480090435815,,3154.304338577137
Li-Rb-Se,1000,Se,Li34Rb34Se34,34.0,38.1,"[0.2, 0.6]",7.198740227957694e-06,1.6721462598819888e-06,5.783464453147852e-06,4.111458524810453e-06,-1.4152757748098425e-06,-0.19660047869394515,0.7016509288524528,0.33451226655881067,0.6167783795507078,0.0,-0.5708324842749054,0.09819204884271593,-0.12028060965528498,"[3.18, 7.63]",1.5496968072631265e-09,1.2450256731247175e-09,-3.0467113413840907e-10,14.685430065033694,11.798267484421617,-2.8871625806120775,144.26777389844636,115.90466048990194,1.244710724216439,,3154.304338577137
Li-Rb-Se,1500,Li,Li34Rb34Se34,34.0,33.1,"[0.2, 0.6]",6.208980499982598e-05,1.4698539715749466e-06,2.0820903791970758e-05,4.416444632288981e-05,-4.126890120785522e-05,-0.6646646934705446,0.5536222394360187,0.08262824982742567,0.5474213699962844,1.0,-0.8590178739990175,-0.6937613743441662,-0.413728733364206,"[2.76, 6.63]",8.084102998486259e-09,2.7108851570130796e-09,-5.373217841473179e-09,126.66320219964499,42.47464373562035,-84.18855846402464,752.5830459811632,252.3676664129646,2.9820898084054304,,3476.8906192121203
Li-Rb-Se,1500,Rb,Li34Rb34Se34,34.0,33.1,"[0.2, 0.6]",7.831337941306526e-05,1.6072174241854043e-05,4.321510081796207e-05,1.5397666814937477e-05,-3.509827859510319e-05,-0.4481772956058596,0.25870675125263265,0.18098129980426014,0.18486468636506012,1.0,-0.7858444555635531,-0.4238818559550328,-0.779969686566932,"[2.76, 6.63]",1.0196415101263843e-08,5.626613356304668e-09,-4.5698017449591765e-09,159.75929400265312,88.15880566864263,-71.60048833401049,949.2270368690702,523.8050305691265,1.812176251605893,,3476.8906192121203
Li-Rb-Se,1500,Se,Li34Rb34Se34,34.0,33.1,"[0.2, 0.6]",2.3449046385963286e-05,1.3903971586275103e-06,4.749280853745774e-05,1.3086907918781069e-05,2.4043762151494456e-05,1.0253620448244398,0.9750713923171609,0.896642864354193,0.3831393922817581,0.0,-0.4472488327142101,1.346036895994176,-0.4840938933196798,"[2.76, 6.63]",3.0530697624342753e-09,6.18357161703555e-09,3.130501854601275e-09,47.8360546273651,96.88532941641378,49.04927478904868,284.22306616281526,575.6546104697916,0.4937388861193362,,3476.8906192121203
Li-Rb-Se,2000,Li,Li34Rb34Se34,34.0,28.6,"[0.2, 0.6]",0.0002165337983144575,3.2651201591407084e-05,0.000382005214962664,0.0003313790117180329,0.00016547141664820648,0.7641828570702088,1.3838207526106778,0.2836317704858101,1.3544419124226286,1.0,0.27797760725795495,0.8452411482295752,0.29098040274294923,"[2.38, 5.72]",1.943225820922466e-08,3.428205680687598e-08,1.4849798597651323e-08,441.7289485614932,779.2906385238344,337.56168996234123,1809.0303990596315,3191.4604179398807,0.566834665688061,,3783.260581595913
Li-Rb-Se,2000,Rb,Li34Rb34Se34,34.0,28.6,"[0.2, 0.6]",0.0001658447265251207,2.6980969117908707e-05,1.5946489111047592e-05,2.841663643936547e-05,-0.0001498982374140731,-0.9038468726430553,0.244573932837385,0.07401210852202378,0.23310644867885977,1.0,-0.9098221870054404,-0.7617979699613928,-0.6864731978189105,"[2.38, 5.72]",1.4883300314134933e-08,1.431075870596671e-09,-1.3452224443538263e-08,338.3232421112462,32.530837786537084,-305.79240432470914,1385.5488341454127,133.22485350885012,10.40007774565405,,3783.260581595913
Li-Rb-Se,2000,Se,Li34Rb34Se34,34.0,28.6,"[0.2, 0.6]",8.652060293659179e-05,3.996055277547442e-06,1.861522874038863e-05,3.580928627418784e-05,-6.790537419620315e-05,-0.784846289686271,0.45373970504750766,0.19762264166986876,0.40844217636774716,1.0,-0.8096684313027107,-0.4144231479629732,-0.34980399081852254,"[2.38, 5.72]",7.7645647458695e-09,1.6705749140449983e-09,-6.093989831824501e-09,176.50202999064723,37.9750666303928,-138.52696336025443,722.8358901734194,155.52082371873823,4.647839902653031,,3783.260581595913
Li-Rb-Se,2500,Li,Li34Rb34Se34,34.0,35.2,"[0.2, 0.6]",0.0003133403171640391,2.7681588326266032e-05,0.0005930768079512034,0.000276508124224621,0.0002797364907871643,0.892756135945051,0.9869855599718325,0.41289820352923046,0.8964683871254167,1.0,0.3080236820375626,1.1338200890960235,0.6167750449040343,"[2.93, 7.03]",2.1595443625602016e-08,4.0874908430813653e-08,1.9279464805211638e-08,639.2142470146398,1209.876688220455,570.6624412058152,2010.4104000299471,3805.2166204244277,0.5283300796173096,,3941.01392706531
Li-Rb-Se,2500,Rb,Li34Rb34Se34,34.0,35.2,"[0.2, 0.6]",0.00026238222217102466,2.8261740287320437e-05,0.0002339063536510405,4.291204716644181e-05,-2.847586851998415e-05,-0.10852819327607932,0.34754522407545896,0.2739369948028032,0.21388362643285702,0.0,-0.49083279560420023,0.05704119400140617,-0.4906127799140174,"[2.93, 7.03]",1.808340700787687e-08,1.6120847517036002e-08,-1.9625594908408708e-09,535.2597332288904,477.1689614481226,-58.09077178076774,1683.4601847914862,1500.7572924838519,1.1217404661117785,,3941.01392706531
Li-Rb-Se,2500,Se,Li34Rb34Se34,34.0,35.2,"[0.2, 0.6]",0.00012989901187747516,1.5753236841604708e-05,0.00024585410584145685,3.472558202222265e-05,0.0001159550939639817,0.8926557045203253,0.6250679908483088,0.6087357117284788,0.1419536066803648,0.0,-0.10352425814254851,1.1139471653144093,-0.10793980864259878,"[2.93, 7.03]",8.952651907072769e-09,1.6944287702506046e-08,7.991635795433278e-09,264.9939842300493,501.542375916572,236.54839168652268,833.4399058368637,1577.4147921570227,0.5283581147969224,,3941.01392706531
Li-S,1000,Li,Li75S25,75.0,33.3,"[0.2, 0.6]",5.9376804694420285e-05,8.573543235462084e-06,0.00010858981221328319,2.66679264515377e-05,4.9213007518862904e-05,0.8288254609208958,0.65384929783939,0.45190114750402877,0.47255079850700227,1.0,0.2837222115907958,1.1875245065988533,0.029057565208471914,"[2.78, 6.66]",5.280791599081628e-08,9.657646130217652e-08,4.376854531136025e-08,267.19562112489126,488.6541549597743,221.45853383488304,4916.110331069212,8990.707742155631,0.5467990365228484,,1684.2011898739258
Li-S,1000,S,Li75S25,25.0,33.3,"[0.2, 0.6]",2.2205364790515937e-06,3.2971951089054096e-06,1.526519096732923e-05,3.748887503238621e-06,1.3044654488277636e-05,5.8745508625235905,8.524947972885995,0.8350762870571833,8.48394869946818,1.0,4.509851758320624,6.180004332434991,2.943417027947893,"[2.78, 6.66]",6.582924339101887e-10,4.525464819330041e-09,3.867172385419853e-09,3.3308047185773906,22.897786450993845,19.566981732416455,61.28320299125955,421.2944959817716,0.145464048488094,,1684.2011898739258
Li-S,1500,Li,Li75S25,75.0,33.0,"[0.2, 0.6]",0.00016573739118169148,3.629400647954284e-06,4.619184511947294e-06,1.5421174957145224e-05,-0.0001611182066697442,-0.9721294966753552,0.1957881208751955,0.17569800791767065,0.086389804315106,1.0,-1.0015884681438403,-0.650192452308499,-0.9017701162889813,"[2.75, 6.6]",9.238696756062578e-08,2.5748712865522748e-09,-8.98120962740735e-08,745.8182603176117,20.78633030376282,-725.0319300138489,8600.690202581272,239.7055648852816,35.88022750617991,,1791.4087987010746
Li-S,1500,S,Li75S25,25.0,33.0,"[0.2, 0.6]",5.26422125078249e-05,3.342237266069954e-06,6.493494394271657e-07,2.1678569643259046e-06,-5.199286306839773e-05,-0.987664852815017,0.09989362260324886,0.08978987825941093,0.043778003597245915,1.0,-1.0006294814643013,-0.8210497249454795,-0.9421945781344614,"[2.75, 6.6]",9.781446710373219e-09,1.2065558485452005e-10,-9.660791125518698e-09,78.96331876173734,0.9740241591407484,-77.98929460259659,910.5958893365797,11.232334321007073,81.06915831676716,,1791.4087987010746
Li-S,2000,Li,Li75S25,75.0,33.0,"[0.2, 0.6]",0.0003041476541304643,2.102658418339705e-05,0.0006657061113186265,0.000326328290009895,0.00036155845718816216,1.1887596444622632,1.1619045404594261,0.4465140505347356,1.0726823219459216,1.0,0.37389668318622293,1.266924784255694,0.18792684575245966,"[2.75, 6.59]",1.2186611745736154e-07,2.667356399179711e-07,1.4486952246060954e-07,1368.6644435870892,2995.677500933819,1627.0130573467297,11345.02787694971,24831.539182366916,0.4568797686534837,,1869.1651548930674
Li-S,2000,S,Li75S25,25.0,33.0,"[0.2, 0.6]",0.0001229100972931048,9.457264757637976e-06,9.3582728529241e-05,4.587413463114578e-05,-2.9327368763863804e-05,-0.2386082950852001,0.41182471338317644,0.10259983217419227,0.3988394025055235,1.0,-0.4217556996811569,-0.21655603533277235,-0.4960900937943332,"[2.75, 6.59]",1.641590430393629e-08,1.2498933365692256e-08,-3.916970938244036e-09,184.3651459396572,140.3740927938615,-43.99105314579569,1528.225365993605,1163.5781169079146,1.3133844163851254,,1869.1651548930674
Li-S,2500,Li,Li75S25,75.0,32.4,"[0.2, 0.6]",0.0005445650359790989,6.114654926270989e-05,0.0002529257026929751,0.00018735699353868545,-0.00029163933328612386,-0.5355454610885398,0.32954472995137335,0.1663107901152157,0.28450035172206073,1.0,-0.5598253347136568,-0.22720375448322538,-0.3030415857082719,"[2.7, 6.48]",1.6704347344876506e-07,7.758409943881491e-08,-8.945937400995016e-08,2450.5426619059454,1138.165662118388,-1312.3769997875575,15550.777381595091,7222.629138483509,2.15306325209717,,1953.2435961503554
Li-S,2500,S,Li75S25,25.0,32.4,"[0.2, 0.6]",0.0002400136291339179,3.611991341583648e-05,3.555544551979203e-05,2.6338016680747398e-05,-0.00020445818361412586,-0.85186072287606,0.11577487669647872,0.05485266594978078,0.1019559076870321,1.0,-0.8562856501538794,-0.7465803182543178,-0.7678497058417552,"[2.7, 6.48]",2.4541121590426013e-08,3.6355040122164275e-09,-2.0905617578209587e-08,360.0204437008768,53.333168279688046,-306.68727542118876,2284.635913443365,338.44431270889254,6.750404210244354,,1953.2435961503554
Li-S-Sb,1000,Li,Li50S40Sb10,50.0,32.9,"[0.2, 0.6]",4.806965367594195e-05,9.589252553373021e-06,1.181129402420882e-05,1.2860062723511315e-05,-3.625835965173313e-05,-0.7542879317618181,1.0610824817683666,1.0177603704493805,0.300099752513153,0.0,-1.6665587091689311,0.36896203172982966,0.14702155212441892,"[2.74, 6.58]",2.4508394180371107e-08,6.022008223255606e-09,-1.84863859571155e-08,144.20896102782584,35.43388207262646,-108.77507895519938,2281.5891816104318,560.61399668336,4.069804170264223,,1958.5788184722055
Li-S-Sb,1000,S,Li50S40Sb10,40.0,32.9,"[0.2, 0.6]",3.8896697788860215e-06,3.7494866880557787e-06,3.970186096152955e-06,5.424189373492738e-06,8.051631726693324e-08,0.020700039294850536,0.9412493088780542,0.22320266444395026,0.9144018985372548,0.0,-0.3728665163404069,0.07353881254749361,-0.42658479580860686,"[2.74, 6.58]",1.5865237692798504e-09,1.6193648736461576e-09,3.284110436630712e-11,9.335207469326452,9.52844663076709,0.1932391614406388,147.6961502135388,150.75346632665722,0.9797197624199651,,1958.5788184722055
Li-S-Sb,1000,Sb,Li50S40Sb10,10.0,32.9,"[0.2, 0.6]",3.979790624409159e-06,3.058815527195676e-06,1.5931560501643027e-06,1.8687032341777656e-06,-2.386634574244856e-06,-0.5996884759733251,0.24151796354979324,0.08010490823601579,0.22784672565946332,1.0,-0.7344756267581594,-0.5742658102861278,-0.6562812239137157,"[2.74, 6.58]",4.058205954047935e-10,1.6245466102790555e-10,-2.43365934376888e-10,2.387874374645495,0.9558936300985815,-1.4319807445469137,37.77954089264043,15.123585591760978,2.4980544900160417,,1958.5788184722055
Li-S-Sb,1500,Li,Li50S40Sb10,50.0,32.8,"[0.2, 0.6]",0.00014315541264474005,8.68432298418454e-06,0.00030126756644905983,0.00017361253341306455,0.00015811215380431978,1.1044790475138857,1.2225690312747142,0.4568739264341348,1.1339934971491898,1.0,0.25879656211390456,1.1725444149821742,0.103863830006099,"[2.73, 6.56]",4.6146433371554745e-08,9.711420214793253e-08,5.096776877637779e-08,429.46623793422015,903.8026993471796,474.3364614129594,4295.964981449945,9040.768292314788,0.47517698082161675,,2065.205584143811
Li-S-Sb,1500,S,Li50S40Sb10,40.0,32.8,"[0.2, 0.6]",4.2710576584846934e-05,4.972484712250772e-06,6.311626768179498e-06,1.4847127316695801e-05,-3.6398949816667435e-05,-0.8522233303116126,0.4687030283873958,0.2035377792510938,0.422202441060031,1.0,-0.9462310133084105,-0.539155454806223,-0.43704820653639354,"[2.73, 6.56]",1.101427177762108e-08,1.6276524023396373e-09,-9.386619375281442e-09,102.50538380363264,15.147904243630792,-87.35747956000185,1025.364744266441,151.52498712357968,6.766968034322824,,2065.205584143811
Li-S-Sb,1500,Sb,Li50S40Sb10,10.0,32.8,"[0.2, 0.6]",2.9546326539714703e-05,7.375775683707916e-06,6.3811821160501985e-06,6.146643001589856e-06,-2.3165144423664504e-05,-0.7840279025051412,0.21727158000800773,0.10448304730701163,0.19049995355541918,1.0,-0.8751470792638832,-0.66618098464986,-0.8197201932135609,"[2.73, 6.56]",1.9048634820714085e-09,4.1139736166432247e-10,-1.4934661204070859e-09,17.727795923828822,3.828709269630119,-13.899086654198703,177.33172892329793,38.298705447954376,4.630227754415381,,2065.205584143811
Li-S-Sb,2000,Li,Li50S40Sb10,50.0,34.4,"[0.2, 0.6]",0.0003454709452124443,1.6251816705529815e-05,0.0013607943108177082,0.0006949262386407257,0.0010153233656052638,2.938954432132924,2.2909135042464417,1.0009265480413798,2.0606869556933383,1.0,2.108633599610537,4.110486695693297,2.1758092266987292,"[2.86, 6.87]",8.018851364031367e-08,3.15858901209665e-07,2.3567038756935137e-07,1036.4128356373328,4082.382932453125,3045.970096815792,7465.084977199017,29404.629557186985,0.25387447791786333,,2151.0687245770177
Li-S-Sb,2000,S,Li50S40Sb10,40.0,34.4,"[0.2, 0.6]",8.590727315917359e-05,6.057702090687885e-06,9.073720729488752e-05,7.957168677023007e-05,4.829934135713935e-06,0.05622264516259031,0.9432060008507848,0.22552256874558246,0.915847766294882,0.0,-0.24194335096963016,0.20910178652153477,-0.24342946574889424,"[2.86, 6.87]",1.595219891221903e-08,1.684907373122378e-08,8.968748190047504e-10,206.1774555820166,217.76929750773004,11.591841925713453,1485.0570866926346,1568.5509243239449,0.9467700816488974,,2151.0687245770177
Li-S-Sb,2000,Sb,Li50S40Sb10,10.0,34.4,"[0.2, 0.6]",9.377428054006636e-05,2.6023653105525358e-05,8.027874133175593e-05,4.942321749400076e-05,-1.3495539208310426e-05,-0.1439151452891635,0.5177907641388569,0.15288950002706242,0.49470402889907444,1.0,-0.43084233745820155,-0.1250633374040767,-0.44444858640325624,"[2.86, 6.87]",4.353257649249542e-09,3.7267579421766315e-09,-6.264997070729103e-10,56.264568324039814,48.167244799053556,-8.097323524986258,405.2630084285766,346.9395236902544,1.1681085052459832,,2151.0687245770177
Li-S-Sb,2500,Li,Li50S40Sb10,50.0,32.0,"[0.2, 0.6]",0.0005831946034189812,9.661130481262845e-05,6.814373592523407e-05,0.00010901491344046318,-0.0005150508674937472,-0.8831543784429056,1.1193308248748814,1.1099319699132768,0.14474984517959047,0.0,-1.4853637340571035,0.7345002057694503,0.6931551595159777,"[2.67, 6.4]",1.056419710530875e-07,1.2343801770214587e-08,-9.329816928287291e-08,1749.5838102569437,204.43120777570218,-1545.1526024812415,9834.654057905198,1149.136266194934,8.558301001560151,,2205.067605924884
Li-S-Sb,2500,S,Li50S40Sb10,40.0,32.0,"[0.2, 0.6]",0.0001590575614548619,4.1295143041129035e-05,0.00010849775809103926,1.620892839902639e-05,-5.055980336382264e-05,-0.31787110842995503,0.3584768167292783,0.33445534354721435,0.1290164768743566,1.0,-0.6967112300686434,-0.027800542974214748,-0.05118102800257196,"[2.67, 6.4]",2.304980766897448e-08,1.5722939756140282e-08,-7.326867912834197e-09,381.73814749166854,260.3946194184942,-121.34352807317435,2145.8032471932847,1463.714390535359,1.4659985999102256,,2205.067605924884
Li-S-Sb,2500,Sb,Li50S40Sb10,10.0,32.0,"[0.2, 0.6]",0.0001684388216130665,1.1849657315816758e-05,4.198080143260953e-05,4.953333229772667e-06,-0.000126458020180457,-0.7507652865854952,0.18831556176769212,0.18819080190840082,0.006853676455342237,1.0,-0.7887751133569926,-0.41239350954019094,-0.39837314601664997,"[2.67, 6.4]",6.102322968266545e-09,1.5209107161586625e-09,-4.581412252107883e-09,101.06329296783991,25.188480859565715,-75.8748121082742,568.0908330681575,141.58795597314952,4.012282182927263,,2205.067605924884
Li-S-Sn,1000,Li,Li81S18Sn9,81.0,29.5,"[0.2, 0.6]",5.5067442910587587e-05,3.231637843789353e-06,5.656829592191608e-05,0.00017732468361261394,1.5008530113284923e-06,0.027254815767737958,2.7668297480246395,0.5756050633886844,2.706293713837321,0.0,-0.17043471476283012,0.9807754120145387,1.0608610087175228,"[2.45, 5.89]",4.704545195666937e-08,4.8327667082458364e-08,1.2822151257889974e-09,267.6277725454556,274.92191818051214,7.294145635056509,4379.658391257555,4499.025173836907,0.9734683008058048,,1893.5518279320786
Li-S-Sn,1000,S,Li81S18Sn9,18.0,29.5,"[0.2, 0.6]",3.7153020306081754e-06,2.0492710354519417e-06,-5.180933126792206e-07,5.808802795936619e-06,-4.233395343287396e-06,-1.1394485047005483,2.047039092143122,0.42873780858094157,2.001637563660152,1.0,-1.193415777791821,-0.3359401606299379,-0.35277920621039416,"[2.45, 5.89]",7.053494726832597e-10,-9.835992925700078e-11,-8.037094019402606e-10,4.0125261930568294,-0.5595407776935583,-4.572066970750388,65.6639400478412,-9.1567382524179,-7.171105937259063,,1893.5518279320786
Li-S-Sn,1000,Sn,Li81S18Sn9,9.0,29.5,"[0.2, 0.6]",2.6152832808310762e-06,2.5327727469980887e-06,1.8819968292564161e-06,1.9033780810888102e-06,-7.332864515746601e-07,-0.28038509516324317,2.7517781818347373,0.06471001015593936,2.751017225792545,1.0,-0.37991787157549595,-0.25049785126361723,-0.2210596741609171,"[2.45, 5.89]",2.4825554798159696e-10,1.7864839253597382e-10,-6.960715544562315e-11,1.412252971648781,1.0162782877984646,-0.3959746838503164,23.111149934222432,16.63112796058349,1.3896321397440314,,1893.5518279320786
Li-S-Sn,1500,Li,Li81S18Sn9,81.0,27.7,"[0.2, 0.6]",0.0002023605539212778,2.29375336048396e-05,8.7240493077531e-05,0.0002798367374712971,-0.0001151200608437468,-0.5688858753002364,1.2140412075987972,0.21097885464160598,1.1955684742590287,1.0,-0.6303344135676097,-0.2083767042843977,-0.14563390425740552,"[2.31, 5.53]",1.0779514652936917e-07,4.647201024289175e-08,-6.132313628647741e-08,983.4722920574101,423.98879635680066,-559.4834957006094,10035.10219157883,4326.274297595187,2.319571414405454,,2024.581782592331
Li-S-Sn,1500,S,Li81S18Sn9,18.0,27.7,"[0.2, 0.6]",2.7150629151749385e-05,1.4784387010801647e-06,7.89336877713685e-05,2.8185066192578192e-06,5.1783058619619116e-05,1.9072507797220826,0.5605182169013239,0.5575827272074138,0.057290259191090875,1.0,0.882517819035096,1.9976832734499235,0.6830039971900403,"[2.31, 5.53]",3.21396195614941e-09,9.343793403012482e-09,6.129831446863072e-09,29.322679483889335,85.24838279307798,55.92570330918865,299.2011951207714,869.8529078086415,0.34396757478747486,,2024.581782592331
Li-S-Sn,1500,Sn,Li81S18Sn9,9.0,27.7,"[0.2, 0.6]",1.7752132180219832e-05,1.9118120622616773e-06,1.3529715809015845e-05,1.4999129852910188e-05,-4.222416371203987e-06,-0.23785404076186298,1.3668129388131085,0.2913159315779099,1.335407292819618,0.0,-0.5709681020003015,0.01166376115551837,-0.44395373952155515,"[2.31, 5.53]",1.0507063602260216e-09,8.007916067920727e-10,-2.499147534339489e-10,9.586151377318709,7.306046536868555,-2.2801048404501536,97.81466084224144,74.54904851516314,1.3120846314000387,,2024.581782592331
Li-S-Sn,2000,Li,Li81S18Sn9,81.0,31.9,"[0.2, 0.6]",0.00027874021420043157,6.5726246452570846e-06,0.0001841481896140281,0.0004836465113958531,-9.459202458640347e-05,-0.3393554993768711,1.5671002735983965,0.16203428668297687,1.5587007915091684,1.0,-0.48718159976823294,-0.1631130264022792,-0.22193936274663473,"[2.65, 6.37]",1.0691166234320735e-07,7.063060177951679e-08,-3.6281060563690565e-08,1354.6774410140974,894.9602015241765,-459.717239489921,9952.854944107796,6575.298884324534,1.5136733887238694,,2108.844138494413
Li-S-Sn,2000,S,Li81S18Sn9,18.0,31.9,"[0.2, 0.6]",0.00012612240289991717,3.628023004202767e-05,0.0003386222926268326,0.00010646067258595376,0.00021249988972691543,1.6848702914068487,1.0916043520292247,0.6761331823564275,0.8569970718069656,1.0,0.5011905383836359,1.853456903096491,0.4106524775583815,"[2.65, 6.37]",1.0749918594693971e-08,2.886213706993591e-08,1.8112218475241937e-08,136.21219513191053,365.7120760369792,229.4998809050687,1000.7549979953518,2686.8973630946407,0.37245747148403535,,2108.844138494413
Li-S-Sn,2000,Sn,Li81S18Sn9,9.0,31.9,"[0.2, 0.6]",9.967657017816954e-05,7.242580224047083e-06,6.0705373249335284e-05,5.574315377941402e-06,-3.897119692883426e-05,-0.3909765038982998,0.10470370495501582,0.09908666000639349,0.0338334101161025,1.0,-0.5870592987944269,-0.3888859787816399,-0.6015407531310587,"[2.65, 6.37]",4.247917065392064e-09,2.5870813023151496e-09,-1.6608357630769146e-09,53.825347896211554,32.780901554641055,-21.0444463415705,395.45641176847226,240.84224645106855,1.6419727751078605,,2108.844138494413
Li-S-Sn,2500,Li,Li81S18Sn9,81.0,32.2,"[0.2, 0.6]",0.0005256867838275982,2.365606815366065e-05,0.00011464352371265605,0.0003512308732091027,-0.0004110432601149422,-0.7819166712202261,0.7540531732630701,0.4385712029734914,0.6133934202699685,1.0,-0.9067879352393028,-0.029645529292320005,0.34429623963201084,"[2.69, 6.44]",1.5321487083287727e-07,3.3413609049796976e-08,-1.198012617830803e-07,2554.837769402127,557.1675252435084,-1997.6702441586185,14263.414778684582,3110.6129747021564,4.585403229101594,,2220.169141478157
Li-S-Sn,2500,S,Li81S18Sn9,18.0,32.2,"[0.2, 0.6]",0.00017922295759770457,4.375613245305988e-05,0.00011244588241019709,0.00017693607183892464,-6.677707518750748e-05,-0.3725921951215626,0.8143853912300457,0.4348160629448965,0.6885917200010573,0.0,-0.7524831310252202,0.11714899486457275,0.4518411781787697,"[2.69, 6.44]",1.1607935516566321e-08,7.282909341619327e-09,-4.325026174946995e-09,193.56079420552092,121.44155300301286,-72.11924120250806,1080.6313910456367,677.9965689386752,1.5938596750382372,,2220.169141478157
Li-S-Sn,2500,Sn,Li81S18Sn9,9.0,32.2,"[0.2, 0.6]",0.0001760716737100118,2.708840131650297e-05,1.6341945914168884e-05,4.6664273107716935e-05,-0.0001597297277958429,-0.9071858319408953,0.3181893080550478,0.20004135822991814,0.24744270196972806,1.0,-0.9828688587375373,-0.582786142277701,-0.48002585531465014,"[2.69, 6.44]",5.701916378669056e-09,5.292186250287516e-10,-5.172697753640304e-09,95.07870380340637,8.824650793651198,-86.25405300975517,530.8153046778544,49.26718089671527,10.774217136366433,,2220.169141478157
Li-S-Ti,1000,Li,Li36S36Ti9,36.0,31.7,"[0.2, 0.6]",3.2030982726583374e-05,4.81025199489286e-06,4.188102174619749e-05,5.715927125214872e-05,9.850039019614114e-06,0.30751597925340274,1.2850773163506557,0.3088872981226942,1.2474022390782635,1.0,0.1933420362002951,0.8111166324456835,0.6358974201002596,"[2.64, 6.33]",1.5231755940155334e-08,1.9915764283841034e-08,4.6840083436857e-09,69.18692268942009,90.46300697178657,21.276084282366483,1417.9880294981697,1854.0420069589022,0.7648090087365542,,1511.9509569178188
Li-S-Ti,1000,S,Li36S36Ti9,36.0,31.7,"[0.2, 0.6]",1.4657550371025652e-06,1.669124972365898e-06,2.9439043253575383e-06,1.5495811692584966e-06,1.4781492882549732e-06,1.0084558816709976,2.0286664968800383,0.717373481764876,1.8975940143307959,0.0,-0.0011194237075319302,1.4336275398222202,-0.18558983460986056,"[2.64, 6.33]",6.970133630858173e-10,1.3999205886929922e-09,7.029072256071749e-10,3.1660308801415407,6.358833342772282,3.1928024626307416,64.88789665086186,130.3244776776833,0.4978949296949549,,1511.9509569178188
Li-S-Ti,1000,Ti,Li36S36Ti9,9.0,31.7,"[0.2, 0.6]",1.0643699341349174e-06,4.318160866482703e-07,4.3738890174000807e-07,9.187530165980083e-07,-6.269810323949093e-07,-0.5890630806896077,0.9456637523532204,0.32566284105661314,0.8878196024360513,0.0,-0.6214004140591654,0.029925268054060927,0.010178338463907366,"[2.64, 6.33]",1.265354797663397e-10,5.199810023864211e-11,-7.45373795276976e-11,0.5747597644328554,0.23619000693960432,-0.338569757493251,11.779718393626506,4.840721187020839,2.433463514736362,,1511.9509569178188
Li-S-Ti,1500,Li,Li36S36Ti9,36.0,34.2,"[0.2, 0.6]",0.00012578136409581808,5.292032577045498e-06,3.6067323517679347e-05,9.258059642890156e-05,-8.971404057813874e-05,-0.7132538371089387,1.2680085832068908,1.0251615233069418,0.7462503723398314,0.0,-1.7818321170272822,0.26849092958660137,0.115678650210989,"[2.85, 6.84]",3.78562410314092e-08,1.0855131857235743e-08,-2.7001109174173456e-08,271.687746446967,77.90541879818738,-193.78232764877964,3524.196214490309,1010.5497417803,3.487404992337816,,1592.5936012443533
Li-S-Ti,1500,S,Li36S36Ti9,36.0,34.2,"[0.2, 0.6]",1.8875437958072404e-05,3.046349570751471e-06,2.5126470009030893e-06,7.991867063630283e-07,-1.6362790957169316e-05,-0.8668827178217334,0.10153808350211346,0.06576135672721595,0.07736553730620642,1.0,-0.9660928866406399,-0.834570173186208,-0.8578673229341012,"[2.85, 6.84]",5.680914132636254e-09,7.562278496246431e-10,-4.9246862830116114e-09,40.77094598943639,5.427317521950672,-35.34362846748572,528.8601175291046,70.40042149795309,7.512172601757525,,1592.5936012443533
Li-S-Ti,1500,Ti,Li36S36Ti9,9.0,34.2,"[0.2, 0.6]",1.5124691628531549e-05,5.44192508945044e-06,7.426883790071146e-08,3.4990797715128603e-06,-1.5050422790630837e-05,-0.995089563494927,0.2980633543992325,0.24260416875895863,0.1731617178723322,1.0,-1.118193428504027,-0.6329850909861097,-0.5912393395051123,"[2.85, 6.84]",1.138014315418097e-09,5.588147037724543e-12,-1.1324261683803724e-09,8.167333479407036,0.04010517246638418,-8.127228306940651,105.94252448637646,0.5202240396774801,203.64788323134192,,1592.5936012443533
Li-S-Ti,2000,Li,Li36S36Ti9,36.0,38.2,"[0.2, 0.6]",0.0002765680274220976,2.9141653014282223e-05,1.4573278664177527e-05,0.00021167072217416193,-0.00026199474875792007,-0.9473067122038086,0.8685978448997348,0.49913061095095873,0.7108662668717559,1.0,-1.2011390336282612,-0.20287781172634378,-0.18602742368281844,"[3.18, 7.64]",6.137850424842081e-08,3.234235188861791e-09,-5.814426905955902e-08,597.3869392317308,31.47828191462346,-565.9086573171073,5713.982329727092,301.0885153626616,18.977749193935853,,1619.8436176044318
Li-S-Ti,2000,S,Li36S36Ti9,36.0,38.2,"[0.2, 0.6]",3.459087266268307e-05,4.308195793259613e-06,9.016747810494295e-06,8.633522933641942e-06,-2.557412485218877e-05,-0.7393315890459843,0.3625318082246806,0.2364139887017963,0.27484129587957395,1.0,-0.8402342600159072,-0.36740628261231456,-0.6104300434143146,"[3.18, 7.64]",7.676722593254606e-09,2.001079079718468e-09,-5.675643513536137e-09,74.71628495139542,19.476175270667678,-55.24010968072774,714.6582958512246,186.2888423546435,3.8362914644705812,,1619.8436176044318
Li-S-Ti,2000,Ti,Li36S36Ti9,9.0,38.2,"[0.2, 0.6]",2.248573179924824e-05,5.363155017815812e-06,5.726814028631441e-06,1.2226815767037322e-05,-1.67589177706168e-05,-0.7453134245413839,0.40417889832897924,0.16856488232147937,0.3673505986144206,1.0,-0.8152166702389502,-0.47808690559599143,-0.6999462912801401,"[3.18, 7.64]",1.2475597754676835e-09,3.177367268937844e-10,-9.298230485738992e-10,12.142295171594048,3.092479575460978,-9.04981559613307,116.14057070287848,29.5794442241254,3.926394621307747,,1619.8436176044318
Li-S-Ti,2500,Li,Li36S36Ti9,36.0,34.9,"[0.2, 0.6]",0.0004266760942907642,3.638827498823549e-05,-9.613542837182097e-07,0.00021876912751155102,-0.0004276374485744824,-1.0022531243174433,1.070178973352761,0.8951307432543928,0.5865355807512513,0.0,-1.4762342620216091,0.31402722448717646,0.2709707435429305,"[2.91, 6.98]",7.211292478613192e-08,-1.624793844375865e-10,-7.22754041705695e-08,921.6203636680506,-2.076525252831333,-923.6968889208819,6713.294548612243,-15.125887197637132,-443.8281510958874,,1701.6200940930096
Li-S-Ti,2500,S,Li36S36Ti9,36.0,34.9,"[0.2, 0.6]",6.310940395669452e-05,8.245050976051196e-06,3.044716134494102e-05,8.160296721254837e-07,-3.26622426117535e-05,-0.5175495340467204,0.10613872532664355,0.10494760177899604,0.015856541073069857,1.0,-0.64757577922067,-0.43768057566267793,-0.6746157498610339,"[2.91, 6.98]",1.0666179243980295e-08,5.145903146199493e-09,-5.520276097780801e-09,136.31631254646015,65.7658685050726,-70.55044404138755,992.9593507058031,479.05370142068074,2.072751651351581,,1701.6200940930096
Li-S-Ti,2500,Ti,Li36S36Ti9,9.0,34.9,"[0.2, 0.6]",3.6768950033511134e-05,6.02148021363763e-06,7.330952636014396e-05,1.9718127060842374e-05,3.6540576326632826e-05,0.9937889521819315,0.7032496136960841,0.5986795370500084,0.3689753800476111,0.0,-0.040194527692397286,1.1571645464076195,-0.17144030985961256,"[2.91, 6.98]",1.553588637675538e-09,3.097527862032866e-09,1.5439392243573277e-09,19.855233018096012,39.58714423447774,19.73191121638173,144.63008071056427,288.36185707390416,0.501557599115812,,1701.6200940930096
Li-Se,1000,Li,Li75Se25,75.0,38.6,"[0.2, 0.6]",7.953065216570235e-05,3.6420790212763062e-06,4.054229089726048e-05,0.00013626437492782282,-3.8988361268441866e-05,-0.49023062437875525,1.6197623121474376,0.3341121843024606,1.5849287038077933,1.0,-0.719363046166226,-0.05113867756130486,0.026228607289141337,"[3.22, 7.72]",6.423202516201097e-08,3.274351936172642e-08,-3.148850580028455e-08,357.8879347456605,182.44030903767217,-175.44762570798835,5979.628556812864,3048.2315158534584,1.9616713906780334,,1854.637789868498
Li-Se,1000,Se,Li75Se25,25.0,38.6,"[0.2, 0.6]",4.222458136057664e-06,7.008813135965755e-06,9.393192142685747e-07,3.1570920822989553e-06,-3.283138921789089e-06,-0.7775420894650767,1.116258665567839,0.10491675593284527,1.111317183696815,1.0,-0.8849956629338959,-0.6751621510682053,-0.7401705728382248,"[3.22, 7.72]",1.1367400696262883e-09,2.528768207103873e-10,-8.83863248915901e-10,6.3336872040864955,1.408978821402862,-4.924708382683633,105.82389960251393,23.54136359023275,4.4952323682057225,,1854.637789868498
Li-Se,1500,Li,Li75Se25,75.0,32.3,"[0.2, 0.6]",0.00021696202916349387,1.418748969085342e-05,7.082693510239944e-07,5.081433031931515e-05,-0.00021625375981246988,-0.9967355147176916,0.383611329744724,0.270304349743106,0.27220068114990453,1.0,-1.0176307662242692,-0.47702206673805714,-0.3389415295371033,"[2.69, 6.46]",1.1024222429647213e-07,3.598841187047762e-10,-1.0988234017776734e-07,976.3291312357223,3.1872120796079746,-973.1419191561143,10262.91092188125,33.50312165812361,306.3270051849861,,1965.2630269035528
Li-Se,1500,Se,Li75Se25,25.0,32.3,"[0.2, 0.6]",4.620672108523984e-05,3.1173106586043454e-06,1.640980308635161e-08,1.1773107975096987e-06,-4.619031128215349e-05,-0.9996448611219118,0.03837859375050482,0.026004554276723435,0.028225513549539404,1.0,-1.002005586263606,-0.949996477710159,-0.9360842406682013,"[2.69, 6.46]",7.826149318267661e-09,2.779369888641182e-12,-7.82336994837902e-09,69.31008162785976,0.024614704629527414,-69.28546692323023,728.5690562512806,0.2587431972469398,2815.799850984865,,1965.2630269035528
Li-Se,2000,Li,Li75Se25,75.0,25.1,"[0.2, 0.6]",0.00037790243731496045,8.187836560777163e-06,0.000708169043655052,0.00048141972049924086,0.0003302666063400916,0.8739467484959165,1.631155231903073,0.8563233213934661,1.3883003132616627,1.0,0.6053150528735924,2.3179616956605247,1.2064680616282808,"[2.09, 5.03]",1.3839454451928385e-07,2.5934400671148535e-07,1.2094946219220148e-07,1700.560967917322,3186.760696447734,1486.1997285304121,12883.728458308975,24143.42105295241,0.5336330932576546,,2045.0639944060465
Li-Se,2000,Se,Li75Se25,25.0,25.1,"[0.2, 0.6]",7.822501659474994e-05,1.7194834906976046e-05,1.6407479077615422e-05,1.1153952664853132e-05,-6.181753751713452e-05,-0.7902527887898638,0.2279012262851866,0.16311422592713992,0.159162552890062,1.0,-0.8252336189226195,-0.49900516706833964,-0.8178469299372817,"[2.09, 5.03]",9.549127387272398e-09,2.0029028389707197e-09,-7.546224548301677e-09,117.33752489212489,24.611218616423134,-92.72630627570176,888.9683093994813,186.45862375073068,4.7676438424639915,,2045.0639944060465
Li-Se,2500,Li,Li75Se25,75.0,25.2,"[0.2, 0.6]",0.0005570685999599843,1.8101866277434235e-05,-3.584799597515581e-05,0.0006966316970354567,-0.0005929165959351402,-1.064351133734213,1.5001416551116948,0.640409407089524,1.356576859861799,0.0,-1.2678793622101492,0.012939451968898785,0.022209122264013725,"[2.1, 5.05]",1.5644420800035735e-07,-1.0067362150974047e-08,-1.665115701513314e-07,2506.808699819929,-161.31598188820112,-2668.12468170813,14564.047316698685,-937.2129565882846,-15.539741757002446,,2133.4641903982765
Li-Se,2500,Se,Li75Se25,25.0,25.2,"[0.2, 0.6]",0.00015615214976615687,5.1559573216870595e-05,-8.305576884596673e-07,1.614017175181751e-05,-0.00015698270745461654,-1.0053189001221148,0.09487944978325655,0.051175835218804144,0.07989457979632478,1.0,-1.0219517217120777,-0.9196000512744694,-0.9169285528400368,"[2.1, 5.05]",1.461764876562444e-08,-7.774981380450801e-11,-1.4695398579428948e-08,234.22822464923527,-1.245836532689501,-235.47406118192478,1360.818217577925,-7.238056183650983,-188.00879449536245,,2133.4641903982765
Li-Se-Sn,1000,Li,Li84Se14Sn7,84.0,32.7,"[0.2, 0.6]",6.663872997157248e-05,3.0972403877706283e-06,0.0001751420578711588,7.386195476697143e-05,0.00010850332789958632,1.628232229904035,1.1096735038948398,0.33074292793226245,1.0592376507984624,1.0,1.0946801803109132,1.756166036175438,1.4474054771510558,"[2.73, 6.54]",5.765059912624057e-08,1.5151916269686287e-07,9.386856357062231e-08,335.8591990567253,882.7159716706403,546.856772613915,5366.936010240006,14105.554197945357,0.38048388137927713,,1939.1753641852983
Li-Se-Sn,1000,Se,Li84Se14Sn7,14.0,32.7,"[0.2, 0.6]",4.952480004136912e-06,1.743472357976303e-06,4.747368998266476e-06,4.6079851756317086e-06,-2.0511100587043642e-07,-0.041415817065208305,0.6444310851345654,0.15337582273127703,0.6259131573063609,0.0,-0.156404137426986,0.15034750803556807,-0.004737074748810466,"[2.73, 6.54]",7.140828352146391e-10,6.845085111419843e-10,-2.9574324072654804e-11,4.160083203475006,3.987789958543839,-0.1722932449311667,66.47696538618163,63.72376754869734,1.0432051955399577,,1939.1753641852983
Li-Se-Sn,1000,Sn,Li84Se14Sn7,7.0,32.7,"[0.2, 0.6]",5.431080620600276e-07,6.117828027871868e-07,8.561524015205954e-07,8.347838484691708e-07,3.1304433946056783e-07,0.5763942046324627,6.402238126517795,5.94100585762081,2.3860223025682954,0.0,-0.38053803992689517,11.501473675314724,1.6423726647522559,"[2.73, 6.54]",3.915453918640711e-11,6.172298865850682e-11,2.2568449472099714e-11,0.22810538606521158,0.35958400863865003,0.13147862257343845,3.6450602336972637,5.7460518279366175,0.6343590943568272,,1939.1753641852983
Li-Se-Sn,1500,Li,Li84Se14Sn7,84.0,33.1,"[0.2, 0.6]",0.0001909248705950698,2.126963468397104e-06,0.00010702551333238578,0.00011791750198378499,-8.389935726268403e-05,-0.43943650191401795,0.563763220112546,0.08526735823426651,0.5572777099179692,1.0,-0.710129779627975,-0.539595063159442,-0.41712721805053987,"[2.76, 6.63]",1.050228630259543e-07,5.8871983476833886e-08,-4.6150879549120414e-08,962.2613477991517,539.4085871952243,-422.85276060392744,9777.018695646882,5480.6398008838605,1.7839192230932863,,2033.2069758130276
Li-Se-Sn,1500,Se,Li84Se14Sn7,14.0,33.1,"[0.2, 0.6]",3.240480949828796e-05,1.4773848187275106e-05,1.175534185725094e-05,3.052097724819027e-05,-2.0649467641037017e-05,-0.6372346562360748,0.41121016973390634,0.18604293931253285,0.36671764127805645,1.0,-0.680992694217611,-0.3089068155925453,-0.6234232090745759,"[2.76, 6.63]",2.9708421072589866e-09,1.0777185583081502e-09,-1.893123548950836e-09,27.220039978561882,9.874487160090789,-17.34555281847109,276.5681489497002,100.32933962789048,2.7566029037513693,,2033.2069758130276
Li-Se-Sn,1500,Sn,Li84Se14Sn7,7.0,33.1,"[0.2, 0.6]",5.058986744890669e-05,2.443140660530145e-05,8.615439592074862e-06,4.131880294472009e-05,-4.197442785683183e-05,-0.8297002932301406,0.5054182209176511,0.1436675950907076,0.4845690870829629,1.0,-0.8915461693582338,-0.6042109791768187,-0.4334254480660441,"[2.76, 6.63]",2.3190154601248817e-09,3.949276528540378e-10,-1.924087807270844e-09,21.247744328540808,3.6184846286714416,-17.629259699869365,215.88687316143657,36.76547119485446,5.872000715487937,,2033.2069758130276
Li-Se-Sn,2000,Li,Li84Se14Sn7,84.0,18.1,"[0.2, 0.6]",0.00039558320023969795,2.611951541731828e-05,0.0005885684255223384,0.00017288244175168803,0.00019298522528264048,0.48784990152691987,0.7345725291578113,0.5837919847191286,0.4458516784436325,0.0,-0.09253389089587472,1.0750500785423824,0.5891528547049019,"[1.51, 3.61]",1.5450011354304492e-07,2.2987297872091732e-07,7.53728651778724e-08,1993.7393292080776,2966.3848646325855,972.6455354245079,14383.063411788857,21399.839480885497,0.672110808337414,,2147.698132858483
Li-Se-Sn,2000,Se,Li84Se14Sn7,14.0,18.1,"[0.2, 0.6]",0.00017171515675574214,4.6338771104544816e-05,9.08468295935677e-05,3.414543382145251e-05,-8.086832716217444e-05,-0.4709446078612988,0.2427849741524131,0.1904016848095056,0.15063778442306427,1.0,-0.6425248686678319,-0.2617214990488207,-0.35033659523755867,"[1.51, 3.61]",1.1177594329818371e-08,5.913566551329381e-09,-5.264027778488991e-09,144.2407316748234,76.31133685859686,-67.92939481622653,1040.5691254863575,550.5187067316102,1.8901612474971854,,2147.698132858483
Li-Se-Sn,2000,Sn,Li84Se14Sn7,7.0,18.1,"[0.2, 0.6]",0.0001458001345637679,1.8575881268733363e-05,4.428080070041838e-05,8.158967328628352e-06,-0.00010151933386334951,-0.696291084827144,0.22174657970457096,0.16208423820770207,0.15132827011270739,1.0,-0.7579514214038534,-0.43378294498844927,-0.42556486403615623,"[1.51, 3.61]",4.745343358667232e-09,1.4412030835835423e-09,-3.3041402750836902e-09,61.23605651678251,18.597936294175717,-42.638120222606794,441.7639111922479,134.16763823071554,3.29262642629654,,2147.698132858483
Li-Se-Sn,2500,Li,Li84Se14Sn7,84.0,32.9,"[0.2, 0.6]",0.0004870961873848767,3.317898592264528e-05,0.00013410475340549596,0.0005977545346002092,-0.00035299143397938073,-0.7246852739179136,1.059149364577406,0.32442257269942554,1.0082397387565165,1.0,-0.7271963425132759,-0.07835119711442484,-0.0007676478007031529,"[2.74, 6.57]",1.4669336181437426e-07,4.038684272598484e-08,-1.0630651908838943e-07,2454.9647844197784,675.8879571636995,-1779.076827256079,13656.300158490156,3759.78053742947,3.6322067265731555,,2228.222004141087
Li-Se-Sn,2500,Se,Li84Se14Sn7,14.0,32.9,"[0.2, 0.6]",0.000194347122496401,1.3559970816281786e-05,4.2848855166969926e-05,6.934276947390761e-05,-0.00015149826732943107,-0.77952410811864,0.4085258605179659,0.13364193106997468,0.386048200321971,1.0,-0.8208286298656324,-0.5535447677256831,-0.44142215142185826,"[2.74, 6.57]",9.754894925034754e-09,2.150719158805989e-09,-7.604175766228763e-09,163.25158289697683,35.993038340254735,-127.25854455672209,908.1240723038176,200.21946478011682,4.5356432917305485,,2228.222004141087
Li-Se-Sn,2500,Sn,Li84Se14Sn7,7.0,32.9,"[0.2, 0.6]",0.0001503620328222377,6.764358856007999e-05,8.317170105403117e-05,7.109184371737586e-05,-6.719033176820653e-05,-0.44685703237093677,0.5272475931075565,0.26116533215928756,0.45802040753206674,1.0,-0.5405933853296014,-0.01826272101102633,-0.42572142498062415,"[2.74, 6.57]",3.773572286676685e-09,2.0873249732151317e-09,-1.6862473134615534e-09,63.15205378533983,34.93211444269309,-28.21993934264674,351.29766731930766,194.31783422216915,1.8078508785645422,,2228.222004141087
